time_s,load_MW,measured_frequency_Hz,model_frequency_Hz,measured_electrical_power_MW,model_electrical_power_MW,measured_gate_pu,model_gate_pu,measured_flow_m3s,model_flow_m3s,frequency_residual_Hz,power_residual_MW
0.0,75.0,50.0021749891394,50.00000319761847,75.02503227369313,75.0000047964277,0.5386766076367864,0.5388825895269852,22.149035584025082,22.148097682660005,0.002171791520929389,0.02502747726542509
0.05,75.02424619330412,50.001499631660096,49.999947935033454,75.02405482789618,75.02416807060675,0.5386748772579129,0.5388826294037432,22.144344068198116,22.14809774453299,0.0015516966266417853,-0.00011324271056878388
0.1,75.04846672046439,50.001205085849456,49.99978304594258,75.05993000889137,75.04814107907723,0.5391824207659949,0.5388829474069595,22.145460550262857,22.148099454155172,0.0014220399068776146,0.011788929814144922
0.15,75.07263595520261,50.00230833624257,49.99950894669841,75.07528572478664,75.07189866188772,0.5386003749626482,0.5388838049921885,22.15101005825238,22.148106661187764,0.0027993895441582595,0.003387062898923432
0.2,75.09672835090353,49.9995609784255,49.99912622425929,75.0473629969902,75.09541599691474,0.5385250554369451,0.5388854465923526,22.147769255360302,22.148124830019327,0.0004347541662070853,-0.048052999924536266
0.25,75.12071848027595,49.999139687018115,49.99863556789458,75.12213904173345,75.11866853787441,0.5388924996516038,0.5388881006295677,22.144659806015426,22.148160480199603,0.0005041191235335418,0.0034705038590345794
0.3,75.14458107480948,49.994691033333325,49.99803782855102,75.12018132370738,75.14163214377888,0.5388443425619608,0.5388919801698728,22.155292916105836,22.148220757322058,-0.0033467952176948756,-0.021450820071493126
0.35,75.1682910639596,49.994687678424526,49.99733405737633,75.20036406288807,75.16428317693767,0.5389730891171137,0.5388972833877056,22.149072184729953,22.148313131111024,-0.0026463789518018643,0.0360808859503976
0.4,75.1918236139938,49.995422274124586,49.99652553281503,75.17404617151882,75.18659858351931,0.5385085519670862,0.5389041939527623,22.151470000018207,22.14844515390144,-0.0011032586904420327,-0.012552412000488289
0.45,75.21515416643273,49.994592602690915,49.995613774736626,75.21810172754105,75.20855595424486,0.53901630256408,0.5389128812982231,22.147960832947234,22.14862430488679,-0.0010211720457107276,0.009545773296196103
0.5,75.23825847601996,49.99842792763594,49.99460055328854,75.24508039623873,75.23013357667388,0.538958039026788,0.5389235008856749,22.152366860866735,22.148857853676777,0.003827374347395107,0.014946819564855218
0.55,75.26111264815611,49.99526903494162,49.99348789040615,75.2157262788811,75.25131047588172,0.5388175946704814,0.5389361944099579,22.151254346911696,22.149152777111006,0.0017811445354709576,-0.03558419700061677
0.6,75.2836931757329,49.98951406459174,49.99227805898908,75.29941704468825,75.27206645097716,0.5388191494607704,0.5389510899767822,22.150508564314816,22.149515692925398,-0.0027639943973412073,0.027350593711091165
0.65,75.30597697530435,49.990116616185944,49.99097357583187,75.28409122514545,75.29238210149286,0.5391174586596716,0.5389683023483423,22.150410645102,22.149952804406837,-0.0008569596459295781,-0.008290876347416543
0.7,75.32794142253336,49.988318805279235,49.98957719651759,75.26081499387591,75.31223885592973,0.5393414272712567,0.5389879330888835,22.14990404031602,22.15046987501439,-0.0012583912383519191,-0.051423862053823655
0.75,75.34956438685307,49.99155956367586,49.98809190435625,75.34052681038501,75.3316189904644,0.5394095158393334,0.5390100708100488,22.156550036378615,22.151072201324236,0.0034676593196039107,0.008907819920608517
0.8,75.37082426528387,49.98247656596893,49.986520902834584,75.34271177018026,75.35050565200969,0.5391308214263376,0.5390347913100112,22.154791653148113,22.151764597547626,-0.004044336865653975,-0.007793881829428528
0.85,75.39170001534836,49.984676427654904,49.98486759813761,75.3683878740049,75.36888286531395,0.5393351290174655,0.5390621579521911,22.156436276694095,22.152551385294167,-0.00019117048270800296,-0.0004949913090541713
0.9,75.41217118702845,49.98445183531701,49.98313559631572,75.39241935895096,75.38673556107632,0.5394839237716308,0.5390922217066362,22.157742028369668,22.1534363911667,0.0013162390012908531,0.005683797874638685
0.95,75.43221795370947,49.98126178186002,49.98132867856488,75.40821891573712,75.4040495699499,0.539360014950388,0.5391250217120406,22.162347014909805,22.154422949203717,-6.689670485826582e-5,0.004169345787218504
1.0,75.45182114205946,49.98042844802552,49.979450807436535,75.41919733135035,75.42081166202122,0.5393827837946299,0.5391605849976779,22.15848216983001,22.155513889051175,0.0009776405889851958,-0.0016143306708755745
1.05,75.47096226079225,49.98059698461631,49.97750609061834,75.47187319105235,75.43700952107143,0.5395490152745789,0.539198927393532,22.162688129758735,22.156711556745822,0.0030908939979710226,0.03486366998092194
1.1,75.48962352826575,49.97482402128075,49.97549877661349,75.46195165037449,75.45263176567717,0.5395197110822001,0.5392400536479272,22.166167148648544,22.158017817484982,-0.0006747553327386413,0.00931988469731948
1.15,75.50778789886853,49.975868527435345,49.973433255092345,75.47387358906948,75.46766797607552,0.5395696047864236,0.5392839573809058,22.170833389142032,22.159434053488322,0.0024352723429998946,0.00620561299396627
1.2,75.52543908814991,49.97390566955492,49.97131402006961,75.50968508544298,75.48210866355159,0.5396392141361833,0.53933062205136,22.168657332413478,22.160961192339595,0.0025916494853035488,0.027576421891396308
1.25,75.54256159665123,49.973204121965956,49.969145680181114,75.5012983725661,75.49594530954242,0.539567881461754,0.5393800205093597,22.17047558227906,22.162599689527205,0.0040584417848421594,0.005353063023676441
1.3,75.55914073239798,49.96525012783286,49.966932927390104,75.51489896810487,75.50917034053919,0.5397804075524094,0.5394321159331088,22.17815298339927,22.164349561267148,-0.0016827995572441523,0.005728627565687816
1.35,75.57516263201474,49.96779988395285,49.96468052198626,75.53178232558304,75.52177712611541,0.5396484562222836,0.5394868623323045,22.17587871370246,22.166210402107154,0.0031193619665899064,0.01000519946762779
1.4,75.5906142804275,49.96439228877667,49.96239329258567,75.50884770244136,75.53375999813724,0.5395546620080305,0.5395442045481385,22.183956796527134,22.16818138492672,0.0019989961909985254,-0.024912295695884268
1.45,75.60548352912058,49.96029472852269,49.9600761296339,75.56889276821286,75.54511425865292,0.5401939863823839,0.5396040783381587,22.18487984693252,22.170261263243813,0.00021859888879305345,0.023778509559946315
1.5,75.6197591129171,49.95880075544986,49.95773394191451,75.55943277211716,75.55583613029556,0.5402812162846221,0.5396664118886603,22.188621873798397,22.172448426511846,0.0010668135353455455,0.00359664182160202
1.55,75.63343066525539,49.95615970309329,49.95537168258481,75.53888576786211,75.56592281023681,0.5402993152390164,0.5397311246004963,22.187094624558572,22.17474085394761,0.0007880205084802583,-0.02703704237470106
1.6,75.64648873193613,49.95553999078038,49.95299430454103,75.62428771928194,75.57537241569865,0.5402323489339405,0.5397981288821244,22.191039907133444,22.1771361828619,0.0025456862393511415,0.04891530358328566
1.65,75.65892478331722,49.949480215685014,49.95060675639398,75.56422936453515,75.58418398926139,0.5401395377210577,0.5398673303334396,22.191608625069257,22.179631715716685,-0.0011265407089666724,-0.01995462472623899
1.7,75.67073122493657,49.950782751502196,49.94821398246913,75.60653951932551,75.59235750866081,0.5404929824739635,0.5399386277457753,22.195014710646156,22.18222442012509,0.002568769033068463,0.014182010664697486
1.75,75.6819014065458,49.94805322296747,49.94582091680546,75.60454146612794,75.59989388589328,0.5406962678567175,0.5400119131381051,22.20303240277636,22.184910930698745,0.0022323061620070916,0.004647580234660609
1.8,75.69242962954002,49.94554781898801,49.943432437487765,75.63734164845793,75.60679490464457,0.540546017972897,0.5400870737806996,22.207904846117124,22.18768762764295,0.0021153815002463716,0.030546743813360422
1.85,75.70231115277238,49.94050103335279,49.94105339842857,75.61686230178293,75.61306327330121,0.5406659277305492,0.5401639903662847,22.20835430561883,22.190550564304466,-0.0005523650757837117,0.003799028481722644
1.9,75.71154219674443,49.94279642012705,49.938688587032296,75.6278626946058,75.61870256414349,0.5407579678035422,0.5402425391437278,22.213590505242113,22.193495552055435,0.004107833094757041,0.00916013046230546
1.95,75.72011994616622,49.941060492107546,49.9363427190218,75.59748660481287,75.6237172071439,0.5409941607261334,0.5403225922307209,22.21371796374705,22.196518172545098,0.00471777308574417,-0.02623060233102592
2.0,75.7280425508831,49.93867723053244,49.934020438438495,75.67917864064793,75.62811248997474,0.5409518881380059,0.54040401761378,22.22213654096195,22.19961377769979,0.004656792093946649,0.05106615067319353
2.05,75.73530912516887,49.93377691318721,49.931726318146694,75.6466273039147,75.63189455716339,0.5410007871992198,0.540486679007358,22.218394708628413,22.202777484591714,0.0020505950405151907,0.014732746751306536
2.1,75.74191974538785,49.93332279888773,49.92946482456247,75.64826654472462,75.63507035344354,0.5408793101850182,0.5405704374825533,22.23110250081796,22.20600424440701,0.0038579743252569187,0.013196191281082292
2.15,75.74787544603103,49.92783394969369,49.92724032479605,75.64540652853447,75.63764762973419,0.5410576088914887,0.5406551510498274,22.23514164036952,22.20928882055161,0.0005936248976396996,0.007758898800275915
2.2,75.7531782141349,49.93076357981332,49.92505707761755,75.65270380679159,75.63963492303239,0.54157357676961,0.5407406748366018,22.23971794218924,22.212625799252034,0.005706502195771179,0.013068883759203231
2.25,75.75783098209357,49.928946740848204,49.92291921377265,75.65968802123643,75.641041518594,0.5413247837439163,0.5408268626141819,22.235029586409205,22.2160096509949,0.006027527075552541,0.018646502642440055
2.3,75.76183761887822,49.926633983801956,49.920830735982506,75.66693983852011,75.64187744038023,0.5414239390268981,0.540913566797758,22.241196976578774,22.21943473052694,0.005803247819450519,0.025062398139880315
2.35,75.76520291968066,49.92168723261232,49.91879551894385,75.6439740970059,75.64215343997652,0.5413671374425558,0.5410006384464049,22.24181067172127,22.222895276855024,0.0028917136684682987,0.0018206570293699542
2.4,75.76793259399967,49.92456434156529,49.91681730672495,75.66215085119532,75.64188098005864,0.5417126651398515,0.5410879271192403,22.24911117379468,22.22638540955844,0.007747034840342337,0.020269871136676443
2.45,75.770033252193,49.92025581214332,49.914899680640254,75.62640458236794,75.64107217163979,0.5413414067486703,0.541175283156422,22.25519146019327,22.22989922727725,0.005356131503063466,-0.014667589271851966
2.5,75.77151239051912,49.92092072605341,49.91304607696929,75.62688011359401,75.6397397853926,0.5419522321014266,0.5412625559286509,22.25766075458101,22.233430727470484,0.007874649084122609,-0.012859671798594263
2.55,75.77237837469637,49.91967565897892,49.91125976997704,75.63128175464675,75.63789720896924,0.5419170753246617,0.5413495951887105,22.25858931847738,22.23697386818634,0.008415889001874177,-0.006615454322485448
2.6,75.77264042200923,49.91541987328396,49.90954386573348,75.66082744775137,75.6355584192944,0.541885401321328,0.5414362519506932,22.265273304375075,22.240522604091613,0.005876007550476459,0.025269028456975207
2.65,75.77230858199435,49.918773763136706,49.90790130211368,75.61487451249909,75.63273796286951,0.5419602162704615,0.5415223784899991,22.263921357012666,22.244070886471743,0.010872461023026858,-0.01786345037042736
2.7,75.771393715741,49.91527992381782,49.906334848797655,75.64371624022401,75.62945093475706,0.5418500506769529,0.5416078283433359,22.270036941687007,22.24761266323076,0.00894507502016495,0.014265305466949485
2.75,75.76990747384356,49.91408786029671,49.90484710439459,75.65752906197707,75.62571295192575,0.5423556326488331,0.5416924561529616,22.27437772140941,22.251141874454753,0.009240755902119702,0.031816110051323676
2.8,75.7678622730453,49.91169357767941,49.903440479452584,75.64697196737589,75.62154010396556,0.542323312877876,0.5417761196759503,22.27288948654036,22.254652545571542,0.008253098226823852,0.025431863410332767
2.85,75.76527127161586,49.91054210035805,49.90211720241671,75.63467178585837,75.61694893738142,0.5422132480574238,0.5418586783995342,22.27981033487252,22.25813871594229,0.008424897941338827,0.01772284847695005
2.9,75.76214834350593,49.91038099472948,49.900879313282026,75.60071576552554,75.61195642008519,0.5426296257250341,0.5419399943737565,22.277733969445443,22.261594482428634,0.009501681447453336,-0.01124065455965706
2.95,75.75850805132606,49.90531946923959,49.89972866323893,75.6086144776657,75.60657991385945,0.5425141032711512,0.5420199331390083,22.28704383095994,22.265014039513336,0.00559080600066153,0.002034563806248002
3.0,75.75436561819724,49.909613283086316,49.8986669146732,75.61894726141105,75.60083714629592,0.5421961654296674,0.542098363726027,22.28486168935998,22.268391679300272,0.010946368413115692,0.018110115115135272
3.05,75.74973689852389,49.90593651202258,49.89769554116597,75.57068926325773,75.59474618171942,0.5425556770909676,0.5421751586558976,22.28876992532677,22.27172179151447,0.00824097085660469,-0.024056918461681676
3.1,75.74463834774114,49.90547408916704,49.89681582664401,75.59536674848715,75.58832538985995,0.5425245344261931,0.5422501938867624,22.291118686397667,22.274998861208257,0.00865826252303492,0.007041358627205341
3.15,75.73908699109037,49.9072465595914,49.89602885866205,75.61688224254992,75.58159340472321,0.5424882800293594,0.5423233494079681,22.29567539341038,22.27821750508481,0.011217700929350372,0.03528883782671244
3.2,75.7331003914783,49.908079891797684,49.89533553658766,75.6079002931926,75.57456910517776,0.5426119606780234,0.5423945101987968,22.297082505250888,22.281372505339338,0.012744355210024594,0.03333118801484147
3.25,75.7266966164773,49.90934786766614,49.894736555675536,75.58528018741349,75.567271558214,0.5429583555938713,0.5424635648509963,22.299126525184587,22.284458748047754,0.014611311990606168,0.018008629199485426
3.3,75.71989420452464,49.90828598757154,49.89423242321396,75.6040897264135,75.55972001003447,0.5424693109535412,0.5425304070874727,22.297942929342238,22.287471297689926,0.01405356435758165,0.04436971637903753
3.35,75.71271213038168,49.90552115882703,49.89382345852471,75.57490519861494,75.55193385198731,0.5431053445309884,0.5425949357622903,22.29800569195632,22.290405397149687,0.011697700302320868,0.02297134662762801
3.4,75.70516976991321,49.90838248073231,49.89350979296317,75.57044914589781,75.54393258586208,0.5426902266228084,0.5426570548606718,22.304505032318403,22.293256467714837,0.01487268776913453,0.026516560035730663
3.45,75.69728686425016,49.90789056853912,49.89329136991822,75.5379664605914,75.53573578860632,0.5426875702850749,0.5427166734989977,22.30757016818729,22.29602010907712,0.014599198620906861,0.0022306719850888612
3.5,75.6890834833987,49.9054020940714,49.893167940383435,75.53265369866445,75.52736306981829,0.5429895963610173,0.5427737058555185,22.31067603945847,22.29869209594619,0.0122341536879631,0.005290628846154277
3.55,75.68057998936021,49.90887550099474,49.89313908607608,75.55194678399026,75.5188340704811,0.5427152609156175,0.5428280720547304,22.30834671188702,22.30126843365624,0.015736414918656294,0.0331127135091549
3.6,75.67179699882739,49.90609563482462,49.89320419535735,75.52012790363125,75.51016838984249,0.5433769492818661,0.5428796977584164,22.30828678511058,22.303745321041205,0.012891439467267674,0.00995951378875759
3.65,75.66275534552233,49.906890026024506,49.893362473538225,75.53545137218855,75.50138556401575,0.542589899347718,0.5429285142677726,22.307034661309263,22.306119163384853,0.01352755248628057,0.03406580817279803
3.7,75.6534760422434,49.90626754436275,49.89361296030442,75.50585688154362,75.4925050550671,0.5427235211748839,0.5429744588986304,22.308632215517207,22.308386596669603,0.012654584058331864,0.013351826476522888
3.75,75.64398024268749,49.905907551359114,49.893954529716424,75.50058067615097,75.48354621350835,0.5425448490750183,0.5430174749814578,22.31005254711801,22.31054448757654,0.01195302164268952,0.01703446264262709
3.8,75.63428920311534,49.906933727470154,49.89438589020951,75.47364650409448,75.47452824063886,0.5430012517630354,0.5430575118613585,22.30784950079301,22.312589933485405,0.012547837260640904,-0.0008817365443860581
3.85,75.62442424392744,49.90782654010444,49.89490558459368,75.47893007884734,75.46547015080033,0.5429475724539894,0.5430945248980721,22.3166221514086,22.314520262474613,0.012920955510757892,0.013459928047012681
3.9,75.61440671121834,49.906422989141895,49.89551198579325,75.46875302286773,75.4563907271648,0.5426129613294913,0.5431284754932107,22.314244303101123,22.316333032061458,0.01091100334864592,0.01236229570292835
3.95,75.6042579383771,49.907256146048546,49.89620334264397,75.48463209879837,75.44730855325938,0.5427211018732833,0.5431593310769682,22.319598445635105,22.318026049729305,0.011052803404574263,0.03732354553899597
4.0,75.59399920780132,49.912808967950916,49.89697773358504,75.45020636007632,75.43824190528615,0.542861310492972,0.5431870654418006,22.311400544543964,22.319597366694385,0.015831234365876412,0.011964454790174273
4.05,75.58365171279257,49.91234698685193,49.89783309131016,75.43026878214272,75.42920875193286,0.5429204066726727,0.5432116585344179,22.318000374764264,22.321045277547366,0.014513895541767852,0.0010600302098566772
4.1,75.57323651969995,49.91137558688776,49.898767223927905,75.40708553434084,75.42022674910709,0.5429277121671752,0.5432330963554055,22.31223634738236,22.322368325774278,0.01260836295985257,-0.013141214766250187
4.15,75.56277453037853,49.91092327887779,49.899777814961745,75.4405413832284,75.41131320295878,0.5429269120240151,0.5432513709592239,22.319043922991227,22.323565303756546,0.011145463916044207,0.02922818026962659
4.2,75.55228644502859,49.91238939585596,49.9008624233501,75.42390046818252,75.4024850332582,0.5430376610525701,0.5432664804542087,22.31408754534206,22.324635252770964,0.011526972505862432,0.02141543492432163
4.25,75.54179272548119,49.910304778169724,49.90201848344625,75.42241657958343,75.39375873719254,0.543271213393287,0.543278429002571,22.309210715382367,22.325577462989713,0.008286294723475862,0.02865784239088498
4.3,75.5313135589942,49.91624434123375,49.9032433008088,75.4009263495984,75.38515034728333,0.5426642172304591,0.5432872269545708,22.311108363163857,22.326391475665293,0.013001040424946098,0.015776002315064375
4.35,75.52086882262292,49.91764398338656,49.9045341079124,75.38727357939484,75.37667548035526,0.5428048485196414,0.5432928899418075,22.30884936340031,22.3270770606387,0.013109875474164312,0.01059809903958353
4.4,75.51047804822713,49.91903661294768,49.90588802157812,75.37766504171364,75.36834923861313,0.542874085150298,0.5432954397535416,22.309557640893487,22.327634246844752,0.013148591369557039,0.00931580310050606
4.45,75.50016038817671,49.9183886368537,49.90730205351085,75.38791332833298,75.36018619162499,0.5430509074647633,0.5432949042275264,22.317050450986358,22.32806331346351,0.011086583342851952,0.02772713670799476
4.5,75.48993458181519,49.923176721277734,49.90877314549202,75.37486854655585,75.35220039623695,0.5428001388852043,0.5432913164752887,22.31122378126154,22.328364771580606,0.01440357578571394,0.0226681503188928
4.55,75.47981892274083,49.92281113945961,49.91029816937982,75.32949567819365,75.34440536409585,0.543008486329533,0.5432847148821296,22.308172694634536,22.32853936418727,0.012512970079789909,-0.014909685902196657
4.6,75.46983122696187,49.92032916029275,49.91187392710905,75.34456283237174,75.33681403000637,0.542392944509687,0.5432751431071235,22.3090644864453,22.328588066180284,0.008455233183703115,0.007748802365370011
4.65,75.45998880198177,49.92449586676283,49.913497150691136,75.31285401740578,75.32943872117804,0.5427056871430057,0.543262650083119,22.30684399210552,22.32851208436201,0.01099871607169689,-0.01658470377225285
4.7,75.45030841686919,49.92781663874795,49.91516450221421,75.32438333795112,75.32229112741646,0.5427197562272194,0.5432472900167382,22.299394516240532,22.32831285744039,0.0126521365337382,0.002092210534655692
4.75,75.44080627336402,49.92359669935856,49.91687259024746,75.3587516250381,75.31538229706105,0.5425672104574774,0.5432291224563986,22.30476878899047,22.327992052115412,0.006724109111104326,0.04336932797704662
4.8,75.43149797807075,49.92971373185883,49.91861802799289,75.33484397949881,75.30872269693265,0.542738297841777,0.5432082098429599,22.306705706294988,22.327551491616482,0.01109570386594072,0.02612128256616586
4.85,75.42239851578734,49.92623600029541,49.920397339883635,75.34676278484541,75.30232204470306,0.5424677419032621,0.5431846213036678,22.291693012826173,22.326993280872024,0.00583866041177572,0.044440740142349
4.9,75.41352222401602,49.931794525160136,49.922207041550735,75.29119579010894,75.29618940399831,0.5423937481295065,0.543158429782133,22.302823876645036,22.32631970811236,0.009587483609401204,-0.004993613889368476
4.95,75.40488276870089,49.93050186060098,49.92404364086101,75.29344257134329,75.29033316157262,0.5423200082112474,0.5431297119917434,22.298789501530507,22.325533243393217,0.00645821973996874,0.0031094097706727553
5.0,75.39649312123393,49.93580084996209,49.92590363791704,75.27190700747957,75.284761004152,0.5423405728042471,0.5430985484156654,22.293140246970587,22.324636538595698,0.009897212045054005,-0.012853996672433254
5.05,75.38836553676995,49.939631659145775,49.92778352505717,75.30917034807018,75.27947989655462,0.5424918716855789,0.5430650233068425,22.296085307190825,22.323632427426315,0.01184813408860208,0.029690451515563154
5.1,75.38051153388763,49.93867453100284,49.92967978685553,75.29421182852266,75.27449606112758,0.5424457130700129,0.5430292246879962,22.3041707716637,22.322523925416952,0.008994744147308609,0.01971576739508407
5.15,75.37294187563236,49.941450662896806,49.93158889807359,75.28552199662465,75.26981495544942,0.5423983769256124,0.5429912445567707,22.28903776048787,22.321314237310002,0.009861764823213548,0.015707041175232916
5.2,75.36566655197339,49.94128099186871,49.93350737411752,75.29188890414486,75.26544133056491,0.5418271583916786,0.5429511775622438,22.290060383831275,22.320006700910515,0.007773617751190898,0.02644757357994365
5.25,75.35869476370554,49.94021474190867,49.93543176266721,75.29283469235449,75.26137920193368,0.5422449655520497,0.5429091203918919,22.2869818587974,22.31860477627641,0.00478297924146176,0.03145549042081086
5.3,75.35203490782351,49.94677494375478,49.937358614111545,75.28749296608852,75.25763178990067,0.5420114306011325,0.54286517422884,22.286813902371893,22.317112135043814,0.00941632964323702,0.029861176187850447
5.35,75.34569456439345,49.944973309424284,49.93928453129306,75.26632327273435,75.25420158118293,0.541634063483205,0.5428194420430938,22.27801439443624,22.315532555849778,0.005688778131222705,0.012121691551428171
5.4,75.33968048494484,49.94896150448776,49.941206169507744,75.26470936638638,75.25109031686938,0.5422122826514302,0.54277202859154,22.283115444516607,22.313869924332252,0.007755334980018347,0.0136190495170041
5.45,75.3339985824016,49.94748060749553,49.94312023650523,75.25540985778012,75.24829898195195,0.5416694280593168,0.5427230404179455,22.280240314870515,22.312128233130107,0.004360370990298179,0.007110875828175267
5.5,75.32865392257041,49.945438109907855,49.94502349248867,75.23294916231647,75.24582779640657,0.5418400329413613,0.5426725858529589,22.27934609521635,22.310311581883134,0.00041461741918169537,-0.01287863409010015
5.55,75.32365071719973,49.94915808641146,49.946912750114784,75.25784655057541,75.24367620784192,0.5418744574503935,0.5426207750141092,22.27624340750522,22.308424177232038,0.0022453362966743384,0.014170342733493158
5.6,75.3189923186215,49.94873270194268,49.94878487520477,75.23710856507034,75.24184288680051,0.5420408219721532,0.5425677201632001,22.27876016344784,22.30647034723515,-5.217326209105977e-5,-0.004734321730168745
5.65,75.31468121598391,49.9514241076704,49.95063684182629,75.24968699115409,75.24032580555057,0.5415496672558645,0.5425135331018075,22.266493786443903,22.304454431372395,0.0007872658441101521,0.009361185603523836
5.7,75.31071903308124,49.95169060047101,49.952465691531025,75.23824120268559,75.23912217409045,0.5417468437492751,0.5424583269127266,22.26712543050126,22.302380860984236,-0.0007750910600137217,-0.0008809714048680917
5.75,75.30710652778384,49.95337840300707,49.95426854644532,75.25601015935457,75.23822845889359,0.5416441274141476,0.5424022161988747,22.269345046273713,22.300254166318286,-0.0008901434382480033,0.01778170046098637
5.8,75.30384359306817,49.95822144800948,49.9560426298994,75.2596803104774,75.2376404146118,0.5417781189574126,0.5423453152328923,22.274315487445953,22.298078898709317,0.002178818110081693,0.0220398958656034
5.85,75.30092925964475,49.95722970332452,49.957785266427464,75.23975681390738,75.23735308631555,0.5415859445667752,0.542287737957142,22.268078543209654,22.29585963057923,-0.000555563102942358,0.0024037275918260548
5.9,75.29836170017798,49.955731900380954,49.9594938817676,75.23702051616063,75.2373608133433,0.541532765102339,0.5422295979837088,22.26133932344515,22.293600955437064,-0.0037619813866456298,-0.00034029718267447606
5.95,75.2961382350901,49.958600341171035,49.96116600286179,75.21912597283831,75.23765723475529,0.5410895016278413,0.5421710085944003,22.256559238474196,22.291307487878992,-0.002565661690752563,-0.018531261916976405
6.0,75.29425533993765,49.957497639859966,49.96279925785599,75.26643607186038,75.23823529638113,0.5413846979861151,0.5421120827407464,22.257495158446694,22.28898386358833,-0.005301617996025243,0.02820077547924882
6.05,75.29270865434714,49.96318173502975,49.96439138281863,75.24382776457682,75.23908726956671,0.5411018058160587,0.542052933381658,22.256407994567194,22.286634754580845,-0.0012096477888832169,0.00474049501011109
6.1,75.29149299249265,49.961026466035456,49.965940254528526,75.2262016268624,75.24020481074282,0.541169717420033,0.5419936704472853,22.256055108693847,22.28426473465995,-0.004913788493070115,-0.014003183880419101
6.15,75.29060235509658,49.96778395136339,49.96744386072304,75.22984620784842,75.2415789283662,0.5416016077414904,0.5419344038659251,22.251423597309227,22.28187841855795,0.00034009064034989933,-0.01173272051777019
6.2,75.29002994293118,49.966434607916334,49.96890031818508,75.25383582565011,75.24320002342996,0.5410694867547853,0.541875242274888,22.257846457401598,22.279480402713993,-0.0024657102687442034,0.010635802220150481
6.25,75.28976817179606,49.96493030293975,49.97030787611042,75.20760119005305,75.24505790931255,0.5412599953151949,0.541816292041788,22.249094358049778,22.27707522106767,-0.005377573170669336,-0.03745671925949523
6.3,75.28980868894446,49.96463799911203,49.97166491610773,75.25632743050467,75.24714182803577,0.541374452672752,0.5417576572645422,22.24874809356616,22.274667345059047,-0.007026916995698684,0.009185602468903653
6.35,75.29014239092872,49.96641292741977,49.97296995219854,75.263596219284,75.2494404679726,0.5411115082567075,0.5416994397713706,22.245833369894733,22.272261183628654,-0.006557024778771847,0.01415575131139235
6.4,75.29075944283169,49.9688832942793,49.97422163081725,75.2485707205304,75.25194198297234,0.54127979591028,0.5416417391207969,22.24816297663488,22.26986108321748,-0.00533833653794602,-0.0033712624419450776
6.45,75.29164929885016,49.96781214100374,49.97541873081114,75.26815739018718,75.25463401286841,0.5410870713667643,0.5415846526016476,22.245508549507004,22.267471327766987,-0.007606589807402031,0.013523377318776397
6.5,75.29280072419232,49.968553287997494,49.97656017502663,75.23237374794046,75.25750372277773,0.5411135930526442,0.5415282754135372,22.23995389519985,22.265096147908935,-0.00800688702913277,-0.025129974837270197
6.55,75.29420181825004,49.96528456435034,49.97764502766364,75.23490814755915,75.26053782227534,0.54082943945661,0.5414726981205609,22.23725833606401,22.262739600480078,-0.012360463313299874,-0.02562967471618549
6.6,75.29584003900409,49.9700399666394,49.97867250230435,75.28398083762332,75.2637226019056,0.5408829171676676,0.5414180095674936,22.239309941128745,22.260405711144447,-0.008632535664951035,0.02025823571771923
6.65,75.29770222861802,49.96994801483241,49.979641957944786,75.2296781136021,75.26704395284541,0.5408422515755805,0.5413642951790024,22.240164647630262,22.25809839065628,-0.00969394311237437,-0.037365839243307164
6.7,75.29977464017497,49.969509150682555,49.980552896278844,75.2837167780735,75.27048738962284,0.5409477782514195,0.5413116366137978,22.23619874418236,22.255821418007805,-0.011043745596289511,0.0132293884506538
6.75,75.30204296550873,49.97341339793553,49.98140496169818,75.2914576084716,75.27403807804575,0.540873855432085,0.541260111764633,22.233542061333075,22.253578440429195,-0.00799156376265131,0.017419530425854646
6.8,75.30449236407945,49.97272220847608,49.98219794129229,75.27871657134173,75.27768086419906,0.540801658311013,0.5412097947583048,22.233588850862006,22.251372973388573,-0.009475732816213167,0.0010357071426767561
6.85,75.3071074928417,49.97391385267994,49.98293176484842,75.30102724564463,75.28140030445623,0.5407852875669585,0.5411607559556532,22.237479858426656,22.24920840059202,-0.009017912168481246,0.019626941188406022
6.9,75.30987253705125,49.97385508219304,49.98360650485169,75.27842274516185,75.28518069645013,0.5406460938134807,0.541113061951561,22.22973912830154,22.247087973983582,-0.009751422658652587,-0.0067579512882787185
6.95,75.3127712419553,49.97548717406973,49.98422238739579,75.26865514489938,75.28900612737921,0.540987702819621,0.5410667755823587,22.23532661602392,22.24501481372297,-0.008735213326062308,-0.02035098247982603
7.0,75.31578694530901,49.97455470311316,49.98477975665963,75.3048746696748,75.29286045321543,0.5408703273071537,0.5410219544510233,22.228548414059855,22.24299183100854,-0.01022505354647052,0.01201421645937728
7.05,75.31890261066,49.97235526826538,49.98527912745787,75.30528768359873,75.29672741135312,0.540660817478902,0.5409786526864733,22.223143436396132,22.241021826899424,-0.012923859192490283,0.008560272245617284
7.1,75.32210086134113,49.97431867500486,49.98572114735846,75.29362813232676,75.30059059776413,0.5407600240067256,0.5409369198210076,22.22513340509798,22.239107426666905,-0.011402472353601922,-0.006962465437368337
7.15,75.3253640151103,49.97262373460353,49.98610659532859,75.247265018807,75.30443349982464,0.540681016526817,0.5408968007527891,22.22898769878419,22.237251077689333,-0.013482860725062551,-0.057168481017640715
7.2,75.32867411937536,49.9750532677418,49.986436381734755,75.3121311904149,75.30823953177172,0.540908007798678,0.5408583357458447,22.233158190034946,22.235455049452145,-0.011383113992955884,0.0038916586431838596
7.25,75.33201298694055,49.972225487291176,49.98671154834266,75.26990990253464,75.311992070684,0.5409186581770239,0.5408215604300651,22.232025694706795,22.233721433547874,-0.014486061051485422,-0.0420821681493635
7.3,75.33536223221056,49.973316122394024,49.98693326831734,75.32095930985335,75.31567449292048,0.5407381588988459,0.5407865058012048,22.22401140499488,22.232052143676125,-0.013617145923312535,0.005284816932871195
7.35,75.33870330778711,49.972083419355236,49.98710284622307,75.28369660888934,75.31927021094882,0.5405647264116027,0.5407531982208821,22.223269248401675,22.230448915643606,-0.015019426867830532,-0.03557360205947191
7.4,75.34201754139245,49.975689736828166,49.98722172324281,75.2793322791155,75.32276271836066,0.5406915742556109,0.5407216593511723,22.22559353485479,22.228913302327957,-0.0115319864146457,-0.04343043924517076
7.45,75.34528617305327,49.97665534879981,49.98729141325173,75.31229120594651,75.32613553094521,0.5407520941415047,0.5406919060787104,22.22264737319128,22.227446653559316,-0.010636064451922778,-0.013844324998700586
7.5,75.3484903924786,49.97676520509264,49.98731360387797,75.32354819105711,75.32937237655229,0.5407481460804974,0.5406639502432138,22.220349789800885,22.22605013526894,-0.01054839878533187,-0.005824185495171719
7.55,75.35161137656435,49.976960591590725,49.987290081979666,75.2979852257808,75.33245712049842,0.540767808480346,0.540637798934819,22.224835496717674,22.224724718601834,-0.010329490388940599,-0.03447189471761192
7.6,75.35463032695725,49.97553025959203,49.98722273347721,75.27575576012651,75.33537380304897,0.541036384161593,0.5406134544946153,22.221835646894885,22.223471179893213,-0.011692473885183574,-0.059618042922451764
7.65,75.35752850761068,49.975184675742696,49.98711354335332,75.30983518806184,75.3381066771284,0.5405136436854165,0.5405909145146434,22.224675819831678,22.222290100668523,-0.011928867610620841,-0.028271489066554523
7.7,75.36028728226499,49.97499942446211,49.986964595652935,75.30102750417777,75.34064024593629,0.5408947026631677,0.540570171837896,22.219512547061292,22.22118186764344,-0.011965171190823298,-0.0396127417585177
7.75,75.36288815178497,49.97486996628541,49.986778073483364,75.26771240977973,75.3429593004005,0.5407681155747744,0.5405512145583181,22.222075682741405,22.220146672723857,-0.011908107197953655,-0.07524689062076106
7.8,75.36531279128742,49.976490972148184,49.98655625901411,75.33431523052307,75.34504895639768,0.5403731301841993,0.5405340260208065,22.22215698556476,22.2191845130059,-0.010065286865923895,-0.010733725874601419
7.85,75.36754308699197,49.97774884959765,49.986301548367784,75.28399884044791,75.34689471411964,0.5405864285186116,0.5405185843453605,22.220085242312145,22.21829517382608,-0.008552698770131428,-0.0628958736717351
7.9,75.36956117272892,49.97420105743354,49.986016345234255,75.30668376157483,75.34848233426322,0.540587105952825,0.5405048647608834,22.218969432507468,22.21747829912959,-0.011815287800715168,-0.04179857268839271
7.95,75.37134946603871,49.97511730480645,49.98570317285506,75.35879728820818,75.34979804293877,0.5408759195257624,0.5404928369945019,22.2185715440087,22.216733311697666,-0.01058586804860795,0.008999245269407652
8.0,75.37289070379752,49.97488134688093,49.98536465364711,75.29670571868458,75.35082853657615,0.5405372370517472,0.5404824654731677,22.223334455596685,22.21605941551475,-0.01048330676618292,-0.054122817891567365
8.05,75.37416797730549,49.974537457799045,49.98500345549189,75.36867936251566,75.35156093600881,0.5409185391655331,0.5404737106842903,22.223452834954543,22.215455639901545,-0.010465997692847395,0.01711842650685469
8.1,75.37516476677392,49.97335397119466,49.98462229173545,75.3451383543754,75.35198282089041,0.5406267092241539,0.5404665291757369,22.222914254241996,22.21492083951505,-0.011268320540786192,-0.006844466515019576
8.15,75.37586497514931,49.972400880363374,49.984223921188416,75.3331536903581,75.35208226342255,0.5404268730131147,0.5404608735558322,22.22421905127526,22.21445369434854,-0.011823040825042597,-0.018928573064442844
8.2,75.37625296121378,49.973399204813255,49.98381114812596,75.32602514230747,75.3518478613336,0.5407959868528169,0.5404566924933585,22.22746694165762,22.214052709731583,-0.010411943312703897,-0.025822719026123764
8.25,75.37631357190133,49.97233236167861,49.983386822287834,75.2942033045443,75.35126877004816,0.5404333612095495,0.5404539307175558,22.226076764434758,22.213716216330017,-0.011054460609223327,-0.05706546550386804
8.3,75.37603217377232,49.97023940099648,49.982953838878316,75.32723319666844,75.35033473398938,0.5405610309052182,0.5404525290181216,22.223048760573082,22.21344237014598,-0.012714437881832907,-0.023101537320940224
8.35,75.37539468358874,49.973709782142734,49.982515138566306,75.32474358282221,75.34903611695769,0.5406396363722042,0.5404524242452111,22.226413174399973,22.21322915251788,-0.008805356423572164,-0.02429253413548338
8.4,75.37438759793547,49.97075753202452,49.982073714009175,75.30917295734982,75.3473639413662,0.5404110737425738,0.540453548475616,22.223818315410526,22.21307433821199,-0.011316181984653895,-0.038190984016381435
8.45,75.37299802183327,49.97348353952439,49.98163248228404,75.30766314058911,75.34530972430386,0.5405096806418481,0.540455833685556,22.22174811011831,22.212975665824814,-0.008148942759653721,-0.037646583714746384
8.5,75.37121369629243,49.97287576848207,49.98119442789545,75.34817182233472,75.34286572041697,0.5408788713867587,0.540459206847902,22.2258782742844,22.212930656110007,-0.0083186594133835,0.005306101917753381
8.55,75.36902302475616,49.96879218372489,49.98076256082221,75.32908574208231,75.34002488482959,0.5407687665220002,0.5404635905462618,22.22992895253416,22.21293663381236,-0.011970377097320295,-0.01093914274727581
8.6,75.36641509838641,49.97284408317848,49.98033987075578,75.35624366386897,75.33678082915625,0.5408766476769609,0.5404689051424225,22.232475815099058,22.212990808545328,-0.007495787577298074,0.01946283471271215
8.65,75.36337972014567,49.96885705719222,49.979929327100265,75.29873486450393,75.33312784528604,0.5408232528155554,0.5404750687763505,22.22874169530629,22.213090274790964,-0.011072269908048327,-0.0343929807821155
8.7,75.359907427631,49.96940152747596,49.979533878972404,75.28081457566192,75.32906092791016,0.5409761290252969,0.5404819973661912,22.22518386554412,22.213232011899954,-0.010132351496444869,-0.04824635224824192
8.75,75.35598951461839,49.97066600628589,49.97915645520156,75.31663489449672,75.32457579575282,0.5407944204024032,0.540489604608269,22.225745202248405,22.2134128840916,-0.008490448915672744,-0.007940901256105803
8.8,75.35161805127811,49.97493838359457,49.978799964329745,75.2987559814709,75.31966891146814,0.5408323154034124,0.5404978019770872,22.228260769938082,22.213629640453828,-0.0038615807351760623,-0.020912929997237484
8.85,75.34678590302396,49.97103490481891,49.978467294611576,75.32948199706784,75.31433750016767,0.5406538270588641,0.5405064987253287,22.22889471824426,22.213878914943187,-0.007432389792668914,0.015144496900177273
8.9,75.34148674796147,49.96972038473313,49.97816131401433,75.31196727314028,75.30857956654582,0.5408718611870628,0.5405156018838551,22.22869364139553,22.214157226384845,-0.008440929281199772,0.003387706594466522
8.95,75.33571509290289,49.97099832974666,49.977884866183025,75.27762681277932,75.30239390449334,0.5406524820317609,0.540525015204123,22.223695259674617,22.21446093848897,-0.006886536436368829,-0.02476709171402547
9.0,75.32946628791937,49.969128878027384,49.97764066395254,75.30528209098823,75.29577995089923,0.5409133471663258,0.5405346452325113,22.22906312315488,22.21478649942893,-0.008511785925158222,0.009502140088997635
9.05,75.32273653940274,49.97049826197166,49.97743141723311,75.26702586858706,75.28873799112638,0.5410596404866014,0.5405443950064991,22.229424604605637,22.215130182624137,-0.006933155261449997,-0.021712122539327083
9.1,75.31552292161275,49.97329557998585,49.97725978229663,75.25459997510588,75.28126909385915,0.5404944262478216,0.5405541651609572,22.22569576245099,22.21548813683611,-0.003964202310775988,-0.02666911875327571
9.15,75.30782338668752,49.96746910851023,49.97712833404769,75.25090333674719,75.2733750790856,0.540678411410872,0.540563856326786,22.231015455415097,22.215856480980374,-0.00965922553746168,-0.02247174233841065
9.2,75.2996367730981,49.972527177007194,49.97703956602362,75.27706506805316,75.26505852632661,0.5404683736844723,0.5405733691309158,22.23585474268094,22.21623130412646,-0.004512389016426255,0.012006541726549358
9.25,75.29096281253086,49.97392166390768,49.976995890394456,75.24708379561775,75.25632278131393,0.5408348519296716,0.5405826041963064,22.23596315528807,22.2166086654979,-0.003074226486774023,-0.009238985696171653
9.3,75.28180213518361,49.973002036200064,49.97699963796295,75.25965198664169,75.24717196110541,0.5407757837330885,0.5405914621419475,22.23390415886226,22.216984594472223,-0.003997601762883107,0.01248002553627714
9.35,75.27215627346503,49.970057302184685,49.97705305816457,75.21371812827499,75.23761095762833,0.5407665853263445,0.5405998435828587,22.232947864311683,22.217355090580966,-0.006995755979886553,-0.02389282935334336
9.4,75.26202766408848,49.97288450334378,49.97715831906751,75.22501526068727,75.22764543964378,0.5411879515777049,0.5406076491300891,22.23325060059538,22.217716123509675,-0.004273815723735197,-0.002630178956508189
9.45,75.2514196485561,49.972301668429736,49.977317507372696,75.2264031811323,75.21728185312864,0.5413014739542884,0.5406147793907177,22.234169267115625,22.218063633097884,-0.0050158389429597605,0.009121328003658391
9.5,75.24033647202961,49.97207852680073,49.97753261389855,75.20586925781753,75.20652739823122,0.5406705570706871,0.5406211339097093,22.232046534831838,22.218393488793076,-0.005454087097824356,-0.0006581404136909441
9.55,75.22878328058879,49.97240751692869,49.97780547522176,75.19152685674031,75.19538993869763,0.5407094680272648,0.5406266173577288,22.22976417862675,22.21870175035598,-0.0053979582930665515,-0.0038630819573199915
9.6,75.21676611688078,49.97563593915903,49.97813785053171,75.18147769309883,75.18387811321341,0.5410078342096808,0.540631133131663,22.229169056218797,22.218984381311365,-0.0025019113726827413,-0.0024004201145828574
9.65,75.2042919141661,49.97684018151815,49.97853138123695,75.16149707356735,75.17200126871711,0.5407518216443582,0.5406345847617808,22.229859531701162,22.219237319815253,-0.0016911997187989414,-0.010504195149763973
9.7,75.19136848877059,49.974186101349034,49.97898758402381,75.18172203336258,75.1597694425205,0.5408778423169089,0.5406368780031022,22.231645301022592,22.219456566582764,-0.0048014826747788675,0.021952590842076347
9.75,75.1780045309545,49.97286267479706,49.97950785085646,75.18672913774746,75.14719335333125,0.5410175899541375,0.5406379208353989,22.231829854197006,22.219638184888108,-0.006645176059400626,0.0395357844162163
9.8,75.16420959421352,49.97682619805094,49.980093448976874,75.13105899559675,75.1342843907455,0.5408100781871373,0.5406376234631936,22.22963635972643,22.219778300564588,-0.0032672509259370486,-0.0032253951487604127
9.85,75.14999408302916,49.97715510603579,49.98074552090483,75.11377377728621,75.12105460322769,0.5409392537604552,0.5406358983157604,22.231050591488223,22.21987310200461,-0.003590414869044878,-0.007280825941478497
9.9,75.13536923908784,49.97675307878797,49.98146508443798,75.09252024469774,75.10751668459649,0.5408875418950071,0.540632660047125,22.23117616846673,22.219918840159668,-0.00471200565000629,-0.0149964398987521
9.95,75.12034712599204,49.979942294617835,49.982253032651734,75.10079303477838,75.09368395903932,0.5406999915694626,0.5406278255360641,22.23034734503778,22.219911828540354,-0.002310738033898474,0.007109075739052173
10.0,75.1049406124884,49.97787129208611,49.98311013389936,75.09274476370793,75.07957036467957,0.5409031942379091,0.5406213138861063,22.22777793204595,22.21984844321635,-0.005238841813252293,0.013174399028358152
10.05,75.0891633542409,49.97968203307498,49.98403701019865,75.06967739537446,75.06519040326458,0.5407329316686993,0.5406130456007554,22.223762049200907,22.219725088095622,-0.004354977123668391,0.004486992109875132
10.1,75.07302977417962,49.983637719503996,49.985034142542446,75.03774279183213,75.05055912892948,0.5410118163116358,0.540602947475537,22.222612247604527,22.219538421826023,-0.001396423038450223,-0.012816337097348196
10.15,75.05655504145813,49.98351392113747,49.9861018711034,75.03042704568885,75.0356921279281,0.5410214476141884,0.5405909476596411,22.22499919645132,22.21928511065237,-0.00258794996592826,-0.005265082239247931
10.2,75.03975504905482,49.98887616211502,49.98724038358988,75.00588420742987,75.0206054792561,0.5408525201079092,0.5405769768812781,22.218987736931528,22.21896189745942,0.001635778525141518,-0.014721271826232396
10.25,75.02264639005631,49.98888835429863,49.988449726673124,75.0187074717693,75.0053157486261,0.5408055846074152,0.5405609698476491,22.225312606199513,22.21856566726677,0.0004386276255061716,0.013391723143200807
10.3,75.00524633266313,49.98655148626726,49.98972980598728,74.99946356532975,74.98983996402697,0.5401982570950146,0.540542865244945,22.21746608527544,22.21809344722881,-0.00317831972002125,0.009623601302777729
10.35,74.98757279395979,49.99109235796204,49.9910803861294,74.98954906326883,74.97419559007147,0.5402269662765868,0.5405226057383472,22.216403683060786,22.217542406634774,1.1971832641677338e-5,0.015353473197350809
10.4,74.9696443124944,49.98885475579227,49.992501090659395,74.97098944615064,74.95840050117445,0.5400364456471405,0.5405001379720276,22.215464414402366,22.2169098569087,-0.0036463348671276208,0.012588944976187122
10.45,74.95148001971427,49.99577249232782,49.99399140210012,74.93327252005518,74.94247295360547,0.5406439841968719,0.5404754125691478,22.2199061575482,22.216193251609447,0.001781090227702009,-0.009200433550290654
10.5,74.93309961030634,49.99567032371669,49.995550661937294,74.94395603045481,74.9264315564613,0.5407435503242713,0.54044838413186,22.214371291836333,22.215390186430696,0.00011966177939370937,0.017524473993518086
10.55,74.91452331149334,49.996134219751134,49.99717807061954,74.91788394767347,74.91029524160622,0.5401023782469286,0.5404190112413065,22.215127205827237,22.21449839920095,-0.001043850868406082,0.007588706067252815
10.6,74.8957718513379,50.00282908108541,49.99887266456991,74.8821811584914,74.89408319819447,0.5401090419630384,0.5403872560585847,22.205712509965007,22.213515747230044,0.003956416515499939,-0.011902039703059586
10.65,74.8768664261094,49.99795417948272,50.00063338527354,74.87454586982902,74.87781494419987,0.5400963316776709,0.5403530867103806,22.214485851595928,22.212440347446734,-0.0026792057908195943,-0.003269074370848557
10.7,74.8578286667693,50.00092183786206,50.00245899549548,74.87837852927773,74.86151016803916,0.5403741889945544,0.5403164752361278,22.20351847986378,22.211270436277697,-0.0015371576334217707,0.016868361238564944
10.75,74.83868060463247,50.00133712918654,50.00434810751272,74.86316658086817,74.84518873722006,0.5401600479431998,0.5402773980146919,22.20111053749391,22.210004407890597,-0.003010978326180691,0.017977843648111502
10.8,74.81944463626378,50.00797807067434,50.00629920690868,74.83419441745635,74.82887069951491,0.5400062285350653,0.5402358363021321,22.205173994440916,22.20864084791729,0.0016788637656617311,0.005323717941436712
10.85,74.80014348767023,50.00785723915879,50.008310652573066,74.81661185356089,74.81257624776906,0.5401798839916233,0.5401917762317014,22.19949457894246,22.207178533453813,-0.00045341341427729276,0.004035605791827379
10.9,74.7808001778502,50.01163270209014,50.01038067670201,74.7712422798126,74.79632568405349,0.5398893110034245,0.5401452088138464,22.194481840505873,22.205616433060428,0.0012520253881262988,-0.025083404240888285
10.95,74.76143798176297,50.012909425057934,50.01250738479794,74.79344010038427,74.78013938322067,0.5395787889276519,0.5400961299362073,22.193289947654293,22.20395370676156,0.0004020402599920203,0.013300717163602371
11.0,74.74208039278186,50.015811264476596,50.01468875566968,74.77754088856861,74.7640377559245,0.5399173534638512,0.5400445403636179,22.18904265005305,22.202189706045864,0.0011225088069153344,0.013503132644103744
11.05,74.72275108469613,50.016755591501045,50.01692264143237,74.72832618383569,74.74804121116507,0.5398329278449838,0.5399904457381062,22.191538462792735,22.200323973866166,-0.00016704993132776735,-0.019715027329382906
11.1,74.7034738733273,50.021422809309534,50.019206767507576,74.76559466261412,74.73217011842115,0.5399112506943164,0.539933856578893,22.1871270965278,22.1983562446395,0.002216041801958113,0.03342454419296814
11.15,74.68427267782592,50.02243604228312,50.0215387146493,74.70480602666025,74.71644474258588,0.5392692881581667,0.5398747884109723,22.179873302043788,22.196286440369878,0.0008973276338153369,-0.011638715925627707
11.2,74.66517148171567,50.02142257427194,50.02391603639956,74.67839531607802,74.7008853808944,0.538985073295632,0.5398132609344305,22.18157953419211,22.194114682894476,-0.0024934621276244684,-0.02249006481638105
11.25,74.64619429375263,50.02613607186874,50.02633610553756,74.69402511960176,74.68551209477056,0.5391033219501121,0.5397492997538345,22.1771016084742,22.19184131188358,-0.00020003366881837792,0.008513024831202642
11.3,74.62736510866671,50.02957139010938,50.02879618162249,74.62380687147552,74.67034477186024,0.5389457397640651,0.5396829354708521,22.174847877875944,22.189466866732296,0.000775208486892609,-0.04653790038472039
11.35,74.60870786785371,50.02665362664021,50.031293439621585,74.68734326490608,74.65540312975185,0.5387625067274492,0.5396142034085627,22.17361215240586,22.186992086188376,-0.0046398129813738365,0.031940135154229665
11.4,74.59024642008588,50.034155408273094,50.03382496991014,74.66334087106546,74.64070667690088,0.5388367260963601,0.5395431436114565,22.16465102102896,22.18441790835222,0.0003304383629512131,0.022634194164581345
11.45,74.57200448230898,50.0333914205997,50.03638777827155,74.6172696397137,74.62627467359634,0.5390186606007569,0.5394698008454355,22.163535315633183,22.181745470676855,-0.002996357671854355,-0.009005033882644398
11.5,74.55400560059374,50.03741173390147,50.03897878589725,74.59513339477495,74.6121260930355,0.5389911900274527,0.5393942245978128,22.155336455481272,22.178976109967962,-0.0015670519957780016,-0.01699269826055172
11.55,74.53627311130971,50.041817043764595,50.0415948293867,74.59187039758999,74.59827958257341,0.5388167271348642,0.5393164690773135,22.152193351602044,22.176111362383867,0.00022221437789227139,-0.006409184983425575
11.6,74.51883010258803,50.04057888749377,50.044232660747475,74.58850600729217,74.58475342521257,0.5386989626848342,0.539236593214073,22.149253446006764,22.173152963435527,-0.0036537732537027523,0.003752582079599165
11.65,74.50169937614116,50.04273884884929,50.046888947395196,74.56068020395293,74.57156550139916,0.5387744691642598,0.539154660659639,22.150209876165306,22.170102847986556,-0.004150098545906644,-0.010885297446236564
11.7,74.48490340950447,50.04967579071594,50.04956025529162,74.59068241930241,74.5587332260714,0.5379704291783466,0.5390707408270948,22.144902143892516,22.166963185718476,0.0001155354243209672,0.031949193231014306
11.75,74.46846431876621,50.053768752193484,50.052243226646986,74.52476915712167,74.54627377595537,0.5383440059748419,0.5389849032202525,22.142632169424996,22.163736187034676,0.0015255255464978745,-0.021504618833702693
11.8,74.45240382185014,50.049994372618706,50.05493433586871,74.5343044384814,74.53420368900578,0.5382514508533687,0.5388972250809614,22.141158119389214,22.16042437427954,-0.004939963250002677,0.0001007494756208871
11.85,74.43674320241442,50.05315938029621,50.05763000180534,74.49280759225785,74.5225389953172,0.5381327108270044,0.5388077883159126,22.13268331187632,22.15703047246727,-0.004470621509135242,-0.029731403059358286
11.9,74.42150327442997,50.05601573690718,50.06032662286761,74.5148412391169,74.51129523365552,0.5379249663986359,0.5387166782835372,22.130438683998175,22.153557367046382,-0.0043108859604359395,0.0035460054613878356
11.95,74.40670434749909,50.061715810713224,50.06302057702834,74.47043553678846,74.5004874163542,0.5380482650454165,0.5386239837940046,22.121642861449025,22.150008103899687,-0.0013047663151155575,-0.03005187956574673
12.0,74.39236619297554,50.05650386719355,50.06570822182251,74.46707829314391,74.49012999496975,0.538308531801676,0.5385297971092237,22.119770428294064,22.146385889344295,-0.009204354628963074,-0.02305170182583538
12.05,74.3785080109439,50.06569766387711,50.06838589434729,74.48771256341152,74.4802368267548,0.5378298717656518,0.5384342139428425,22.119767470622893,22.142694090131638,-0.0026882304701771886,0.007475736656715526
12.1,74.36514839811663,50.06227967176717,50.0710499112619,74.43624267120772,74.47082114200992,0.5376752079523358,0.5383373334602484,22.11922857929746,22.138936233447428,-0.008770239494729992,-0.03457847080220233
12.15,74.35230531670379,50.068455122942176,50.07369656878778,74.48868255217282,74.46189551236985,0.5373001313218454,0.5382392582785671,22.1097592553857,22.13511600691171,-0.005241445845605597,0.026787039802968593
12.2,74.33999606431037,50.07228877871212,50.0763221427085,74.4205989228871,74.45347182008176,0.537595432003581,0.5381400944666644,22.113513397940842,22.1312372585788,-0.004033363996377659,-0.032872897194664574
12.25,74.32823724491278,50.07086676423194,50.0789228883697,74.45469896702686,74.44556122832873,0.5376833619019066,0.5380399515451447,22.093225754216537,22.127303996937346,-0.008056124137766574,0.009137738698129283
12.3,74.31704474096585,50.07201707334091,50.081495059836136,74.4189903058672,74.43817418112606,0.5373113861007243,0.5379389430809115,22.09776535125289,22.123320417825383,-0.009477986495227242,-0.019183875258860894
12.35,74.30643368668821,50.07734362973148,50.08403501927644,74.43063723389537,74.4313205384327,0.5373179530263238,0.5378371813739055,22.095839961368696,22.11929069515721,-0.006691389544961623,-0.000683304537332674
12.4,74.29641844257284,50.07573393590011,50.0865390721114,74.42694590693864,74.42500930483726,0.5374784007654174,0.5377347843159277,22.083179323727066,22.115219255023398,-0.010805136211288868,0.0019366021013809132
12.45,74.28701257116752,50.080248406106875,50.089003557931946,74.43330505629342,74.4192487397069,0.5370199917889804,0.5376318720349252,22.085613208691537,22.11111064182649,-0.008755151825070584,0.014056316586518847
12.5,74.27822881416662,50.083922696862906,50.09142486246152,74.38907963923472,74.41404635123104,0.536879956639204,0.5375285661655038,22.084916376183553,22.106969488738862,-0.007502165598616273,-0.024966711996313506
12.55,74.27007907085499,50.08557851081431,50.09379941755604,74.38982316082372,74.40940887402874,0.536939969896767,0.5374249898489278,22.082373564466316,22.10280051770273,-0.008220906741733813,-0.019585713205017896
12.6,74.26257437794096,50.084885697988646,50.09612370120391,74.44563942210064,74.40534224814374,0.5369294255190801,0.537321267733121,22.069600862020497,22.09860853943017,-0.011238003215261472,0.04029717395690113
12.65,74.255724890814,50.089953913934224,50.09839423752606,74.38006136773004,74.40185159946552,0.5362547908943838,0.537217525972666,22.07281229074091,22.094398453403098,-0.008440323591834442,-0.021790231735479892
12.7,74.24953986625937,50.09119197279015,50.100607596775895,74.38436410052145,74.39894122161256,0.5363770337079337,0.537113892228804,22.065204010305422,22.09017524787326,-0.00941562398574547,-0.01457712109110787
12.75,74.2440276466605,50.09149210761862,50.10276039533929,74.36255746146452,74.39661455931154,0.5363391550068475,0.5370104956694354,22.068601476018003,22.085943999862263,-0.011268287720668013,-0.034057097847025375
12.8,74.23919564571621,50.087928778995035,50.10484931869227,74.38384302155039,74.39487422739052,0.53639194561379,0.5369074675030129,22.057493176406577,22.08170990584967,-0.016920539697231618,-0.01103120584012629
12.85,74.23505033569793,50.09439454378885,50.10687117293988,74.39564454370748,74.3937220737505,0.5363314656463923,0.5368049357135498,22.054920040547337,22.077478049098772,-0.012476629151031204,0.0019224699569804216
12.9,74.23159723626947,50.09740288165204,50.10882279873364,74.39822618461302,74.39315903958385,0.5360115627986018,0.5367030323441168,22.048278639829423,22.073253718010857,-0.011419917081603614,0.005067145029173048
12.95,74.22884090488847,50.09794373637769,50.110701133798365,74.40679620113427,74.39318524186265,0.5361962625746176,0.5366018892100531,22.048108502452767,22.069042222604743,-0.012757397420678274,0.013610959271616707
13.0,74.22678492880691,50.097559232612255,50.11250321589378,74.37171530573924,74.39379996900583,0.5360247070287191,0.5365016375204197,22.048498207479174,22.06484887762458,-0.01494398328152613,-0.022084663266582538
13.05,74.22543191868435,50.103820566837584,50.11422618281445,74.3451918415827,74.39500167380083,0.5356327621432109,0.536402407877998,22.04426767323898,22.060679002539832,-0.010405615976864624,-0.04980983221813062
13.1,74.22478350382536,50.10545355925643,50.11586727238983,74.36906555366176,74.39678796799166,0.5360690302059166,0.5363043302792909,22.0405195228249,22.056537921545292,-0.010413713133395675,-0.027722414329900857
13.15,74.22484032904993,50.10331111249798,50.11742382248422,74.34302384818129,74.39915561854428,0.5356697193051214,0.5362075341145223,22.036054613709588,22.052430963561058,-0.014112709986243033,-0.056131770362995326
13.2,74.22560205320153,50.1057087871258,50.11889327099678,74.37746885468832,74.40210054559775,0.5358204086272838,0.536112148167637,22.029929983743266,22.04836346223258,-0.01318448387097959,-0.024631690909430404
13.25,74.22706734929702,50.10734999514568,50.12027315586155,74.38876901115275,74.40561782210598,0.5354769822542205,0.5360183006163011,22.028358608827805,22.0443407559306,-0.012923160715864412,-0.01684881095323476
13.3,74.22923390631703,50.102562548934074,50.12156114942427,74.41038048775991,74.40970172620773,0.5357327183324134,0.5359261194062145,22.020891458191315,22.0403682125708,-0.01899860049019253,0.0006787615521801627
13.35,74.23209843263477,50.10863782417157,50.12275505789997,74.39896669384434,74.41434574345745,0.5357280126459889,0.5358357272376206,22.021625205579294,22.036450997394386,-0.014117233728399015,-0.015379049613102325
13.4,74.23565666107713,50.11222863974399,50.123852801507006,74.36451796176095,74.41954254206085,0.5356715190450341,0.5357472487057582,22.01732829320269,22.03259439923352,-0.011624161763016616,-0.055024580299900094
13.45,74.23990335560954,50.10888905651873,50.12485243860603,74.38536517446498,74.42528401512602,0.5353402994751315,0.5356608058179321,22.019140323153703,22.028803628738093,-0.01596338208729975,-0.039918840661044896
13.5,74.2448323196334,50.10952252102877,50.12575216564038,74.40257329880494,74.43156128866943,0.5354498840941766,0.5355765179221224,22.015068375369395,22.025083815061553,-0.01622964461160592,-0.028987989864489805
13.55,74.25043640588163,50.111385729469866,50.12655031713613,74.4303605844428,74.43836473137485,0.5353080065904798,0.5354945017069841,22.009305050658007,22.0214400058609,-0.015164587666262719,-0.008004146932051981
13.6,74.25670752789536,50.110001802032755,50.1272453657021,74.42124667300415,74.44568396599978,0.5354591948928568,0.5354148712018475,22.01088030480273,22.017877167296668,-0.01724356366934643,-0.024437292995628468
13.65,74.26363667306238,50.11215794271771,50.12783592202978,74.41526367230864,74.4535078824101,0.5346037955697783,0.5353377377767178,22.00849736591419,22.01440018403295,-0.015677979312073376,-0.03824421010145329
13.7,74.27121391719452,50.11232572480167,50.12832073489339,74.46295114436433,74.4618246522201,0.5353159044890977,0.5352632101422751,22.00215046176799,22.011013859237387,-0.01599501009172144,0.0011264921442233344
13.75,74.27942844061899,50.113534359338146,50.128698692811355,74.43073829869546,74.47062174748064,0.5351454396512783,0.5351913944748156,22.00470375457651,22.00772292031249,-0.015164333473208558,-0.0398834487851758
13.8,74.28826854575635,50.113725458813704,50.128968854524025,74.45940906677129,74.47988600373475,0.5351412021798401,0.5351223939524044,21.99726463962943,22.00453199768358,-0.015243395710321295,-0.020476936963461867
13.85,74.29772167615397,50.11429598193145,50.12913041288753,74.4738101040671,74.48960358568687,0.5350215048463545,0.5350563061210754,22.002576098390527,22.001445507884778,-0.014834430956078393,-0.01579348161976668
13.9,74.30777443694298,50.11296006992995,50.129182733453234,74.48121119255829,74.4997600653148,0.534994127821879,0.5349932272753417,21.992422742937826,21.99846785374415,-0.01622266352328694,-0.018548872756511514
13.95,74.31841261668313,50.11378801282777,50.129125335767014,74.49099343089134,74.51034041633915,0.5351684354436343,0.5349332493998143,21.993922244803905,21.99560328282809,-0.015337322939245723,-0.019346985447810994
14.0,74.32962121055749,50.109670819215204,50.12895789336906,74.51832896341448,74.52132903788218,0.5355353679011795,0.5348764601692025,21.99303280996334,21.9928558874413,-0.01928707415385844,-0.0030000744677067814
14.05,74.34138444487765,50.11136059117604,50.12868023379406,74.52891548445349,74.53270977949646,0.5348597875845391,0.5348229429483132,21.992164119068434,21.9902296046268,-0.01731964261801977,-0.0037942950429652456
14.1,74.35368580285642,50.10996402473123,50.128292338570986,74.48687638824681,74.54446596751684,0.534816061241831,0.5347727767920513,21.99085582586482,21.98772821616593,-0.018328313839759858,-0.05758957927002939
14.15,74.36650805160414,50.10951628277879,50.12779434322332,74.51613969737888,74.55658043268946,0.5351183634162248,0.5347260364454197,21.98738085845904,21.985355348578334,-0.018278060444529842,-0.040440735310582454
14.2,74.37983327030135,50.110725798911204,50.12718653726888,74.54234614327211,74.56903553902706,0.5347045669757796,0.5346827923435192,21.985126000581197,21.983114473121983,-0.016460738357672255,-0.02668939575494278
14.25,74.39364287949978,50.11160328232715,50.126469370542324,74.55098651959509,74.58181322324619,0.5347217552554284,0.5346431107618138,21.992328318290483,21.98100891180345,-0.014866088215171658,-0.030826703651101184
14.3,74.40791767150053,50.10596605848266,50.125643453690515,74.5856906772338,74.59489502666386,0.5348093172166575,0.5346070530877137,21.988980334269776,21.979041792353907,-0.019677395207857273,-0.009204349430063985
14.35,74.4226378417573,50.11034627851876,50.12470953316933,74.59358654801713,74.60826209020682,0.5347130682280676,0.5345746750481793,21.987603725940403,21.97721603304478,-0.014363254650568535,-0.014675542189692692
14.4,74.43778302125021,50.105819240635356,50.12366854617339,74.61335187064002,74.62189526938239,0.5348376800043838,0.5345460284039654,21.986050695272784,21.97553441145032,-0.017849305538035765,-0.00854339874237553
14.45,74.45333230977455,50.107999001916625,50.12252157500259,74.60413174464856,74.63577510055023,0.5351743145153204,0.5345211596297913,21.98103900995031,21.973999500587983,-0.014522573085962165,-0.03164335590167866
14.5,74.46926431008643,50.107429884827,50.12126984706218,74.65499803347262,74.64988183596076,0.5350784320987176,0.5345001099143432,21.98774967842397,21.972613668918452,-0.013839962235181247,0.005116197511867426
14.55,74.48555716284714,50.10585027737926,50.11991473486271,74.63426959754378,74.66419547961283,0.5351480980521969,0.5344829151602724,21.988235618349755,21.971379080345624,-0.014064457483449644,-0.029925882069051113
14.6,74.5021885823051,50.10272196035755,50.118457756020106,74.64538933140868,74.67869582386601,0.5351139605738557,0.5344696059841959,21.98813314526904,21.970297694216615,-0.01573579566255745,-0.03330649245732786
14.65,74.51913589265416,50.105780751924684,50.11690057325556,74.67188647228065,74.69336248674138,0.534814127693822,0.5344602077166969,21.988857892096096,21.96937126532176,-0.011119821330879631,-0.021476014460731108
14.7,74.53637606500551,50.09958039197221,50.115244994395646,74.69019145682961,74.70817494984317,0.5348262794416513,0.5344547404023239,21.984280843287987,21.968601343894612,-0.015664602423434815,-0.017983493013559837
14.75,74.55388575490899,50.09951331060668,50.113492983129746,74.71963748338993,74.72311261287378,0.5346903604768737,0.5344532187916295,21.988073706812035,21.967989273790145,-0.013979672523063869,-0.0034751294838457625
14.8,74.57164134035968,50.09767005696797,50.11164662108133,74.74495861263624,74.73815477604248,0.5352805676046635,0.5344556524175931,21.984234527147894,21.967536172759,-0.01397656411335646,0.006803836593761048
14.85,74.58961896022323,50.0953818070962,50.10970810704058,74.72398864190747,74.7532806782433,0.5351460143014681,0.5344620450835729,21.992874477896923,21.967242943015226,-0.014326299944379173,-0.029292036335831995
14.9,74.60779455301456,50.09483575498407,50.107679823065666,74.77089944571134,74.76846963535031,0.5353530490960995,0.5344723949779833,21.984716820577457,21.967110265093797,-0.012844068081598436,0.002429810361022078
14.95,74.62614389596243,50.093751597316455,50.105564262730304,74.76751097653195,74.7837009731781,0.5350880129601887,0.5344866948817908,21.993667125035504,21.967138598342,-0.011812665413849288,-0.01618999664614762
15.0,74.6446426442925,50.092153604133024,50.10336403112392,74.74869220947363,74.79895406760288,0.5354611492978024,0.5345049321685135,21.994968486691757,21.967328180919406,-0.011210426990892586,-0.05026185812924666
15.05,74.66326637066152,50.089693385113165,50.10108184485146,74.7713326552148,74.81420838480916,0.5352699899628475,0.5345270888042214,21.99674076618227,21.96767902979789,-0.011388459738292056,-0.042875729594356926
15.1,74.68199060467413,50.08962065560533,50.09872053203349,74.81825983443053,74.82944352159039,0.5356060633956746,0.534553141347536,21.999181032089574,21.968190940761605,-0.009099876428159348,-0.011183687159856959
15.15,74.70079087241463,50.084830892570324,50.09628303230622,74.80565961023775,74.84463924563201,0.535639068714521,0.5345830609496306,22.000348425794638,21.96886348840702,-0.011452139735894207,-0.03897963539425575
15.2,74.71964273592513,50.083097624314,50.09377239682142,74.83850434822168,74.8597755357049,0.5351878429982294,0.5346168133542307,22.0038906886536,21.969696026142888,-0.010674772507421437,-0.02127118748322232
15.25,74.73852183256255,50.07641472276531,50.09119178824651,74.87924498421266,74.87483262169881,0.5356674476802966,0.5346543588976129,22.001636709681016,21.970687686190253,-0.014777065481204943,0.0044123625138468014
15.3,74.7574039141661,50.076452775613184,50.08854449044237,74.87387489293124,74.88979103889359,0.5355538013273643,0.5346956522655314,22.003316806996622,21.971837353858938,-0.012091714829182365,-0.01591614596235047
15.35,74.77626488596862,50.076868162581775,50.085833784194364,74.89160744092693,74.90463148163026,0.5358403827745093,0.5347406448710603,22.01016445755122,21.973143766844686,-0.008965621612588848,-0.01302404070332841
15.4,74.79508084518368,50.07391047171529,50.08306312441053,74.88778662114281,74.91933510729446,0.535583445491675,0.5347892809931944,22.00855496810808,21.974605380420968,-0.009152652695242125,-0.03154848615164951
15.45,74.81382811920341,50.07622413335676,50.08023603693681,74.89387004552773,74.93388342073054,0.5359584819748414,0.5348415000447215,22.01215210739957,21.976220438376764,-0.004011903580050102,-0.040013375202804013
15.5,74.8324833033402,50.06821022132851,50.07735610545269,74.955538961369,74.9482582927342,0.5359302255961387,0.5348972368535275,22.012642681981816,21.977986984590427,-0.009145884124173165,0.00728066863480592
15.55,74.85102329804813,50.06497334964514,50.07442697147121,74.95311026596283,74.96244199756002,0.5354812491151796,0.5349564216625964,22.016207054371495,21.979902863029672,-0.00945362182606857,-0.009331731597185922
15.6,74.86942534555996,50.064975150511565,50.07145233433903,74.95485606970185,74.97641724979118,0.5359815251797325,0.5350189801300101,22.017991269709057,21.98196571775162,-0.006477183827463762,-0.021561180089335608
15.65,74.88766706587668,50.062279855456254,50.06843595123633,74.9779045256437,74.99016724050713,0.5359114560890595,0.5350848333289492,22.03042473296164,21.98417299290276,-0.006156095780077919,-0.012262714863439328
15.7,74.9057264920483,50.05994688772988,50.0653816371769,75.02116851946803,75.00367567268782,0.5360508778517624,0.5351538977476916,22.02152654133363,21.986521932718965,-0.005434749447019271,0.017492846780214677
15.75,74.92358210468483,50.05937288912565,50.06229326500809,75.00263386697759,75.01692679579287,0.5361960489348612,0.5352260852896139,22.029653044308766,21.98900958152549,-0.00292037588243943,-0.014292928815279993
15.8,74.94121286563886,50.05590602470586,50.05917477389521,75.04884807273386,75.02990545217399,0.5362931315059208,0.5353013027236728,22.02958673522807,21.99163276065813,-0.003268749189345499,0.018942620559869283
15.85,74.95859825080176,50.05395979993844,50.05603006546531,75.0655618406761,75.04259695414535,0.5367746348243574,0.5353794549753768,22.032966904390012,21.994388182607402,-0.0020702655268678427,0.02296488653074391
15.9,74.97571828195764,50.050841915754845,50.05286309690261,75.09362442530185,75.05498725517528,0.5366959476299753,0.5354604422509449,22.041125228885956,21.99727235871562,-0.0020211811477679476,0.0386371701265773
15.95,74.9925535576405,50.04609592253208,50.049677875109744,75.07806275717444,75.06706297183645,0.536186025195867,0.5355441595498474,22.044068673528063,22.00028157204717,-0.0035819525776616956,0.010999785337986623
16.0,75.00908528294218,50.047728317662035,50.04647840099518,75.07396756253888,75.07881132982341,0.5369389652934868,0.5356304989197249,22.050133360403272,22.003411961710423,0.0012499166668575867,-0.004843767284526734
16.05,75.0252952982198,50.040046075740634,50.043268669473186,75.06131603680463,75.09022019230754,0.5368029935834038,0.5357193494563888,22.046383556306214,22.006659522857664,-0.0032225937325520704,-0.028904155502914364
16.1,75.04116610665464,50.03392373859036,50.040052669463954,75.11745319667303,75.10127808709983,0.5366616451554221,0.5358105973038209,22.053589629751464,22.010020106685143,-0.006128930873593674,0.016175109573197233
16.15,75.05668090061492,50.03786487182969,50.03683438389348,75.12920151741955,75.11197423257619,0.537264108532014,0.5359041256541732,22.053370550358462,22.013489420433054,0.0010304879362124097,0.017227284843357893
16.2,75.07182358677804,50.03340407709113,50.03361778969363,75.09788888517805,75.1222985623232,0.5370981919357227,0.5359998147477689,22.058640329336306,22.01706302738554,-0.00021371260250191426,-0.02440967714514386
16.25,75.08657880996999,50.034275910465006,50.0304068578021,75.17040245670407,75.13224174846442,0.5372673039731076,0.5360975418731012,22.05945335710809,22.02073634687069,0.0038690526629068245,0.038160708239644237
16.3,75.10093197568119,50.02715362576639,50.02720555316247,75.14329322075234,75.14179522362949,0.5372336164581506,0.5361971813668337,22.07251137752697,22.024504654260546,-5.19273960790656e-5,0.0014979971228541444
16.35,75.11486927122125,50.0295242741139,50.0240178038043,75.1524388099209,75.1509511550801,0.5371164249620753,0.5362986041126574,22.071832857830145,22.02836306923141,0.005506470309605049,0.0014876548408011558
16.4,75.12837768547693,50.02442814500499,50.02084743889551,75.1651036608591,75.15970237073927,0.5380015124098213,0.5364016835778959,22.07299940876158,22.032306767931804,0.0035807061094814685,0.005401290119834812
16.45,75.14144502724024,50.02505464584419,50.01769831365181,75.1876230549589,75.16804256448708,0.5373134362572721,0.5365062867065415,22.076959370068177,22.036330648455596,0.007356332192379966,0.01958049047182442
16.5,75.15405994207613,50.023194891031515,50.01457421623465,75.17664175350951,75.17596617248631,0.5373521389454113,0.5366122795127358,22.084615381222157,22.0404295411236,0.008620674796866012,0.0006755810232021986
16.55,75.16621192770178,50.01581210937429,50.01147886638915,75.19367531089007,75.18346838577571,0.5379394075156947,0.5367195272086679,22.088104316690494,22.044598213109772,0.004333242985140373,0.010206925114360388
16.6,75.17789134785218,50.01718122559411,50.00841591544406,75.18271559692528,75.19054516338912,0.5378294345159541,0.5368278942045751,22.093152658626295,22.048831368441213,0.008765310150046446,-0.007829566463840365
16.65,75.18908944460921,50.01668958352335,50.005388946311925,75.22036037912889,75.1971932439344,0.5377243463568729,0.5369372441087431,22.090931412701405,22.053123647998166,0.011300637211427045,0.0231671351944982
16.7,75.1997983491742,50.011852205090285,50.00240147348891,75.22420947865349,75.20341015561634,0.5383016044918353,0.5370474397275058,22.094562928320073,22.057469629514035,0.009450731601376106,0.020799323037152817
16.75,75.21001109106686,50.007988769779395,49.99945694305488,75.21127862772738,75.20919422468955,0.5381693908306883,0.5371583430652448,22.09730451131793,22.061863827575344,0.008531826724514247,0.0020844030378270872
16.8,75.21972160573586,50.00788409365833,49.99655873267341,75.22055885769274,75.2145445823303,0.5382662851131732,0.5372698153243903,22.109124631699803,22.066300693621773,0.011325360984926647,0.006014275362431931
16.85,75.22892474056945,50.004652349580624,49.99371014100875,75.24464797690818,75.21946115399582,0.5385315705876957,0.5373817160518541,22.106298223804707,22.07077459252166,0.010942208571876222,0.025186822912360185
16.9,75.23761625929735,50.004096292869185,49.99091431875893,75.23511151126053,75.22394455932395,0.5381982557861036,0.537493908570708,22.114037867443926,22.075280013661203,0.013181974110253236,0.011166951936573355
16.95,75.24579284477744,50.000535807131925,49.98817435352477,75.24986972103484,75.22799624187883,0.5382370439823976,0.5376062543714029,22.11237120045584,22.07981132861066,0.012361453607155681,0.021873479156013786
17.0,75.2534521001645,49.99785863408418,49.98549322712739,75.27214876629591,75.23161840541455,0.5384351385011126,0.5377186144322995,22.124756723201315,22.0843628634101,0.012365406956789116,0.040530360881362526
17.05,75.26059254846017,49.99629102814349,49.9828738034012,75.23366908201717,75.23481399437765,0.5386217231067707,0.5378308512050005,22.125533855966047,22.08892897243355,0.013417224742291012,-0.0011449123604734268
17.1,75.26721363044705,49.99359125116775,49.98031882819388,75.25058496000553,75.23758669119047,0.5386513577983155,0.5379428286143496,22.12725526599814,22.093504038388957,0.01327242297386988,0.012998268815053393
17.15,75.27331570101138,49.98952197866754,49.97783092936639,75.22931623742336,75.23994091195937,0.5387408337138585,0.5380544120584319,22.131001110013123,22.098082472318215,0.011691049301148837,-0.010624674536003909
17.2,75.27890002386366,49.99159735522355,49.97541261679298,75.2434573800164,75.24188180061788,0.5386891427129901,0.5381654684085739,22.132401762076505,22.102658713597158,0.016184738430567336,0.0015755793985192668
17.25,75.28396876466665,49.99137047375836,49.973066282361145,75.25589927170361,75.24341522151785,0.5391780570103168,0.5382758660093436,22.141281220620684,22.107227229935543,0.018304191397213287,0.01248405018576193
17.3,75.28852498258574,49.98415212490974,49.9707941999717,75.24620759411579,75.2445477504844,0.5390155825588185,0.5383854746785502,22.13629747269293,22.11178251737708,0.013357924938041776,0.001659843631387048
17.35,75.29257262027753,49.9855294171903,49.96859852344424,75.28060910752872,75.24528666119835,0.5390279625817788,0.5384941654704295,22.1473790203538,22.116319092143385,0.016930893746057052,0.03532244633036896
17.4,75.29611649233561,49.98506447109606,49.96648124181241,75.26046939607063,75.2456398459122,0.5394170206294931,0.5386018115434626,22.154379165721124,22.120831554098142,0.018583229283649416,0.014829550158438565
17.45,75.29916227221618,49.98261678676533,49.96444422310174,75.27225913454463,75.24561586792863,0.5391829565184912,0.5387082912978242,22.152252293571127,22.125314663506792,0.018172563663590324,0.02664326661599148
17.5,75.30171647766745,49.983280670606554,49.96248918615799,75.29784581422247,75.2452239042919,0.5396479651124505,0.5388134824455116,22.158315002942043,22.129763124548568,0.02079148444856571,0.052621909930564925
17.55,75.30378645469008,49.97972794896571,49.960617704344536,75.26337542854455,75.24447373504738,0.5395437538921257,0.5389172661534563,22.155911893431128,22.13417175555085,0.019110244621174388,0.018901693497170413
17.6,75.30538036005899,49.97716568979052,49.95883120554238,75.2677237197523,75.24337572554708,0.5394836159761722,0.5390195270435214,22.168134944871362,22.138535488989184,0.018334484248136107,0.024347994205214718
17.65,75.30650714243808,49.97665684928426,49.95713097215011,75.28393473408944,75.24194080739873,0.5395719250434371,0.5391201531925036,22.1621652426791,22.142849371487294,0.019525877134149994,0.041993926690707895
17.7,75.307176522123,49.97513319820913,49.95551814108395,75.24734165249482,75.24018045809453,0.5401412911584694,0.5392190361321323,22.170137890970604,22.147108563817053,0.01961505712517919,0.007161194400296722
17.75,75.30739896944921,49.97657597570836,49.95399370377772,75.23408792276045,75.23810667935484,0.5391971640573288,0.5393160708490694,22.169771012471074,22.151308340898503,0.022582271930637887,-0.004018756594390993
17.8,75.3071856819046,49.971290700720736,49.95255850618287,75.25204421325459,75.23573197422633,0.5398052641769112,0.5394111557849101,22.173266487224044,22.15544409179986,0.018732194537868452,0.016312239028266617
17.85,75.30654855998831,49.972012175570434,49.951213248768454,75.28190394053068,75.23306932297426,0.5394464153828059,0.5395041928361819,22.166068024991887,22.15951131973749,0.020798926801980144,0.048834617556423154
17.9,75.30550018186034,49.972110113900634,49.94995846274046,75.22015516753702,75.23013212199638,0.5397281989923739,0.5395950868241154,22.174903391135786,22.163505630604703,0.022151651160172037,-0.009976954459361309
17.95,75.30405377682693,49.97162140281549,49.94879455225835,75.28390152349985,75.22693422101885,0.5399484704834489,0.5396837489988423,22.183096707519898,22.167422889091025,0.022826850557137845,0.05696730248099868
18.0,75.302223197711,49.970632219953764,49.94772174553001,75.26862089554501,75.22348982198127,0.5400043366211413,0.5397700933307106,22.179297160952434,22.171259023030874,0.022910474423753158,0.0451310735637378
18.05,75.30002289215672,49.96763335825091,49.9467401118709,75.25315571690362,75.21981347624963,0.5395364106643694,0.539854037915165,22.188200880550145,22.17501010997766,0.020893246380005337,0.033342240653993827
18.1,75.29746787292058,49.96907468419167,49.94584957486011,75.2628713921524,75.21592007497506,0.5399905540059284,0.5399355056233774,22.187602809968016,22.17867240603525,0.023225109331555416,0.046951317177345686
18.15,75.29457368720261,49.96877482932542,49.94504991234038,75.25938597568388,75.21182481871452,0.5404623780907477,0.5400144241022478,22.18765739103785,22.18224234585802,0.023724916985038647,0.04756115696936547
18.2,75.29135638507299,49.96535926860542,49.94434075641815,75.25529441933716,75.2075431861801,0.5400745894649048,0.5400907257744034,22.190902717511246,22.185716542650827,0.021018512187268357,0.04775123315705798
18.25,75.28783248705079,49.96575968412767,49.94372159346344,75.25936968158072,75.20309090217152,0.5402750716260009,0.5401643478381992,22.193827668353574,22.18909178816902,0.022038090664231902,0.056278779409197455
18.3,75.28401895089371,49.965890068992586,49.943191764109976,75.2235923903035,75.19848390474749,0.5401007812473262,0.5402352322677175,22.194394145462283,22.19236505271844,0.022698304882609932,0.025108485556003757
18.35,75.27993313765809,49.96567851365212,49.94275046325514,75.18555970351855,75.19373831169177,0.540386056786673,0.5403033258127689,22.200428317430738,22.195533485155416,0.022928050396984645,-0.008178608173224688
18.4,75.27559277709037,49.963042995075526,49.942396729880635,75.21343651959661,75.1888703710077,0.5401430399957057,0.540368579908458,22.202238804153733,22.198594407093697,0.0206462651948911,0.024566148588917258
18.45,75.2710159324124,49.96476645779818,49.94212947963843,75.20230484022353,75.18389647520935,0.5407142486826679,0.5404309509750332,22.203819084501333,22.20154535074973,0.022636978159745524,0.018408365014181527
18.5,75.26622096456366,49.964138879317375,49.94194750224123,75.23021412170597,75.17883312208652,0.5402951214705525,0.5404904010432432,22.20398501177877,22.204384063511846,0.02219137707614749,0.05138099961945386
18.55,75.26122649596414,49.96447447544766,49.94184940784858,75.22597758597645,75.1736967982285,0.5402849840380978,0.5405468969768562,22.204759330443302,22.20710846409501,0.022625067599079784,0.05228078774794653
18.6,75.25605137386401,49.96320159247888,49.94183368785369,75.21553560291103,75.16850403436177,0.5405950996811961,0.5406004108312406,22.207612113027405,22.209716680573127,0.021367904625194,0.04703156854925794
18.65,75.25071463334439,49.96102444950326,49.94189871488343,75.20844641476629,75.16327136882164,0.5399501815902793,0.5406509198533641,22.203506716655077,22.21220705037909,0.019125734619834134,0.04517504594464583
18.7,75.24523546003665,49.96356260456468,49.94204274279839,75.20158731218466,75.15801531074159,0.5403608335598536,0.540698406481795,22.203914960244017,22.214578120304758,0.021519861766286397,0.043572001443067165
18.75,75.23963315262644,49.96322163832263,49.94226390669284,75.19551664241874,75.1527523030245,0.5404272251623048,0.540742858346701,22.206550635412807,22.21682864650096,0.02095773162979242,0.04276433939423896
18.8,75.23392708520967,49.96497394710425,49.942560222894706,75.1899676117908,75.14749868515906,0.5401758999081863,0.5407842682698496,22.206137278622275,22.218957594477487,0.02241372420954235,0.04246892663174151
18.85,75.22813666956795,49.96532172851002,49.94292958896563,75.18087652067037,75.14227065594633,0.5407324059015216,0.5408226342646083,22.209235815065103,22.220964139103106,0.02239213954438668,0.03860586472403327
18.9,75.22228131743091,49.96632738662764,49.94336978370094,75.16166154322549,75.13708423620062,0.5401731168085766,0.5408579595359445,22.20756526589836,22.22284766460555,0.022957602926702236,0.024577307024870265
18.95,75.21638040279302,49.96680576062418,49.943878459668625,75.15604605127842,75.13195522026591,0.5404811815626853,0.5408902526207218,22.20100325055437,22.224607762815587,0.022927300955558394,0.02409083101251497
19.0,75.21045322435194,49.96350256183354,49.9444532550429,75.18165604796044,75.12689930708473,0.5402500493303019,0.540919525768396,22.215315202667867,22.2262442131818,0.01904930679064165,0.05475674087571747
19.05,75.20451896813631,49.96723865842797,49.945091627664404,75.16103805035357,75.12193181355987,0.5403157071062895,0.5409457978407882,22.210319560662455,22.227757041132282,0.02214703076356983,0.03910623679369962
19.1,75.19859667038872,49.96962519537138,49.94579095456203,75.16060276960971,75.11706778751318,0.5405912548242171,0.540969092517907,22.210262151340263,22.229146476012204,0.02383424080935015,0.043534982096531394
19.15,75.19270518077148,49.966103653492105,49.946548542888166,75.14318286467208,75.11232198764964,0.5405134282447708,0.5409894381110879,22.21513488022257,22.23041294773849,0.019555110603938886,0.030860877022448108
19.2,75.18686312595963,49.96783336854181,49.94736162991872,75.15883485531866,75.10770884743015,0.5402233957682272,0.5410068675629947,22.212391784732073,22.23155708679984,0.020471738623093927,0.05112600788851296
19.25,75.18108887368729,49.969192486523475,49.94822738305303,75.1383897529537,75.10324243936903,0.5406510374028208,0.5410214184476178,22.208705513689445,22.232579724256667,0.020965103470445,0.03514731358467316
19.3,75.17540049731107,49.96984659532023,49.94914289981394,75.13653000410487,75.0989364398187,0.5402284118961362,0.5410331329702758,22.211543454383143,22.23348189174116,0.020703695506284703,0.03759356428616911
19.35,75.16981574095409,49.97135701503294,49.95010520784781,75.11212118612896,75.09480409430381,0.5404581101977715,0.5410420579676144,22.212496062443517,22.234264821457256,0.021251807185130644,0.017317091825148623
19.4,75.16435198529248,49.96850426979981,49.9511112649244,75.11707078512939,75.09085818346571,0.5403995084264271,0.541048244907607,22.21036765025448,22.23492994618063,0.017393004875408735,0.026212601663672785
19.45,75.1590262140459,49.96542809056435,49.95215794925687,75.16088761875515,75.08711097512717,0.5403169866423102,0.5410517504663113,22.210870064673212,22.235478916027567,0.013270141307479832,0.07377664362797987
19.5,75.15385498123203,49.96774585151928,49.95324216873724,75.1321586804488,75.08357435583287,0.5402583765663884,0.5410526332645862,22.212769750250988,22.23591348515116,0.014503682782041949,0.04858432461593054
19.55,75.14885437924288,49.973186272475246,49.95436075596838,75.12380680674366,75.08025964116867,0.5400863622213226,0.5410509568958027,22.210771591488623,22.23623563110308,0.01882551650686537,0.043547165574992164
19.6,75.14404000780073,49.97018259769691,49.955510478329415,75.05114456102503,75.07717755987389,0.5406349166796613,0.5410467902953175,22.20962035031197,22.236447556449175,0.01467211936749635,-0.02603299884886212
19.65,75.13942694384849,49.972657216717266,49.95668809550717,75.06754707124898,75.07433831017973,0.5404281735377929,0.5410402055804947,22.208574455938674,22.23655161658935,0.01596912121009808,-0.00679123893074518
19.7,75.13502971242893,49.97491049936356,49.95789035949612,75.0857182286813,75.07175153062016,0.5404756926471189,0.5410312780507064,22.215027891249168,22.236550319757615,0.017020139867440776,0.013966698061139482
19.75,75.13086225860415,49.97453005233105,49.95911401459848,75.07738818049016,75.06942627185397,0.5405935238257711,0.5410200861873321,22.210263375636305,22.236446327022072,0.015416037732570942,0.007961908636190174
19.8,75.1269379204661,49.973376252005636,49.960355797424114,75.06304435144219,75.06737096954961,0.5406678254089187,0.5410067116537595,22.21026144106318,22.236242452284888,0.01302045458152179,-0.004326618107427294
19.85,75.12326940328603,49.972113329900004,49.9616124368906,75.05640923380095,75.06559341838197,0.5401473279811729,0.5409912392953834,22.206916964294397,22.23594166228233,0.010500893009407264,-0.009184184581016552
19.9,75.11986875484895,49.97621873548494,49.96288065422322,75.1099389788799,75.0641007471886,0.5400874436201016,0.5409737571396067,22.206106560801153,22.235547076584744,0.013338081261721868,0.04583823169129175
19.95,75.1167473420179,49.97578479010962,49.96415716295493,75.03086745045887,75.0628993953312,0.5400898068604816,0.5409543563958402,22.205852778100766,22.235061967596565,0.011627627154688014,-0.03203194487232963
20.0,75.1139158285693,49.977878011156214,49.9654386762672,75.07398034159971,75.06199510133351,0.5401905137146571,0.5409331323542519,22.205466034455334,22.234489790106924,0.012439334889016607,0.011985240266199071
20.05,75.11138415433908,49.98109936847966,49.966722017263514,75.06836083288775,75.06139304743505,0.5396713934972162,0.5409101782228614,22.205494484155928,22.233833947897388,0.01437735121614736,0.0069677854527014915
20.1,75.10916151571755,49.979673167071326,49.96800396500066,75.08944907497941,75.061097608505,0.5403133196386177,0.5408855929355769,22.202171545572334,22.233098105779867,0.011669202070663687,0.028351466474418885
20.15,75.10725634752745,49.980408178314164,49.969281335691825,75.07943970374093,75.0611124556305,0.5404102666885002,0.5408594778136051,22.204341478205183,22.232286051927442,0.011126842622338984,0.018327248110438177
20.2,75.10567630631763,49.981085668502104,49.970551001021626,75.09220205063713,75.06144056662133,0.5402625721141301,0.5408319352944296,22.20465136416803,22.231401649369086,0.010534667480477822,0.030761484015798146
20.25,75.10442825510276,49.98038798454774,49.97180988814613,75.04304830714545,75.06208421043812,0.5401167452820144,0.5408030689318105,22.194966199414807,22.230448835989645,0.008578096401606672,-0.019035903292660805
20.3,75.10351824957624,49.98000005385262,49.9730549796929,75.0958687381997,75.06304493308883,0.5400091285104496,0.5407729833957851,22.200521725222124,22.229431624529855,0.006945074159723674,0.03282380511086558
20.35,75.10295152582115,49.9834342502239,49.97428331376093,75.08220925521114,75.06432354502078,0.5398376401497513,0.5407417844726667,22.199696825413387,22.228354102586326,0.009150936462972936,0.017885710190356008
20.4,75.10273248954145,49.983462776335685,49.9754919839207,75.10898102654113,75.06592011003238,0.5400372892080013,0.5407095790650465,22.200314371089632,22.227220432611567,0.007970792414987216,0.043060916508750324
20.45,75.10286470683292,49.981530998823054,49.97667813921413,75.08055670830903,75.06783393572665,0.5397628659104146,0.5406764751917914,22.196245291361826,22.226034851913962,0.0048528596089241205,0.012722772582378639
20.5,75.10335089651035,49.98649290423737,49.97783898415465,75.04077572302049,75.07006356552522,0.5402975617620243,0.5406425819880457,22.19716120406308,22.224801672657783,0.008653920082721811,-0.029287842504729156
20.55,75.1041929240055,49.98429418076875,49.978971816640744,75.06943064188113,75.07260682920841,0.5403072340275741,0.5406080104292063,22.189521712598022,22.22352530770351,0.0053223641280055745,-0.0031761873272841967
20.6,75.10539179684632,49.983046677271524,49.980074056230414,75.12618231232365,75.07546088057158,0.5400207694714133,0.5405728662843732,22.19348651418115,22.222209984949544,0.0029726210411098464,0.05072143175206634
20.65,75.10694766172632,49.985410016980154,49.981143166691595,75.09393687007523,75.07862207787912,0.5396861395469033,0.5405372603359873,22.192533239620246,22.220860177347152,0.004266850288558999,0.015314792196107874
20.7,75.1088598031696,49.98448013093213,49.98217671724784,75.08891236621268,75.0820860742603,0.5399739993625882,0.5405013023863724,22.192621763178668,22.219480347456486,0.0023034136842881026,0.006826291952378938
20.75,75.11112664379397,49.986596170638805,49.98317238319727,75.07668708511896,75.08584781865832,0.5397806607314627,0.5404651011089738,22.19494310536897,22.21807494125771,0.003423787441533932,-0.009160733539360422
20.8,75.11374574617253,49.98915322745595,49.98412794591261,75.09949465175248,75.08990155746874,0.5398561217050233,0.5404287640483574,22.184816550537324,22.216648388150997,0.005025281543339588,0.009593094283744108
20.85,75.11671381629036,49.98798506877611,49.98504129284115,75.10394388533354,75.09424083779611,0.5395982288068252,0.5403923976202099,22.19425607773424,22.21520510095654,0.002943775934959092,0.009703047537428233
20.9,75.12002670859087,49.98943237953613,49.98591041750476,75.09218408514286,75.09885851232377,0.5398009826694318,0.5403561071113392,22.194074074661142,22.213749475914543,0.0035219620313711175,-0.00667442718091138
20.95,75.12367943260297,49.98583114254056,49.9867334194999,75.07640885815798,75.10374674578983,0.53971144881661,0.5403199966796737,22.18413851824396,22.212285892685223,-0.0009022769593372004,-0.027337887631858848
21.0,75.12766616113812,49.985486216702036,49.9875085044976,75.1239584995287,75.10889702305894,0.539861383830197,0.5402841693542634,22.185180881476356,22.210818714348814,-0.0020222877955617946,0.015061476469753643
21.05,75.13198024004245,49.99007080242523,49.98823398877797,75.07809014761575,75.11430016558971,0.5398097504280168,0.5402487275414759,22.18449405434116,22.20935230981049,0.0018368136472588503,-0.036210017973957065
21.1,75.13661419948762,49.987690830024356,49.98890834070174,75.08833083426718,75.11994640497713,0.5396253403991633,0.5402137706054975,22.190373444848735,22.207890942492625,-0.0012175106773852917,-0.03161557070994547
21.15,75.14155976678055,49.987503906867886,49.9895301413071,75.13331919613505,75.12582533652608,0.5397029557820726,0.5401793944642891,22.179016197262403,22.20643876337951,-0.002026234439213681,0.007493859608970865
21.2,75.14680788066944,49.98858427514261,49.99009810637455,75.13965433389372,75.13192596671092,0.540004549447029,0.5401456954108752,22.184702732805786,22.204999978854453,-0.001513831231946483,0.007728367182792795
21.25,75.15234870712165,49.98944091193928,49.99061108571045,75.14717692405611,75.13823672790824,0.5393535373639394,0.540112766641011,22.18660499083948,22.20357869287882,-0.0011701737711646842,0.008940196147875668
21.3,75.1581716565451,49.98955845431194,49.99106806314691,75.14466846861626,75.1447454956805,0.5396768650672245,0.5400806982531827,22.18288285442724,22.202178906992035,-0.0015096088349721981,-7.702706423629024e-5
21.35,75.16426540242375,49.988165070807725,49.99146815654186,75.13749376807368,75.15143960750257,0.5397986293388455,0.5400495772486071,22.18633192490534,22.200804520311557,-0.003303085734138733,-0.013945839428885165
21.4,75.17061790133387,49.98776592981863,49.991810617779045,75.16735078960892,75.15830588289828,0.5394713757796397,0.5400194875312324,22.179520452162887,22.199459329532896,-0.004044687960416127,0.009044906710641953
21.45,75.17721641430629,49.987977131934464,49.99209483276796,75.17001883983961,75.1653306449504,0.5394311843620403,0.5399905099077372,22.182316591087538,22.19814702892961,-0.00411770083349694,0.004688194889212127
21.5,75.184047529497,49.985424688279245,49.99232032144395,75.20433986756125,75.1724997431456,0.5396421038793112,0.5399627220875312,22.183948940245163,22.196871210353308,-0.006895633164702986,0.03184012441565187
21.55,75.19109718612627,49.98638991746212,49.99248673776812,75.18623962246039,75.17979857751303,0.539582598479477,0.5399361986827549,22.180244899183013,22.195635363233635,-0.006096820305998563,0.006441044947365526
21.6,75.19835069964424,49.987236494123515,49.992593887117444,75.20430747347423,75.18721215016697,0.5394962629304033,0.5399110117162981,22.186272156489732,22.194442897435124,-0.005357392993929011,0.01709532330725949
21.65,75.20579278807831,49.98976007774803,49.9926417003703,75.14450596996393,75.19472505293383,0.5394496220841508,0.539887227611212,22.181963859574083,22.193296994457132,-0.0028816226222687646,-0.050219082969903184
21.7,75.2134075995166,49.98956493710493,49.99263026061738,75.19588292588658,75.20232153527485,0.5394408067521295,0.5398649096937508,22.185179530453315,22.192200744689167,-0.003065323512451812,-0.006438609388268901
21.75,75.2211787406784,49.98660113175987,49.99255980621492,75.20153959145465,75.20998553774695,0.5396699386543332,0.53984411800605,22.181008289004062,22.191157128512753,-0.005958674455051494,-0.00844594629229789
21.8,75.22908930652162,49.99033459694977,49.992430709431844,75.22470142970306,75.21770068979883,0.5396438842917598,0.5398249081965529,22.179591878803294,22.19016896108548,-0.0020961124820715327,0.007000739904228226
21.85,75.23712191083496,49.98542312029357,49.992243476449744,75.22454879637861,75.22545034067586,0.5399039602110117,0.5398073315200108,22.179553073386607,22.189238892341038,-0.006820356156175933,-0.0009015442972497567
21.9,75.2452587177607,49.98718770894069,49.99199874736287,75.22474977652239,75.23321759126577,0.5398241538643911,0.5397914348374825,22.177554647844676,22.18836940698916,-0.0048110384221828895,-0.008467814743383428
21.95,75.25348147419277,49.98476511701096,49.991697296178145,75.22408082381347,75.2409853268279,0.5396784708837198,0.5397772606163348,22.175629454684987,22.187562824515684,-0.006932179167186803,-0.01690450301443036
22.0,75.26177154299236,49.98674636367579,49.991340030815145,75.23785517790364,75.24873625054518,0.5397526884333743,0.5397648469302422,22.18182603014138,22.18682129918252,-0.004593667139353386,-0.01088107264153848
22.05,75.27010993696327,49.98535085538969,49.99092799310617,75.27604005180612,75.2564529178383,0.5398297043330864,0.539754227459187,22.182584821423017,22.186146820027655,-0.0055771377164788305,0.01958713396781775
22.1,75.27847735352579,49.98533959373161,49.99046235879611,75.26285007561629,75.26411777137832,0.539662967471942,0.5397454314894592,22.179696085270642,22.185541210865146,-0.005122765064498935,-0.0012676957620385565
22.15,75.28685421002933,49.98186121170949,49.98994445808734,75.25797449511234,75.27171320766972,0.5400313935107669,0.539738484035812,22.18243433778714,22.185006132737104,-0.008083246377850628,-0.013738712557383792
22.2,75.29522067963973,49.980552108120676,49.989375677424434,75.25773206810788,75.27922146538174,0.5397198639503417,0.5397334049121378,22.178413040223425,22.184543021403574,-0.008823569303757495,-0.021489397273853683
22.25,75.3035567277392,49.97847050468736,49.988757595161246,75.26834699713815,75.28662486632857,0.5396375717793379,0.5397302092725726,22.183484191972017,22.184153154107264,-0.010287090473887872,-0.0182778691904133
22.3,75.31184214877345,49.98012412324729,49.98809190827356,75.27675708790117,75.29390574228556,0.5398432854434968,0.5397289075682431,22.184970917766062,22.183837620767587,-0.007967785026266938,-0.01714865438438551
22.35,75.32005660348162,49.98151628600732,49.98738041966756,75.28556496628417,75.30104645338258,0.5398461324502308,0.5397295054896705,22.18622513442585,22.183597318638146,-0.00586413366023919,-0.015481487098412572
22.4,75.32817965644249,49.97927711928201,49.98662503817988,75.31968788951231,75.30802942590479,0.5397095402994804,0.5397320039667712,22.187431380957463,22.183432952306784,-0.007347918897870898,0.011658463607517433
22.45,75.33619081387067,49.98056906907823,49.98582777857763,75.32134482824853,75.31483719032403,0.5399710320213331,0.5397363991688566,22.19372869034211,22.183345033695545,-0.005258709499400993,0.006507637924499932
22.5,75.34406956159609,49.97871872603184,49.98499076155836,75.2897192476935,75.3214524194918,0.5400087085782999,0.5397426825046324,22.19342673061731,22.183333882060722,-0.00627203552651423,-0.031733171798308035
22.55,75.35179540315889,49.97778539450665,49.98411621375008,75.31618043440959,75.32785796692426,0.5399491365993268,0.5397508406221998,22.19028600856712,22.183399623992806,-0.0063308192434305965,-0.011677532514667632
22.6,75.35934789795292,49.97868751511654,49.98320646771124,75.3235943064497,75.33403690510923,0.5400149139742234,0.5397608554090543,22.184362212146294,22.1835421934165,-0.00451895259470092,-0.010442598659523128
22.65,75.36670669934941,49.976261834437096,49.982263967149116,75.2981025961911,75.33997257163176,0.540268180865228,0.5397727038721601,22.189110460673028,22.183761327627476,-0.006002132712019659,-0.04186997544066173
22.7,75.37385159273379,49.97620573784919,49.981291249618224,75.32897679795803,75.34564858123855,0.5404158349155196,0.5397863582415382,22.190978294410538,22.184056560795632,-0.005085511769031825,-0.016671783280514774
22.75,75.38076253338784,49.96931750735126,49.9802908413305,75.32790120132066,75.35104870519987,0.540241442275733,0.5398017882549275,22.19935009068146,22.18442730361844,-0.010973333979237054,-0.023147503879215492
22.8,75.38741968414985,49.9715018722363,49.97926547171148,75.36923738677264,75.35615723242903,0.5400211730496827,0.5398189562982186,22.19864924990694,22.184872687732078,-0.0077635994751759085,0.013080154343612094
22.85,75.39380345278613,49.96948235881646,49.978217922655546,75.35689792769544,75.3609587796241,0.540209423470865,0.5398378207005465,22.194828880841374,22.185391667239443,-0.008735563839088911,-0.0040608519286564615
22.9,75.3998945290072,49.971328730538985,49.977151028525824,75.35520582877807,75.36543832822221,0.5400433911169187,0.53985833573429,22.20092151079696,22.18598301871018,-0.005822297986838976,-0.010232499444143173
22.95,75.40567392106287,49.96796335464458,49.976067676154315,75.36179973235232,75.36958126090124,0.5404671181079319,0.5398804516150723,22.202241310488155,22.186645341180657,-0.008104321509733836,-0.007781528548918004
23.0,75.41112299185122,49.96590939442146,49.97497080484173,75.38624658394009,75.37337339756186,0.5401950050572838,0.5399041145017606,22.197540834033642,22.18737705615398,-0.009061410420272864,0.012873186378229207
23.05,75.41622349447695,49.966169557719724,49.97386340635766,75.35569842558878,75.37680103072665,0.5401837444540079,0.5399292664964666,22.203264672910255,22.188176407599993,-0.007693848637934764,-0.021102605137869546
23.1,75.42095760719613,49.96450292396727,49.97274852494043,75.38575990429824,75.37985096029209,0.5404414541610375,0.5399558456445458,22.207537012005957,22.189041461955256,-0.008245600973161515,0.005908944006151273
23.15,75.42530796768436,49.96534114281097,49.97162925729718,75.35043089405924,75.38251052757172,0.5404553383426428,0.539983785934598,22.204641794345644,22.189970108123088,-0.006288114486210361,-0.03207963351248111
23.2,75.42925770656824,49.96362336612082,49.970508752603884,75.36247522780491,75.38476764856965,0.5405338876358898,0.5400130172984671,22.204757163752227,22.190960057473507,-0.006885386483062916,-0.02229242076474236
23.25,75.4327904801591,49.966486444715,49.96939022382124,75.4107921647002,75.38661086349636,0.5410343376056365,0.540043464856041,22.206328136212253,22.192008815854823,-0.0029037791062407337,0.02418130120383921
23.3,75.43589050233139,49.96363383658538,49.96827683273669,75.3841472069522,75.38802919489014,0.5406434383891678,0.5400750522359435,22.21247666463236,22.19311380132063,-0.004642996151311252,-0.0038819879379303757
23.35,75.43854257548831,49.964869001906095,49.96717175661405,75.4202111237472,75.38901227876131,0.5403276861183973,0.5401077008280978,22.21042325489072,22.19427231716648,-0.002302754707955046,0.031198844985880214
23.4,75.44073212055939,49.962573330644474,49.966078258110734,75.38507836343017,75.38955049970077,0.5405902211266363,0.5401413251957193,22.214212875126414,22.19548138322919,-0.003504927466259744,-0.004472136270607052
23.45,75.442445205976,49.95625314982697,49.96499958323748,75.38785575890961,75.38963486550014,0.5408703165073219,0.540175837593924,22.212138350297863,22.19673790148733,-0.008746433410507848,-0.0017791065905328196
23.5,75.44366857557316,49.95852151389386,49.96393896135837,75.4065804397645,75.38925703461777,0.5406814006211871,0.5402111479697277,22.21626869710279,22.198038656061186,-0.005417447464516556,0.017323405146726145
23.55,75.44438967536729,49.95707511391914,49.962899605190806,75.38554326814364,75.38840934250541,0.5406723069576842,0.5402471639620463,22.21747788350399,22.19938031321276,-0.005824491271667398,-0.0028660743617763274
23.6,75.44459667916163,49.9577425094787,49.961884710805535,75.36153063215346,75.38708482674993,0.5405667773555635,0.5402837909016964,22.21804867435659,22.200759421345786,-0.004142201326835959,-0.025554194596466573
23.65,75.44427851293362,49.957603614043215,49.960897457626615,75.350805723284,75.385277250986,0.5404857685334781,0.5403209318113943,22.21967237654136,22.20217241100572,-0.0032938435833997914,-0.0344715277019958
23.7,75.44342487795953,49.960061570521056,49.95994100843142,75.42809492145334,75.38298112753773,0.5411560589350813,0.5403584874057563,22.216920435880578,22.203615594879746,0.00012056208963429071,0.045113793915604106
23.75,75.44202627263515,49.957461317300016,49.95901850935072,75.3821104613757,75.38019173875004,0.5406799304377709,0.5403963560912998,22.223529930656404,22.20508516779676,-0.0015571920507042591,0.0019187226256605072
23.8,75.44007401295258,49.95905545648251,49.958133089868554,75.39863259426687,75.37690515697238,0.5405675728027356,0.5404344339664412,22.22443943746374,22.2065772067274,0.0009223666139561715,0.021727437294487117
23.85,75.43756025159615,49.957355334453844,49.95728786186833,75.35898630244577,75.3731182617205,0.5409671044659335,0.5404726134085078,22.22613962351696,22.208087618937974,6.747258551342838e-5,-0.014131959274735095
23.9,75.4344779956223,49.95296285723289,49.95648578907254,75.39742575671688,75.36882855988821,0.5409506424513899,0.5405107901912866,22.230853907668926,22.20961242133245,-0.0035229318396474696,0.028597196828670235
23.95,75.4308211226915,49.955723501928865,49.955729836937095,75.38521482943906,75.36403442767009,0.5407068403411914,0.5405488571367795,22.228056371430604,22.211147474355354,-6.33500822999622e-6,0.021180401768972956
24.0,75.42658439582189,49.95671875753011,49.9550229314271,75.3675035041467,75.35873506265007,0.540656812322845,0.5405867033538994,22.22843865015809,22.212688464358365,0.0016958261030097788,0.008768441496627588
24.05,75.42176347663784,49.9568328593831,49.95436791538369,75.38169507001516,75.35293043078029,0.5406183888583042,0.5406242180132976,22.235763034950743,22.214231050341994,0.0024649439994064437,0.02876463923486483
24.1,75.41635493708866,49.95633700557927,49.953767548524084,75.35731699816401,75.34662127768627,0.5411093259623598,0.5406612903473653,22.229603813306905,22.215770863955633,0.0025694570551877405,0.010695720477741588
24.15,75.41035626961498,49.952588138253375,49.95322450744151,75.36720581700516,75.33980913844454,0.5410961049813353,0.5406978096502321,22.228012155418572,22.217303509497487,-0.0006363691881361433,0.027396678560620558
24.2,75.40376589574448,49.954118303473635,49.952741385605314,75.37830449237092,75.332496345817,0.5408266600055195,0.5407336652777672,22.231604084479486,22.218824563914634,0.0013769178683205041,0.04580814655390952
24.25,75.3965831730997,49.94898788132363,49.95232069336084,75.28661976085073,75.3246860369266,0.5411621056652495,0.5407687466475787,22.236109104146582,22.220329576802992,-0.0033328120372075887,-0.03806627607586677
24.3,75.38880840080432,49.953614255072736,49.95196485792954,75.29778968152114,75.31638215836323,0.5411904153205804,0.5408029432390139,22.231049319657288,22.221814070407326,0.0016493971431970067,-0.018592476842087535
24.35,75.38044282327732,49.95415805841202,49.95167622340889,75.32605963804167,75.3075894697107,0.5412908628965574,0.5408361445931593,22.24107981764596,22.223273539621264,0.0024818350031310388,0.018470168330964043
24.4,75.37148863240628,49.95425233051982,49.95145705077242,75.31400993044748,75.29831354548848,0.5407995409167324,0.5408682403128405,22.23507197524319,22.224703451987263,0.002795279747402901,0.015696384958999943
24.45,75.36194896809516,49.95581727015704,49.9513094935255,75.3174873082403,75.28856073881194,0.5416066934565553,0.5408991189733947,22.236487351234885,22.226099213812684,0.00450777663154156,0.028926569428364246
24.5,75.35182791718348,49.95590196785203,49.951235536136444,75.29517800945136,75.27833808739308,0.541386243102439,0.5409286749846675,22.238053080019657,22.22745644258369,0.0046664317155844515,0.01683992205828133
24.55,75.34113051073774,49.95327157225578,49.95123708915944,75.25669572218024,75.26765345414331,0.5413156529010934,0.5409568010632355,22.239015374768055,22.22877063997237,0.0020344830963381355,-0.01095773196307448
24.6,75.32986271971802,49.95343346700188,49.95131593883079,75.26937972826124,75.25651544682772,0.5411485809583273,0.5409833907148797,22.240571946870883,22.23003731262761,0.00211752817109101,0.012864281433522251
24.65,75.31803144902581,49.956392665250284,49.951473742097704,75.25392050168028,75.24493340465003,0.5411727274055849,0.5410083397901774,22.240311688554772,22.231252033955585,0.004918923152580135,0.008987097030257019
24.7,75.30564452994228,49.954327308787654,49.951712026618324,75.23346335190567,75.23291739077125,0.5414597676641112,0.5410315464845036,22.239592142032713,22.232410444119793,0.0026152821693301576,0.000545961134420736
24.75,75.29271071096818,49.95653234292344,49.952032190761706,75.20761834537967,75.22047818327982,0.5413852582375737,0.54105291133803,22.238209017986538,22.233508250041034,0.004500152161732274,-0.01285983790015166
24.8,75.27923964708023,49.95963660549525,49.95243550360783,75.20435466111265,75.20762726462824,0.5409919367479233,0.5410723372357253,22.238419411328074,22.234541225397425,0.007201101887417849,-0.0032726035155974387
24.85,75.26524188742121,49.95737289498578,49.95292310494759,75.1795596933934,75.19437680955264,0.5411420043851911,0.5410897294073554,22.24359662323988,22.235505210624385,0.0044497900381941236,-0.014817116159235866
24.9,75.25072886144356,49.95905124938936,49.953496005282844,75.19378288315409,75.18073967149488,0.5413118273394568,0.5411049954274831,22.24796376619391,22.236396112914647,0.005555244106517421,0.013043211659208964
24.95,75.23571286352944,49.95965149594787,49.9541550852642,75.16600502533028,75.16672936670312,0.5413480674233547,0.5411180451660274,22.235842559828143,22.237209904016098,0.0054964106836692395,-0.0007243413728446058
25.0,75.22020703611238,49.95941499611674,49.954901052797,75.17609901117312,75.15235999319799,0.5410007526222246,0.5411287904971578,22.237431855225495,22.23794261704331,0.004513943319743419,0.02373901797513156
25.05,75.20422535132872,49.961775567547015,49.955734498496426,75.12305663525868,75.1376462963214,0.541062410274405,0.5411371502838652,22.245039881497743,22.23859055476643,0.0060410690505889875,-0.014589661062728965
25.1,75.1877825912292,49.96246763936767,49.95665584295742,75.14022573638096,75.12260357010284,0.5413762728079751,0.541143043178146,22.240302202747465,22.239149962389337,0.005811796410249315,0.01762216627811597
25.15,75.17089432658408,49.96249702917865,49.95766535910055,75.13403969599348,75.10724767023595,0.5410713618092747,0.5411463919414664,22.236312403507227,22.239617231263267,0.004831670078097261,0.026792025757529814
25.2,75.15357689431684,49.962985746719276,49.95876317217206,75.05558296215531,75.09159499209595,0.5411092075722518,0.5411471234447631,22.238377846374966,22.23998889888678,0.004222574547213753,-0.036012029940636126
25.25,75.135847373605,49.96681844530363,49.95994925974375,75.06600364328547,75.07566244746315,0.5410665404634387,0.5411451686684431,22.23661572056576,22.240261648905783,0.006869185559878588,-0.009658804177675506
25.3,75.1177235606879,49.969803197135924,49.961223451713096,75.06596510135859,75.05946743999084,0.5410869483504566,0.5411404627023834,22.24166424065881,22.24043231111353,0.008579745422828466,0.006497661367745877
25.35,75.09922394242408,49.96935652145841,49.96258543030317,75.05645822618824,75.04302783945664,0.5408207194185574,0.541132944745931,22.236734385637988,22.240497861450606,0.006771091155236775,0.013430386731599242
25.4,75.08036766864315,49.969984052706636,49.9640347300627,75.00878406968799,75.02636195483926,0.5409906270970366,0.5411225581079039,22.234257886300085,22.24045542200493,0.005949322643935773,-0.0175778851512689
25.45,75.06117452333883,49.96823749154828,49.96557073786598,75.03195252346676,75.0094885062638,0.5408449317914176,0.5411092502065893,22.23073719155352,22.240302261011777,0.002666753682298406,0.02246401720294955
25.5,75.04166489475213,49.969962118682986,49.96719267785253,75.0140921499086,74.99242657325843,0.5408267335865106,0.5410929722210791,22.228027585686768,22.24003577301996,0.002769440830455494,0.021665576650178764
25.55,75.02185974439534,49.975726938827044,49.96889964363718,74.96269822246879,74.9751956129343,0.5408323578042252,0.5410736808842078,22.232463884207068,22.239653583418132,0.006827295189864913,-0.012497390465512126
25.6,75.0017805750698,49.97523336093335,49.970690572449655,74.9671917950047,74.95781538999157,0.5406846406868404,0.5410513376859329,22.234179938092538,22.239153485243758,0.004542788483696825,0.00937640501312842
25.65,74.98144939793158,49.97900614789815,49.972564228192056,74.95507621643927,74.94030591922137,0.5409417414477755,0.5410259081897005,22.226802159533452,22.23853340782899,0.006441919706091426,0.014770297217893358
25.7,74.96088869866136,49.978950852091224,49.974519237371915,74.91229495899591,74.92268748643494,0.5406582122591623,0.5409973630620185,22.227399040360094,22.237791479317167,0.004431614719308641,-0.010392527439023524
25.75,74.94012140279624,49.980259095742845,49.976554089102194,74.92474040111959,74.90498061461462,0.5407616640427544,0.540965678072456,22.222602611388915,22.23692602666279,0.0037050066406507653,0.019759786504977228
25.8,74.91917084028239,49.98055044571701,49.978667135101254,74.88967902371827,74.88720602928515,0.5406400448902717,0.5409308340936438,22.2237482379351,22.235935575631526,0.0018833106157529755,0.0024729944331198794
25.85,74.8980607093095,49.985443096622696,49.980856589692905,74.86838178706333,74.86938462316222,0.5405201808670973,0.5408928171012745,22.217847552678826,22.23481885080023,0.004586506929790346,-0.00100283609889118
25.9,74.87681503948819,49.983952372570194,49.98312052980638,74.85472837879652,74.85153742013514,0.5402222853608045,0.5408516181741021,22.218688042760434,22.233574775556917,0.000831842763815871,0.003190958661377863
25.95,74.85545815443412,49.99233461277444,49.98545689497632,74.78916078205981,74.83368553864342,0.5405685895755747,0.5408072334939419,22.217855725960558,22.23220247210078,0.006877717798118965,-0.04452475658361266
26.0,74.83401463382201,49.990661439496144,49.98786348734281,74.83576743991415,74.81585015450618,0.540232614689071,0.5407596643456714,22.215241117858163,22.23070126144219,0.00279795215333678,0.019917285407970553
26.05,74.81250927497503,49.995659758688,49.99033795497835,74.81725045629668,74.79805243831909,0.5404497714040787,0.5407089171065541,22.211094567782727,22.229070651124196,0.0053218037096485205,0.0191980179775868
26.1,74.7909670540552,49.99774586688528,49.992877900424475,74.8209376066263,74.78031367976102,0.5400920316307426,0.540655003135638,22.210608420266503,22.22731038493089,0.004867966460807338,0.040623926865279714
26.15,74.7694130869209,49.99705728815572,49.99548072648682,74.76018178052072,74.7626550183577,0.5398420795291895,0.540597939657248,22.20439251998428,22.225420412906075,0.0015765616689051853,-0.002473237836980502
26.2,74.74787258971907,50.00155471329525,49.998143721726954,74.75802936209782,74.74509753268218,0.5398516100238538,0.5405377490783851,22.203158937877507,22.223400894654226,0.003410991568294719,0.012931829415634866
26.25,74.72637083927927,50.00185127601015,50.00086407455711,74.75819709888826,74.727662222395,0.5399436441300454,0.5404744589260794,22.1968477922972,22.22125220333913,0.0009872014530429851,0.03053487649326314
26.3,74.70493313337745,50.00616810122211,50.00363887324011,74.7279324909805,74.7103699690191,0.5396312507397225,0.5404081018473886,22.200594344610774,22.218974925683856,0.002529227982002169,0.01756252196140906
26.35,74.68358475093784,50.008739003622225,50.00646510588951,74.70867186719747,74.6932414966103,0.5396862984904165,0.5403387156093999,22.197167193128227,22.216569861970797,0.0022738977327136922,0.01543037058716834
26.4,74.66235091224068,50.00862288472422,50.00933966046944,74.69144193014166,74.6762973323881,0.5391827942032611,0.5402663430992285,22.183646913323454,22.214038026041653,-0.0007167757452251067,0.015144597753561584
26.45,74.64125673920458,50.01413342161782,50.01225932479474,74.64511310348885,74.65955776739365,0.5394293250417592,0.5401910323240181,22.182999743002085,22.211380645297414,0.0018740968230801514,-0.01444466390479704
26.5,74.62032721581107,50.017410733510474,50.015220786530826,74.64462216300818,74.64304281723932,0.5393504875775332,0.5401128364109411,22.17988591458763,22.20859916069839,0.0021899469796480275,0.0015793457688602075
26.55,74.59958714873976,50.017721090798375,50.01822062478721,74.62813424516658,74.62677217047411,0.5390909217010339,0.5400318138635646,22.178822625946612,22.20569523391226,-0.0004995339888367312,0.0013620746924658533
26.6,74.57906112828088,50.02215764300802,50.021255369167946,74.641711395826,74.6107652378105,0.539158747182763,0.5399480274658963,22.17012353865142,22.202670707141294,0.0009022738400759067,0.03094615801549594
26.65,74.55877348959301,50.02328651899315,50.024321509212896,74.60180072357774,74.5950411275196,0.5388194574823986,0.5398615437585095,22.168528108953133,22.199527606144283,-0.0010349902197432925,0.006759596058145689
26.7,74.53874827437191,50.027045482648056,50.02741538684009,74.55630459904096,74.57961844674227,0.5389623908929265,0.5397724362178571,22.166873005066563,22.196268229812734,-0.00036990419203419833,-0.02331384770131706
26.75,74.51900919299625,50.02864920631085,50.03053330189766,74.56585388436305,74.56451542109234,0.5384093141272727,0.5396807824438434,22.163828918815547,22.19289506288738,-0.0018840955868100195,0.001338463270712964
26.8,74.4995795872153,50.033804338522,50.03367151216385,74.55117603674839,74.54974985722075,0.5387208404961232,0.539586664159825,22.159356539123923,22.189410775958198,0.00013282635815414778,0.0014261795276411249
26.85,74.48048239344232,50.03440337283914,50.03682623334692,74.53945659237897,74.53533910593056,0.5389038982538243,0.5394901672126087,22.155136534837954,22.18581822546439,-0.002422860507785174,0.004117486448407703
26.9,74.46174010671697,50.03398678092198,50.03999363908528,74.50413522363621,74.52130002590678,0.5389361306604934,0.5393913815724535,22.14674880792298,22.18212045369441,-0.006006858163303264,-0.017164802270571045
26.95,74.44337474539768,50.0364078500753,50.043169860947366,74.51723319290508,74.50764894812191,0.5384667639597315,0.5392904013330693,22.15032152114549,22.178320688785924,-0.006762010872066071,0.009584244783169993
27.0,74.42540781664536,50.04291214590408,50.04635098843173,74.47138792952593,74.49440164098009,0.5386053454229216,0.5391873247116177,22.141617313138163,22.174422344725855,-0.0034388425276503654,-0.023013711454154873
27.05,74.40786028275713,50.04359989051371,50.049533068967,74.4762402260457,74.48157327625859,0.5378542008528877,0.5390822540487116,22.142863085360347,22.170429021350348,-0.005933178453290111,-0.005333050212882995
27.1,74.39075252840766,50.04884440511317,50.052712099982756,74.45513575425646,74.46917838410907,0.5382264892858805,0.5389752964028752,22.127918546273822,22.166344527707793,-0.0038676948695837154,-0.014042629852610844
27.15,74.37410432885412,50.05167893846628,50.05588412516262,74.42977872358901,74.45723096395754,0.5377712077534292,0.5388665607299746,22.1280625973257,22.16217277281055,-0.004205186696339069,-0.027452240368532443
27.2,74.35793481915957,50.05266648817014,50.05904518087113,74.45073919927991,74.4457443733716,0.5380650447923806,0.5387561584515819,22.12242082519941,22.157917792778953,-0.006378692700991451,0.00499482590831235
27.25,74.34226246448684,50.05542685735472,50.06219124582791,74.41458204605615,74.43473122289348,0.5380532485587171,0.5386442071652222,22.12421539500847,22.153583896657253,-0.0067643884731936055,-0.020149176837321647
27.3,74.327105031514,50.05642669940829,50.06531832444365,74.40867990667475,74.4242034707421,0.5374698253233955,0.5385308267422788,22.11193181797057,22.14917551282678,-0.008891625035360562,-0.015523564067351003
27.35,74.31247956102006,50.063884351914204,50.068422446820016,74.39501882693446,74.41417239463662,0.5378179587976271,0.5384161393279924,22.106216820002942,22.14469718900592,-0.004538094905811363,-0.019153567702161922
27.4,74.29840234168793,50.062315560677746,50.07149966874971,74.39948909652963,74.40464856480921,0.5377786270957855,0.5383002693414615,22.10642906139031,22.140153592250144,-0.009184108071963237,-0.005159468279572366
27.45,74.28488888516875,50.06624070120536,50.07454607171642,74.3636106876141,74.39564181825436,0.5371729424360464,0.5381833434756419,22.10179065303346,22.13554950895196,-0.008305370511060062,-0.03203113064026297
27.5,74.27195390245072,50.0703699291013,50.0775577628949,74.38262275996821,74.38716123426089,0.5371088485388493,0.5380654906973473,22.106241675199616,22.13088984484097,-0.007187833793601328,-0.004538474292672845
27.55,74.25961128157209,50.070676835388056,50.080530875150856,74.34274423657665,74.37921511126943,0.537174330295807,0.5379468422472493,22.092353977399874,22.126179624983823,-0.009854039762799971,-0.03647087469278176
27.6,74.24787406671636,50.074185526628966,50.08346156704102,74.37748946389692,74.37181094509782,0.5366904067772696,0.5378275316398765,22.09010346174628,22.121423993784255,-0.009276040412053987,0.005678518799101084
27.65,74.23675443872534,50.07487691396417,50.08634602042661,74.34438847139043,74.36495540502878,0.5371758987143805,0.5377076955407574,22.081431647086614,22.116628255555316,-0.011469106462442369,-0.020566933638349383
27.7,74.22626369706255,50.073831244259544,50.08918054017493,74.33682481073667,74.35865446289597,0.53702216870268,0.5375874693336045,22.074316784686523,22.111797691254036,-0.015349295915385142,-0.021829652159297552
27.75,74.21641224325792,50.07786541393963,50.09196146909319,74.30501873640688,74.35291324927225,0.536564646513482,0.5374669896003381,22.07468780875514,22.10693765448074,-0.014096055153565601,-0.047894512865369165
27.8,74.20720956586146,50.081934639199176,50.09468518985264,74.32847318401049,74.34773604038503,0.5367966757589568,0.5373463967670926,22.074778938033983,22.102053697172725,-0.012750550653464643,-0.019262856374538728
27.85,74.19866422693086,50.08760652458805,50.097348173884896,74.34095514652135,74.34312631627466,0.5366132723040228,0.5372258312097001,22.070486291891623,22.09715139907991,-0.009741649296849175,-0.0021711697533106644
27.9,74.19078385007639,50.084600422059594,50.099946981381905,74.33332177679998,74.33908674791982,0.5362826612700523,0.5371054332536901,22.063563703423103,22.092236367764787,-0.015346559322310327,-0.005764971119845086
27.95,74.18357511008215,50.08958009849347,50.10247826129599,74.28510150297822,74.33561918596219,0.5365721075742496,0.5369853431742901,22.05744273345898,22.08731423860246,-0.01289816280252154,-0.05051768298396553
28.0,74.17704372412115,50.09101284713351,50.10493875133983,74.3208126458473,74.33272465105095,0.5364698880846754,0.5368657011964251,22.053632998526822,22.082390674780587,-0.013925904206317341,-0.011912005203654985
28.05,74.17119444457877,50.09050360410946,50.10732527798645,74.30969227830302,74.33040332582578,0.5361721923056242,0.5367466474947173,22.053112258087413,22.077471367299456,-0.016821673876989962,-0.020711047522766535
28.1,74.16603105349571,50.093141860523545,50.10963475646919,74.31100226072911,74.32865454855245,0.5361933216777386,0.5366283221934876,22.049864900422502,22.072562034971916,-0.01649289594564607,-0.017652287823338497
28.15,74.16155635863979,50.09561811151383,50.111864190781795,74.29974535791237,74.32747680842334,0.5359710966106176,0.5365108653667533,22.044161885699307,22.06766842442342,-0.016246079267965285,-0.027731450510970035
28.2,74.15777219121183,50.099574005106774,50.1140106808538,74.28551491604514,74.32686775317426,0.5358558686038305,0.5363944180080166,22.042186965234016,22.06279635922626,-0.014436675747028005,-0.04135283712911075
28.25,74.15467940518917,50.099745290944284,50.11607148992388,74.31171234857383,74.32682428765693,0.535705222127617,0.5362791168419604,22.034485879182352,22.057951511530504,-0.016326198979598416,-0.015111939083098491
28.3,74.15227787830707,50.1055912377236,50.118043973838354,74.27406383712142,74.3273424693055,0.5358035282993401,0.5361650982987307,22.032518080610917,22.05313956814882,-0.012452736114752838,-0.05327863218408879
28.35,74.1505665146748,50.101314497951364,50.119925609068986,74.26542309038349,74.32841755171644,0.5355399329861192,0.5360524995117406,22.0298071872231,22.048366289881166,-0.018611111117621704,-0.0629944613329485
28.4,74.14954324902186,50.10435626113777,50.121714006573235,74.31015935000414,74.33004400891014,0.5356157362783388,0.5359414552325577,22.016829853136883,22.04363736782003,-0.01735774543546853,-0.019884658905994
28.45,74.14920505256512,50.10390554987074,50.12340691179431,74.28003240718276,74.33221554071592,0.5355536199711703,0.5358320978309046,22.017429684863927,22.038958423350383,-0.019501361923573768,-0.05218313353316262
28.5,74.14954794048649,50.10646997532618,50.125002204661115,74.33661478958209,74.33492507983021,0.5352542336390512,0.5357245572946586,22.01809643165158,22.034335008149714,-0.018532229334937256,0.0016897097518722148
28.55,74.15056698100685,50.10963394904212,50.12649789958831,74.29551047327662,74.33816480053444,0.535432711722703,0.5356189612298522,22.01598552578127,22.029772604188008,-0.016863950546188278,-0.04265432725782148
28.6,74.15225630603936,50.110224883416045,50.1278921454762,74.36031115893819,74.34192612905699,0.5352438846862414,0.5355154348606725,22.008976640076046,22.025276623727766,-0.017667262060157896,0.01838502988120183
28.65,74.15460912340343,50.11007262640024,50.12918322571088,74.32156915715633,74.34619975556124,0.5348875320709147,0.5354141010294615,22.007224071062826,22.02085240932397,-0.019110599310643295,-0.024630598404911552
28.7,74.1576177305764,50.1111732066535,50.13036955816415,74.35570353930964,74.35097564773722,0.5352838989376069,0.5353150801967161,21.999612159116552,22.01650523382413,-0.0191963515106508,0.004727891572429144
28.75,74.16127352995863,50.1083309696512,50.131449712904775,74.34320998219268,74.35624309224194,0.534960646158055,0.5352184912580649,22.000123913522046,22.012240342335968,-0.023118743253576213,-0.013033110049263996
28.8,74.16556704562443,50.11539519189032,50.13242241937468,74.34032504210661,74.36199072207397,0.5347991921468916,0.5351244469319015,21.996266948544772,22.00806273741835,-0.01702722748435548,-0.0216656799673558
28.85,74.17048794152883,50.11490457527828,50.13328655375793,74.3466111543421,74.36820651609422,0.5349800285489956,0.5350330578036371,21.994140975460578,22.00397736626656,-0.01838197847964551,-0.021595361752119402
28.9,74.17602504113748,50.11575783099845,50.13404115929573,74.35822898969967,74.37487784890672,0.5346812195854409,0.5349444320974246,21.989372808441008,21.99998911431323,-0.01828332829727941,-0.01664885920705217
28.95,74.18216634844514,50.115074227267186,50.1346854331468,74.34806143893002,74.38199149257329,0.5347434525231807,0.534858673780605,21.988238775711157,21.99610271362963,-0.01961120587961318,-0.033930053643274505
29.0,74.18889907034473,50.11835216212031,50.13521872638725,74.35721013028291,74.38953363923201,0.5346232857052227,0.5347758825637081,21.983363453092156,21.992322742925683,-0.016866564266940998,-0.03232350894910496
29.05,74.19620964030767,50.11540117037976,50.13564054401067,74.41082153423537,74.3974899250905,0.5349048958753826,0.5346961539004511,21.982278481725352,21.988653627549958,-0.020239373630907664,0.013331609144870527
29.1,74.20408374333329,50.11523787216594,50.135950544928065,74.41371794823918,74.40584545574916,0.5348636100324151,0.5346195789877397,21.982827261105673,21.98509963948965,-0.020712672762122963,0.007872492490022864
29.15,74.21250634212309,50.111973298918805,50.13614854196787,74.38353236007886,74.41458483280833,0.5345719972721834,0.5345462447656677,21.980455502148462,21.98166489737062,-0.02417524304906493,-0.031052472729470537
29.2,74.22146170443361,50.11660641457216,50.136234501875975,74.41728888221373,74.42369218170981,0.5346865313674771,0.5344762339175171,21.975765820303206,21.97835336645736,-0.019628087303814823,-0.006403299496085424
29.25,74.2309334315594,50.11946858660576,50.13620854531572,74.39885650751869,74.43315118076222,0.5346843831768375,0.5344096248697577,21.974942334609306,21.975168858653003,-0.01673995870995526,-0.03429467324353652
29.3,74.24090448789582,50.115869167459905,50.13607097175489,74.37621193413992,74.44294512824841,0.5348405808404986,0.534346492247,21.97666306822829,21.972115051728874,-0.020201804294984527,-0.06673319410849388
29.35,74.25135723152961,50.11536082774594,50.13582219615363,74.40702688817406,74.4530568796611,0.5344474973536103,0.5342869041947291,21.976234760130318,21.969195355999112,-0.020461368407694636,-0.04602999148704612
29.4,74.26227344580298,50.11329656657695,50.135462820224696,74.41775631762528,74.46346898574829,0.5345254743104992,0.5342309246646562,21.97160245864489,21.96641304268255,-0.022166253647746714,-0.04571266812301644
29.45,74.27363437179588,50.111484837278304,50.13499361667206,74.47751585945136,74.47416370234042,0.5343186566184834,0.534178613031478,21.96611202988107,21.963771212923334,-0.02350877939375806,0.003352157110938947
29.5,74.28542074166899,50.11471480276949,50.13441550166545,74.44065181047245,74.4851229835774,0.5345217670417657,0.5341300233628031,21.96782389048701,21.96127276110985,-0.019700698895960045,-0.0444711731049523
29.55,74.2976128128089,50.114982981003756,50.13372953484024,74.4590259709151,74.49632851683283,0.5343243894325962,0.5340852044191516,21.97031954163173,21.958920374874744,-0.018746553836486157,-0.03730254591772564
29.6,74.31019040271526,50.111909787999956,50.132936919297485,74.50650855772733,74.5077617584062,0.5342624990315284,0.5340441996539558,21.97478610648775,21.9567165350949,-0.021027131297529422,-0.0012532006788745775
29.65,74.32313292456877,50.113281157322014,50.13203900160396,74.47696379197444,74.51940396991753,0.5346264393736612,0.5340070472135588,21.970622177760085,21.954663515891447,-0.018757844281942937,-0.042440177943092294
29.7,74.33641942341718,50.11069863244279,50.131037271792046,74.51804929784122,74.53123625533784,0.5345606026732354,0.5339737799372165,21.964964452175508,21.952763384629765,-0.02033863934925506,-0.013186957496628793
29.75,74.35002861291586,50.11110945459631,50.12993336335987,74.54512781415339,74.54323959858743,0.5345439033819083,0.5339444253570957,21.966631356110227,21.951018001919483,-0.018823908763557995,0.00188821556595542
29.8,74.36393891255888,50.11129637184078,50.12872905327123,74.55098808647465,74.55539490163355,0.5348916108958445,0.5339190056982756,21.968146683845735,21.94942902161446,-0.017432681430449293,-0.0044068151589016225
29.85,74.37812848533426,50.11120181665634,50.127426292006085,74.55393999454051,74.56768306771903,0.5344305029283483,0.5338975378005316,21.968408730405216,21.947997878850817,-0.016224475349744694,-0.013743073178517307
29.9,74.39257527573851,50.11077478802479,50.12602705902221,74.56407584095852,74.58008482524032,0.5340659023619053,0.5338800335984707,21.964322310042515,21.946725793768596,-0.015252270997422102,-0.016008984281796756
29.95,74.40725704808281,50.104728101989465,50.12453354478088,74.55904052046193,74.59258103763521,0.5344456921865953,0.5338664987710426,21.96292470056037,21.945613757409678,-0.019805442791415828,-0.03354051717327877
30.0,74.42215142502442,50.106117940657626,50.12294807854012,74.56773640074276,74.60515263539499,0.5340881153842089,0.5338569334914729,21.96460428801212,21.944662535756624,-0.016830137882493545,-0.037416234652226876
30.05,74.4372359262554,50.10397000009991,50.121273093597665,74.552820770554,74.61778060384812,0.5343733649182104,0.533851332617742,21.96464957861075,21.94387267499995,-0.01730309349775183,-0.06495983329411104
30.1,74.45248800728099,50.10724367855794,50.11951112729092,74.57105693982663,74.63044602270824,0.5345690260756146,0.5338496856925861,21.96579286966436,21.943244501538118,-0.01226744873297747,-0.0593890828816086
30.15,74.46788509822005,50.10291918830939,50.117664820997064,74.57447906411669,74.64313010562229,0.5345023233489882,0.533851976943497,21.970008934330178,21.942778121977536,-0.014745632687670707,-0.06865104150560342
30.2,74.48340464255922,50.10262763734985,50.11573692013296,74.63690738515078,74.65581423964615,0.534820781523051,0.5338581852827213,21.971810469074114,21.942473423132547,-0.01310928278311252,-0.018906854495369885
30.25,74.49902413579349,50.1013375381997,50.113730274155174,74.66240098938634,74.66848002457863,0.5347247456513199,0.5338682843072619,21.97035673484525,21.94233007202545,-0.012392735955472745,-0.006079035192286142
30.3,74.51472116388528,50.09659932244888,50.11164783656004,74.64836077968356,74.68110931208173,0.534857000158673,0.5338822422988762,21.9700798191304,21.942347515886482,-0.015048514111157374,-0.032748532398173325
30.35,74.53047344147514,50.09515254377439,50.10949266488354,74.69709849545652,74.69368424451793,0.5343827286754006,0.5339000222240776,21.976155685401498,21.942524982153838,-0.014340121109150061,0.0034142509385901576
30.4,74.54625884977715,50.09519605565277,50.107267934343916,74.65279538710777,74.70618731377479,0.5346536254782488,0.533921581358041,21.975487847010793,21.942861460895895,-0.012071878691145344,-0.0533919266670182
30.45,74.56205547409307,50.08999653779617,50.10497685663804,74.70527250914203,74.71860127825589,0.5349633630848053,0.5339468730732535,21.979027723672893,21.943355747576064,-0.014980318841871565,-0.013328769113854833
30.5,74.57784164087958,50.088781647748654,50.10262268664083,74.68593455157487,74.73090921034081,0.5346100798289984,0.5339758465863997,21.97565187805712,21.94400647734392,-0.01384103889217414,-0.04497465876593765
30.55,74.59359595430418,50.08963821920114,50.10020883931438,74.76038234705952,74.74309470772148,0.5348487630332693,0.5340084438303848,21.979574706824657,21.944811981138937,-0.010570620113234952,0.017287639338036342
30.6,74.609297332226,50.08666461194786,50.097738772302826,74.70323613082296,74.75514175469857,0.5349306280192275,0.5340446025248602,21.98082889639024,21.945770402297253,-0.011074160354965557,-0.05190562387561215
30.65,74.62492504153884,50.08399443910136,50.095215985932406,74.73554285160515,74.76703475779809,0.5350290533190224,0.5340842561762236,21.984930426780046,21.946879696551637,-0.01122154683104526,-0.03149190619294018
30.7,74.64045873281503,50.083894715541156,50.09264402321135,74.75221586955382,74.77875858064202,0.5348604118787774,0.534127334077619,21.981819792110922,21.948137632031514,-0.008749307670193218,-0.02654271108819728
30.75,74.65587847418952,50.08064363227748,50.090026469830015,74.75013286066246,74.79029857801132,0.5348687018820274,0.5341737613089366,21.98873574026947,21.949541789262945,-0.009382837552536216,-0.04016571734885588
30.8,74.67116478442613,50.07803063136927,50.08736695416074,74.79782282410841,74.80164062904312,0.5350459474871708,0.5342234587368124,21.992157135065824,21.951089561168644,-0.009336322791469343,-0.003817804934712399
30.85,74.68629866510723,50.07680547504775,50.08466914725794,74.83441195221016,74.81277116950378,0.5354570519468094,0.5342763430146293,21.987919438216732,21.952778153067957,-0.007863672210191908,0.021640782706384698
30.9,74.70126163189258,50.071710032585514,50.08193676285813,74.78179996476649,74.82367722308327,0.5353921150761198,0.5343323265825162,21.993057334085048,21.954604582676897,-0.010226730272613338,-0.04187725831677369
30.95,74.71603574479163,50.07197752388464,50.07917355737979,74.82066911745596,74.83434643165623,0.535576824741416,0.5343913176673476,22.001143811570504,21.9565656801081,-0.007196033495148413,-0.0136773142002653
31.0,74.73060363739793,50.06982487159483,50.076383327073906,74.83409638385328,74.84476708019923,0.5357662015085629,0.5344532192185095,21.998572661997184,21.95865803696768,-0.006558455479073189,-0.010670696345954411
31.05,74.74494854503456,50.06807176502195,50.07356975459557,74.82798774060481,74.85492789546888,0.5357189299612694,0.5345179363308367,22.003717995791188,21.960878298160974,-0.005497989573619577,-0.026940154864064425
31.1,74.7590543317619,50.065284565677814,50.070736637630866,74.8391329370663,74.86481841447973,0.5355077204071813,0.5345853659688613,22.011382303003582,21.963222770956012,-0.005452071953051529,-0.025685477413432523
31.15,74.7729055162016,50.06143762355759,50.06788776556002,74.87356262473112,74.87442882580012,0.5352345857173265,0.5346554018815617,22.007744843925444,21.965687606855347,-0.006450142002435655,-0.0008662010690017041
31.2,74.78648729613153,50.062679647920056,50.06502690095315,74.84216757739284,74.8837499661723,0.5357566017213251,0.5347279355838145,22.006731887781662,21.968268840429918,-0.002347253033093466,-0.04158238877946019
31.25,74.79978557180985,50.05903988867098,50.06215777957016,74.84895365210606,74.8927733434792,0.5354141538731232,0.5348028563563945,22.016299430557453,21.970962389319055,-0.0031178908991762455,-0.043819691373144565
31.3,74.81278696798822,50.05599019514655,50.05928411036085,74.87496591031181,74.90149115836847,0.5363661615078761,0.534880051245975,22.014846181960593,21.973764054230475,-0.003293915214300114,-0.026525248056657347
31.35,74.82547885457589,50.05382706112127,50.05640957546484,74.8977462654364,74.90989632449869,0.5360727456902143,0.5349594050651281,22.020965100504466,21.976669518940287,-0.002582514343572484,-0.01215005906229294
31.4,74.83784936591975,50.052467189467826,50.053537830211646,74.92612942327051,74.9179824873749,0.5363384019760273,0.5350408003923233,22.019507439983993,21.979674350292992,-0.00107064074381924,0.008146935895609886
31.45,74.84988741866741,50.052978922156896,50.05067250312057,74.96138386531007,74.92574404174336,0.5360024079466946,0.5351241175719292,22.025317935412144,21.98277399820148,0.002306419036322893,0.03563982356671147
31.5,74.86158272818253,50.045220103252724,50.04781719590085,74.95014663700717,74.93317614751774,0.5359617305802055,0.5352092347142126,22.028754780955477,21.98596379564701,-0.002597092648123578,0.016970489489423812
31.55,74.87292582348515,50.050368496776116,50.04497548505241,74.96398159737788,74.94027474660925,0.5360181113349353,0.5352960266870228,22.02772638536962,21.989238921404958,0.005393011723704433,0.023706850768633103
31.6,74.88390806069138,50.04466389355526,50.0421508147978,74.960929049874,74.94703641549143,0.5364280796294292,0.53538437014345,22.03354565774827,21.992594600111122,0.0025130787574596525,0.0138926343825716
31.65,74.89452163492999,50.04290229037957,50.03934659310604,74.96667376878439,74.9534585203028,0.5363006963542393,0.5354741408875876,22.03638010097526,21.996025982439008,0.0035556972735335535,0.013215248481586173
31.7,74.90475959071605,50.04144814243711,50.03656619002328,74.9781552945559,74.95953922417289,0.5361762833366934,0.5355652103944344,22.04463290506579,21.99952802079703,0.00488195241383238,0.01861607038301827
31.75,74.91461583076482,50.03953534071973,50.033812886437566,75.00696959817097,74.9652774187168,0.5364483862459772,0.5356574503239968,22.04573490346429,22.003095644546818,0.005722454282164335,0.041692179454173584
31.8,74.92408512323078,50.03930094519856,50.03108987407878,75.00075976243566,74.97067273066976,0.5365625461065499,0.5357507325212887,22.048290625114266,22.0067237600032,0.008211071119781366,0.030087031765901884
31.85,74.93316310736111,50.03421981089733,50.028400255518655,75.00593280074028,74.97572552694251,0.5369964117929372,0.5358449290163317,22.05139510487025,22.010407250434245,0.005819555378678842,0.030207273797770995
31.9,74.94184629755394,50.02982890355682,50.025747044170785,74.96587437293752,74.98043691809121,0.5365899566149493,0.535939912024155,22.053117148658067,22.014140976061185,0.0040818593860336705,-0.014562545153694373
31.95,74.95013208581635,50.02889086488158,50.0231331642906,74.97088688810018,74.98480876019921,0.5365597419973372,0.5360355539447956,22.054555559462106,22.017919774058505,0.005757700590983461,-0.01392187209903284
32.0,74.9580187426182,50.02955938163008,50.020561450975386,75.01623845563635,74.98884365516996,0.5372735332536956,0.5361317273632977,22.065181063911478,22.021738458553866,0.008997930654693675,0.02739480046639642
32.05,74.96550541614184,50.029851361158684,50.01803465016431,75.03582649584004,74.99254494943325,0.5368775960921037,0.5362283050497135,22.06342334676004,22.025591820628165,0.011816710994374091,0.04328154640678861
32.1,74.97259212993059,50.02862786021665,50.015555418638336,75.03207244292983,74.99591673107022,0.5373901840592142,0.5363251599591028,22.067186615233382,22.02947462831549,0.01307244157831633,0.036155711859606754
32.15,74.97927977894044,50.025570948366195,50.013126278440886,74.9807077360013,74.99896375701397,0.5371234165976135,0.5364221640478491,22.069940615039208,22.03338160211615,0.01244466992530846,-0.018256021012660995
32.2,74.98557012400427,50.02120221494194,50.01074961780444,75.01148840181898,75.00169144839789,0.5368873989741823,0.5365191970859897,22.071396380735532,22.037307736071636,0.010452597137494024,0.00979695342108755
32.25,74.99146578471877,50.018558967429996,50.00842773147656,74.98846725393697,75.0041059434521,0.537463348797236,0.5366161346471151,22.080588356980936,22.041247817454956,0.010131235953437567,-0.01563868951512859
32.3,74.99697023076814,50.015104562710555,50.00616278317743,74.98987702977963,75.00621403209809,0.5374231635622427,0.5367128543018417,22.078907565272278,22.045196688101065,0.008941779533124361,-0.016337002318451255
32.35,75.00208777170148,50.01526220628995,50.00395680615024,75.02527768025564,75.00802314614502,0.5376135064187796,0.5368092361270763,22.087019897753876,22.049149263680373,0.011305400139704602,0.017254534110620057
32.4,75.00682354518229,50.01640974733235,50.00181170316122,75.03127157680072,75.00954134716889,0.5376122648042856,0.5369051627060156,22.08741341769211,22.05310053369873,0.014598044171123092,0.021730229631828024
32.45,75.01118350373304,50.01538425752593,49.99972924649968,75.03944515570761,75.01077731292311,0.5377523673747583,0.5370005191281467,22.083481995206917,22.05704556149744,0.015655011026247223,0.028667842784500408
32.5,75.0151743999988,50.010761558286696,49.997711077977925,75.03092704577098,75.01174032230533,0.5380522098060829,0.5370951929892464,22.089198176283638,22.060979484253252,0.013050480308770318,0.019186723465651312
32.55,75.01880377055735,50.01156212975158,49.99575870893132,75.01589406704963,75.01244023890906,0.537594252298713,0.5371890743913819,22.096497734924064,22.06489751297838,0.015803420820262204,0.0034538281405644966
32.6,75.02207991830582,50.00697887881307,49.993873520218294,75.03759060732523,75.0128874931898,0.5376754079210058,0.5372820559429106,22.095112585837512,22.068794932520465,0.013105358594778238,0.024703114135434134
32.65,75.02501189345588,50.0020903285867,49.99205676222031,75.03545771099591,75.01309306327799,0.5376813668251604,0.5373740327584797,22.100453478327587,22.072667101562605,0.010033566366395519,0.02236464771792157
32.7,75.02760947317238,50.00341144433787,49.99030953484458,75.00681386894857,75.01306842446651,0.5379874466907517,0.5374649016383841,22.10074259131908,22.0765094257451,0.013101909493293817,-0.006254555517941185
32.75,75.02988313989285,50.002790856858205,49.98863279186552,75.00658163610379,75.0128255339337,0.5379705633522892,0.5375545652703855,22.10589646783681,22.08031755470007,0.014158064992685127,-0.006243897829904199
32.8,75.03184405836706,50.00500661685239,49.98702735139252,75.06071329398742,75.01237682342025,0.5382389912452887,0.5376429292785763,22.113888874182024,22.084087202952574,0.017979265459871385,0.048336470567164724
32.85,75.0335040514586,50.00129226682925,49.985493864693176,75.03681122980981,75.01173512821231,0.5378794249064435,0.5377299012835364,22.10940581801656,22.0878141414457,0.015798402136077527,0.02507610159750584
32.9,75.03487557475248,50.003434816285946,49.9840328416007,75.02404889100386,75.01091369987701,0.5381716639863907,0.5378153931153083,22.106903898782637,22.09149429357258,0.01940197468524474,0.013135191126849577
32.95,75.03597169001466,50.003795769471076,49.982644650513855,75.05236674496983,75.00992617976041,0.5381064568608689,0.5378993208133965,22.114680748375044,22.095123735176376,0.02115111895722066,0.04244056520941797
33.0,75.0368060375518,50.000760786615004,49.981329518397075,75.03091628181404,75.00878657141848,0.5381893059777972,0.5379816046267677,22.115006222193543,22.09869869455029,0.019431268217928732,0.022129710395560664
33.05,75.03739280752123,49.995792649604304,49.980087530780374,75.03743419770005,75.0075092120292,0.5383965933147029,0.5380621690138505,22.11934140885441,22.10221555243757,0.015705118823930775,0.029924985670845672
33.1,75.03774671024283,49.99850150378071,49.97891863175937,75.07052440011456,75.0061087428359,0.5381875517854323,0.5381409426425361,22.120147612571646,22.10567084203151,0.01958287202133846,0.0644156572786585
33.15,75.03788294556692,49.99821784070241,49.97782262399531,75.0471469460854,75.00460007867333,0.5387705437129168,0.5382178583901771,22.124971040419776,22.109061248975443,0.02039521670710087,0.04254686741207081
33.2,75.03781717135303,49.99299558200674,49.976799168715026,74.98651927054189,75.00299837662932,0.5385741465398723,0.5382928533435893,22.120535916775566,22.112383611362734,0.016196413291716283,-0.01647910608743075
33.25,75.03756547111674,49.99199424502119,49.97584778571097,75.02950898950716,75.00131900389702,0.5386061471832224,0.5383658687990497,22.126325336709932,22.115634919736788,0.016146459310220962,0.02818998561014041
33.3,75.03714432090284,49.994480505075735,49.97496781627001,75.01166349949112,74.99957744923856,0.5385350386909048,0.5384368498695885,22.125648123798083,22.118812316217042,0.019512688805725986,0.012086050252563041
33.35,75.03657055544464,49.990427143869134,49.974158562284835,75.01188157148431,74.99778949815727,0.5383392885310988,0.5385057482420745,22.128946794050034,22.121913217249197,0.016268581584299113,0.014092073327034882
33.4,75.03586133367025,49.993822385082574,49.973419091941764,75.04118634789673,74.99597090704664,0.538634445413401,0.538572519107848,22.13268451970052,22.124935134733835,0.020403293140809353,0.045215440850086
33.45,75.03503410361832,49.99143123450419,49.97274835325725,75.03640409481773,74.99413753876387,0.5386358719141889,0.5386371225609718,22.13446402289117,22.127875775131397,0.01868288124693862,0.04226655605386043
33.5,75.03410656682588,49.993030562584075,49.97214517468529,75.03470073512003,74.99230532820461,0.5388583305301679,0.5386995236068998,22.128347190029448,22.130733039925957,0.02088538789878669,0.042395406915417766
33.55,75.03309664225311,49.99176798558358,49.97160826511753,75.04318899873279,74.99049024650758,0.5390288028296821,0.5387596921624771,22.138556465747683,22.133505025625233,0.020159720466047304,0.052698752225211365
33.6,75.03202242980939,49.991814244784926,49.971136213883184,75.03366078547009,74.98870826486286,0.5389044592523471,0.5388176030559406,22.13503742969716,22.136190023760598,0.020678030901741806,0.04495252060722521
33.65,75.03090217354662,49.989271671456784,49.970727490749084,75.01501081853112,74.98697531798705,0.538539380234349,0.5388732360269187,22.13839541458188,22.138786520887063,0.01854418070769981,0.028035500544078218
33.7,75.02975422458584,49.99188449267786,49.97038044591964,74.98999539937459,74.98530726732803,0.5386203478658376,0.5389265757264309,22.139907987007348,22.14129319858329,0.02150404675822415,0.004688132046567262
33.75,75.02859700384423,49.98920799127975,49.97009331003689,75.00254614505523,74.98371986406501,0.5389251090520335,0.5389776117168881,22.14483752616341,22.14370893345157,0.01911468124286131,0.01882628099022554
33.8,75.02744896462892,49.988495170781576,49.96986419418044,75.03553173080672,74.98222871196623,0.5387766344464906,0.5390263384720928,22.137515692276846,22.146032797117847,0.01863097660113766,0.05330301884049504
33.85,75.02632855516572,49.988579190020964,49.96969106913332,75.01563448208805,74.98084919905855,0.5389196574375968,0.5390727556600707,22.145480455333455,22.14826406184626,0.018888120887645243,0.034785283029492575
33.9,75.02525418112954,49.989692882732854,49.96957190081303,75.01911116844256,74.97959666361453,0.5387199154862959,0.5391168663284509,22.14380116850029,22.150402171547853,0.020120981919824033,0.03951450482803409
33.95,75.0242441682442,49.98944412257997,49.969504490900476,75.03089130308487,74.97848611782985,0.5391113694481016,0.5391586796688295,22.143358245649633,22.15244680150415,0.019939631679491754,0.0524051852550258
34.0,75.02331672501889,49.98926415366605,49.969486522592504,75.03847869761698,74.9775322794204,0.5389420163661628,0.5391982100722401,22.153265005798957,22.154397833626874,0.01977763107354491,0.06094641819657909
34.05,75.0224899056886,49.98868954722463,49.96951560906505,75.0043864185985,74.97674960746463,0.5388729547285118,0.5392354763876746,22.145282003216256,22.15625534143336,0.01917393815958235,0.027636811133874062
34.1,75.02178157342455,49.991186952994774,49.969589293473135,75.0230296753939,74.97615226577351,0.5390132726877179,0.5392705019220818,22.149666679976548,22.15801959004658,0.021597659521638946,0.046877409620392996
34.15,75.0212093638818,49.98849884883494,49.96970504895097,74.97794190511115,74.97575408657544,0.5388606270072056,0.539303314440369,22.152019534331778,22.159691036195145,0.018793799883972895,0.0021878185357167013
34.2,75.02079064914875,49.98793845628544,49.96986027861178,75.07105995474714,74.97556853457897,0.5386805154633516,0.5393339461654002,22.150864358786233,22.161270328213288,0.018078177673658047,0.09549142016817314
34.25,75.02054250216423,49.99141107181445,49.97005231554799,75.05481691294705,74.97560867147875,0.539205847636822,0.5393624337779976,22.15021102202075,22.162758306040864,0.021358756266458556,0.07920824146829375
34.3,75.02048166166581,49.98913117884573,49.970278422831086,75.00230087165544,74.97588712096669,0.5391277918695361,0.5393888184169412,22.149934810159642,22.16415600122338,0.018852756014645422,0.026413750688746518
34.35,75.02062449773274,49.987634125575944,49.970535793511665,75.0197884576295,74.97641603431104,0.5388677736749647,0.5394131456789683,22.153780660327417,22.165464636911953,0.01709833206427902,0.04337242331845914
34.4,75.02098697798564,49.98892287007962,49.97082154407969,75.01748949146689,74.97720704675295,0.5389992947560809,0.5394354659237653,22.146769694985277,22.166685638092286,0.018101325999928974,0.04028244471393805
34.45,75.02158463450372,49.98960578823574,49.97113277080402,74.99782007077354,74.97827132893794,0.5390674898122161,0.5394558334537056,22.14997802195011,22.167820598075483,0.018473017431723804,0.01954874183560662
34.5,75.02243253151971,49.987538918686475,49.971466605473104,75.00343557542766,74.97961963820391,0.5389920246863774,0.5394743030014869,22.155628973572558,22.16887117270891,0.016072313213371103,0.023815937223744754
34.55,75.0235452339502,49.98868477184168,49.97182003164998,74.98775048873497,74.98126201134623,0.5389155572642077,0.5394909376797183,22.157499470011487,22.16983934902197,0.016864740191699923,0.006488477388742808
34.6,75.02493677681902,49.98444036486182,49.972190029707896,75.00257187096078,74.9832079515604,0.5391785857169945,0.5395058035231152,22.153413465573443,22.170727255483424,0.012250335153922265,0.019363919400376517
34.65,75.02662063562822,49.98818523703539,49.97257357683014,75.0044982870672,74.98546639869708,0.5388854554036221,0.5395189694884981,22.15511766413656,22.17153716200135,0.01561166020524496,0.019031888370108163
34.7,75.02860969773099,49.985089517382086,49.972967647010265,75.00481925034285,74.98804570049744,0.5391338320585106,0.5395305074547944,22.156156977474637,22.172271479923186,0.01212187037182133,0.016773549845410685
34.75,75.03091623475777,49.99111511051639,49.97336921105189,75.03043142161555,74.99095358486115,0.5389297444202387,0.5395404922230367,22.15101824864375,22.172932762035714,0.01774589946450078,0.03947783675440064
34.8,75.03355187614612,49.98873474999457,49.973775236568805,75.02083131456062,74.99419713319904,0.5389870295829498,0.5395490015163635,22.158501641654468,22.17352370256505,0.01495951342576518,0.026634181361586684
34.85,75.03652758382195,49.98693804368045,49.97418268798498,75.02582136340524,74.99778275491884,0.5389053649413641,0.5395561159800197,22.15542544841643,22.174047137176654,0.012755355695475146,0.02803860848639772
34.9,75.03985362807866,49.98764767938195,49.97458852653448,75.0176803978493,75.00171616309214,0.5391857991951959,0.5395619191813557,22.151751522204037,22.174506042975327,0.01305915284746817,0.015964234757163354
34.95,75.04353956469758,49.988736819852356,49.97498971026157,75.03110749168401,75.00600235134738,0.5388769830918358,0.5395664976098278,22.1500961728881,22.174903538505223,0.013747109590788398,0.02510514033663469
35.0,75.04759421335199,49.98546314750251,49.975383188035934,75.02109454408027,75.01064556304986,0.5386403694958384,0.5395699415956363,22.15464135359226,22.175242918307408,0.01007995946657303,0.010448981030407367
35.05,75.05202563733376,49.98637204949326,49.975766012968336,75.05051176874369,75.01564944101385,0.5395097975865474,0.5395723413513938,22.15394101040305,22.175527491838487,0.01060603652492631,0.034862327729840104
35.1,75.0568411246402,49.98828690487473,49.97613526710195,75.0559263059032,75.02101689532797,0.5387780716003918,0.5395737871314734,22.154526696852237,22.17576061133055,0.012151637772774393,0.03490941057522434
35.15,75.06204717045554,49.988888152595415,49.97648801397286,75.03522727787617,75.02675001437073,0.5390800869088026,0.5395743754895883,22.156260181408367,22.175945905985945,0.012400138622552959,0.008477263505440646
35.2,75.06764946105943,49.99100581241489,49.97682138204788,75.02648591271152,75.032850173711,0.5389615070299357,0.5395742036262197,22.153757904141564,22.17608706028791,0.014184430367009782,-0.006364260999475846
35.25,75.07365285919246,49.98669650731491,49.97713256472448,75.03361432260974,75.03931802123937,0.538972472705225,0.5395733693886169,22.15643499553489,22.17618781400052,0.009563942590432362,-0.005703698629631049
35.3,75.08006139090563,49.989728241008315,49.97741882033081,75.02821556391811,75.0461534637888,0.5388622532940119,0.5395719712707975,22.15531448245602,22.176251962168735,0.012309420677503624,-0.017937899870688057
35.35,75.08687823391853,49.989550088457584,49.977677472125706,75.04835126984439,75.05335565527113,0.5393250189333902,0.5395701084135475,22.15323128227891,22.176283355118358,0.011872616331878305,-0.005004385426744307
35.4,75.09410570750825,49.98731215584637,49.97790590829871,75.05647185679331,75.0609229863537,0.5389490245135713,0.5395678806044207,22.152576807015542,22.176285898456065,0.009406247547659063,-0.004451129560393952
35.45,75.10174526394812,49.98617908658955,49.978101581970016,75.09261826337458,75.0688530756967,0.5391545272819219,0.5395653882777398,22.153738827674122,22.176263553069404,0.008077504619535603,0.023765187677881272
35.5,75.10979748151271,49.98627590883904,49.978262011190516,75.08339403663258,75.07714276277001,0.5389396724741734,0.539562732514595,22.158059146821582,22.176220335126764,0.008013897648524448,0.00625127386257418
35.55,75.1182620590633,49.985311270995545,49.9783847789418,75.09968274660784,75.08578810226501,0.5392602221997989,0.5395600150428451,22.15656099894132,22.176160316077414,0.006926492053743516,0.013894644342826723
35.6,75.12713781222412,49.98812133309242,49.97846754035244,75.11905659689872,75.09478437095655,0.5391109528607038,0.539557339556238,22.158451272081926,22.17608767570959,0.009653792739982237,0.024272225942169712
35.65,75.13642267115807,49.99000041764431,49.97850811323799,75.11830867601506,75.10412620140306,0.5388028007503626,0.5395548053183251,22.160694455803434,22.17600642952058,0.011492304406317544,0.014182474611999396
35.7,75.14611367994705,49.98577024023652,49.978504375936275,75.14542707439671,75.11380742775677,0.5393104901792428,0.5395525116520293,22.165129500298523,22.175920638169654,0.007265864300244118,0.03161964663993899
35.75,75.1562069975792,49.98269531018276,49.978454299754375,75.11977099141819,75.12382113542785,0.5390864741610444,0.5395505602936713,22.15146862244609,22.175834494824027,0.004241010428387426,-0.0040501440096534225
35.8,75.16669790054323,49.986797668658774,49.97835597241804,75.14997783780157,75.13415969889115,0.5394796104941669,0.539549051197176,22.154299680010734,22.17575214824658,0.008441696240730323,0.01581813891041861
35.85,75.17758078702603,49.98488956498206,49.97820759807161,75.15637875358162,75.14481478589573,0.5393355907399636,0.5395480825340723,22.15246393623264,22.17567770279583,0.006681966910448978,0.011563967685887633
35.9,75.18884918270805,49.98517179329868,49.978007497278014,75.15330118956861,75.15577736330177,0.5389720581229148,0.5395477506934931,22.157381128859793,22.175615218425914,0.0071642960206688144,-0.0024761737331573386
35.95,75.20049574814745,49.9824508038025,49.97775410701879,75.17712038050675,75.1670377045365,0.539196171253096,0.539548150282176,22.156231819503457,22.17556871068663,0.004696696783710763,0.010082675970252808
36.0,75.21251228774126,49.982156789464774,49.97744598069409,75.15711114152221,75.17858539865757,0.539273626777191,0.5395493741244618,22.164006515196935,22.17554215072338,0.004710808770681751,-0.02147425713536677
36.05,75.2248897602496,49.98045417090464,49.97708178812266,75.21402226637875,75.19040936101011,0.5392139685285868,0.539551513262296,22.165079740495987,22.175539465277236,0.003372382781982708,0.023612905368636916
36.1,75.23761829086486,49.98051974141341,49.97666031554186,75.19262356958,75.20249784545904,0.5393875178621929,0.5395546569552281,22.152929064980913,22.17556453668489,0.0038594258715534124,-0.009874275879042216
36.15,75.2506871848071,49.979369908347664,49.97618046560764,75.24946977844277,75.21483845817818,0.5393006327461246,0.5395588926804117,22.166567804478355,22.17562120287868,0.003189442740023196,0.03463132026459448
36.2,75.26408494242224,49.98139910334308,49.975641283302636,75.23854578748315,75.22741821197027,0.5393591072329813,0.5395643073622828,22.166229982757283,22.1757133072156,0.005757820040443562,0.011127575512873022
36.25,75.27779927575772,49.977464932189555,49.97504195853573,75.23841190107416,75.24022354704444,0.5393338260732615,0.5395709809230654,22.162744841346736,22.17584440946384,0.002422973653821714,-0.001811645970278164
36.3,75.29181712658861,49.97499737745675,49.97438180752714,75.22484617051612,75.25324032133301,0.5394040167520784,0.5395789924097794,22.161432206842363,22.176018081874314,0.0006155699296144235,-0.02839415081689367
36.35,75.30612468586264,49.97518148015897,49.97366029926943,75.25557012071357,75.26645387011456,0.5396052084387648,0.5395884193190098,22.163594011556757,22.176237863083436,0.001521180889540119,-0.010883749400989018
36.4,75.32070741453198,49.97409936000205,49.97287704131488,75.29645009715709,75.27984900582521,0.5394054214940218,0.5395993353869979,22.164897588797835,22.176507159388482,0.001222318687169377,0.016601091331878592
36.45,75.33555006573582,49.97018104973656,49.97203177977541,75.29245122615923,75.29341004063625,0.5391689684927532,0.5396118105896409,22.165879851227555,22.176829244747594,-0.0018507300388534986,-0.0009588144770162899
36.5,75.35063670829652,49.97191744493666,49.97112439932263,75.345078809109,75.30712081036904,0.5394766270700251,0.5396259111424918,22.17055908916988,22.17720726077975,0.0007930456140243791,0.0379579987399552
36.55,75.36595075148855,49.970380738504495,49.970154923187806,75.31945069789188,75.32096469970452,0.5394006951035074,0.5396416995007599,22.170489758096494,22.1776442167648,0.00022581531668919297,-0.0015140018126373889
36.6,75.38147497103827,49.96906268273709,49.96912351316188,75.33272437127607,75.33492466864266,0.5396332425106162,0.5396592343593102,22.17225237775025,22.178142989643458,-6.0830424793323346e-5,-0.0022002973665848913
36.65,75.39719153630983,49.96811566923533,49.96803046959548,75.35194353236831,75.34898328016513,0.5395684985097358,0.5396785706526636,22.17115660203112,22.178706324017273,8.51996398480992e-5,0.0029602522031808576
36.7,75.41308203863045,49.965659350239456,49.966876231398885,75.36207829876358,75.36312272905157,0.5396754987825713,0.5396997595549969,22.171477922119024,22.179336832148664,-0.001216881159429306,-0.0010444302879903944
36.75,75.4291275207066,49.96455768525039,49.96566137604208,75.38428910568005,75.37732487179844,0.5390931393821331,0.5397228484801432,22.17714977928146,22.180036993960904,-0.0011036907916874839,0.006964233881618043
36.8,75.44530850707984,49.96236914812446,49.96438665686182,75.40649671802788,75.39157131387927,0.5400543325830102,0.5397478817478222,22.18225789011597,22.180809179880274,-0.002017508737360174,0.014925404148613097
36.85,75.46160503557093,49.960669600486504,49.963052897408346,75.40147469929543,75.40584328231132,0.5398595723673336,0.5397748969009837,22.187246019281517,22.1816554710745,-0.0023832969218418043,-0.004368583015889271
36.9,75.47799668965648,49.95946223485283,49.961661117386555,75.4076470619072,75.42012184855683,0.5398577011578515,0.5398039282886585,22.18366827488109,22.182577865547632,-0.002198882533726021,-0.012474786649633529
36.95,75.49446263172374,49.96146250158643,49.9602124870665,75.43077690995247,75.43438789355639,0.5396827811053438,0.5398350060734886,22.18581535976755,22.183578205104606,0.001250014519932563,-0.0036109836039202037
37.0,75.51098163714461,49.958820391159364,49.958708302600805,75.42963680583077,75.44862210506307,0.5397135435038188,0.539868155622272,22.18547198575999,22.184658144846754,0.00011208855855926458,-0.018985299232298303
37.05,75.52753212911125,49.95480596861109,49.95714998602466,75.44491130885378,75.46280501296613,0.5399096598671355,0.5399033975059638,22.19006167667141,22.185819153171842,-0.002344017413570043,-0.017893704112353248
37.1,75.54409221417183,49.95818220567088,49.955539085255815,75.46920060793691,75.4769170253046,0.5400165383984353,0.5399407474996755,22.18941680241057,22.18706251177403,0.0026431204150654253,-0.007716417367689132
37.15,75.5606397184057,49.95294069351207,49.95387727409458,75.48241896880351,75.49093846490629,0.5402369722520478,0.539980216582675,22.18899345154429,22.188389315643896,-0.0009365805825112261,-0.008519496102778135
37.2,75.57715222417468,49.952342394882244,49.95216635222387,75.50381835840518,75.50484960658639,0.5398906857324842,0.540021810938387,22.195737228305102,22.189800473068438,0.0001760426583743424,-0.0010312481812064789
37.25,75.59360710738709,49.95022658703115,49.95040824520912,75.53724511727151,75.51863071483852,0.54022713834656,0.5400655319543927,22.197130467165977,22.191296705631057,-0.00018165817796500505,0.01861440243298773
37.3,75.60998157520959,49.947498709582945,49.94860500449838,75.51765635175363,75.53226208195086,0.5402870326036704,0.5401113762224296,22.200094000061195,22.19287854821157,-0.0011062949154378998,-0.014605730197231992
37.35,75.62625270416152,49.94868491302851,49.94675880742224,75.56599080920765,75.54572406647839,0.5405897583299611,0.5401593355383919,22.202521240476905,22.194546348986208,0.0019261056062660487,0.020266742729262432
37.4,75.64239747852527,49.944747256053574,49.94487198571237,75.54998638514283,75.55899717514635,0.5405831173177589,0.5402093967935622,22.206551837215997,22.196300257023953,-0.0001247296587933988,-0.009010790003515012
37.45,75.6583928290063,49.94056674784159,49.94294685036363,75.58161014991391,75.5720618368599,0.5405436694197867,0.540261542994816,22.213984286570007,22.198140237458734,-0.0023801025220464567,0.009548313054011714
37.5,75.67421567157498,49.94400123976702,49.940985941836665,75.57539631531668,75.58489882027283,0.5404085600026521,0.5403157508192704,22.211587234703565,22.20006603288734,0.003015297930353711,-0.009502504956145685
37.55,75.6898429464234,49.93602977612977,49.938991897421275,75.60147125345806,75.59748907237055,0.5407180163378646,0.5403719921804669,22.217653039008816,22.202077188630486,-0.0029621212915031947,0.003982181087508252
37.6,75.70525165696851,49.93549039548389,49.93696743570109,75.61331554052101,75.60981373411187,0.5408244087223913,0.540430234364701,22.218469151429264,22.20417305569916,-0.001477040217203296,0.0035018064091474344
37.65,75.72041890883429,49.93067836572517,49.934915356553596,75.6231414226055,75.62185417950842,0.5411262886794507,0.5404904400310224,22.219923256700376,22.20635279079464,-0.004236990828424325,0.001287243097081614
37.7,75.73532194874466,49.929663726777015,49.93283854115009,75.62203208225633,75.63359205457375,0.5407456975775189,0.540552567211236,22.223667278120974,22.20861535630849,-0.0031748143730752076,-0.011559972317428446
37.75,75.74993820325935,49.93379458195726,49.93073995195571,75.64401167065903,75.64500931607314,0.5411728490542416,0.5406165693099004,22.22766344494114,22.21095952032254,0.0030546300015501515,-0.0009976454141167324
37.8,75.7642453172854,49.9307624169999,49.92862263272942,75.65533581001753,75.6560882700056,0.540918487215379,0.5406823951043291,22.22911605684237,22.213383856608928,0.0021397842704757863,-0.0007524599880639471
37.85,75.77822119229681,49.92914629705884,49.92648970852404,75.67044359281994,75.6668116097493,0.5411960482533527,0.5407499887445898,22.230817993509802,22.215886744630062,0.0026565885348048823,0.0036319830706332823
37.9,75.79184402419567,49.92544296052427,49.92434438568619,75.65081004777714,75.67716245380313,0.5414609481256788,0.5408192897535048,22.234688054425256,22.218466369538636,0.001098574838081845,-0.026352406025992536
37.95,75.80509234074874,49.9224885214385,49.92218995185636,75.69626567103845,75.6871243830574,0.5414079963742824,0.5408902330266506,22.243870761255824,22.221120722177638,0.0002985695821422496,0.00914128798105196
38.0,75.81794503853422,49.924449582903144,49.920029782137455,75.70255556985337,75.69668148688179,0.5411128844146311,0.5409627474655504,22.23766994965894,22.223847543820643,0.004419800765688819,0.005874082971587313
38.05,75.83038141933358,49.91979901664546,49.91786712345988,75.69437812612018,75.70581807223148,0.5416181657606045,0.541036764587478,22.244713037696208,22.22664463112152,0.0019318931855849542,-0.011439946111295285
38.1,75.84238122590543,49.91707984420563,49.91570545947648,75.73030533567741,75.71451925235249,0.54173877713356,0.5411122050528613,22.2469490985637,22.229509365855858,0.0013743847291536326,0.015786083324925926
38.15,75.85392467707852,49.91608736404758,49.91354828748297,75.67772395195873,75.72277064328911,0.5418096721125759,0.541188986274704,22.25022015864547,22.232438977828618,0.0025390765646093882,-0.04504669133038419
38.2,75.86499250210257,49.914850863423275,49.911399116993806,75.74123680226283,75.73055839560367,0.5415664114737017,0.5412670224738027,22.261783183982196,22.235430546823974,0.0034517464294694378,0.010678406659167194
38.25,75.87556597419652,49.91446272233742,49.90926146974222,75.75219342923492,75.73786922741701,0.5416270355289905,0.5413462246787466,22.26373641444906,22.238481002605322,0.005201252595199435,0.014324201817913718
38.3,75.88562694323588,49.90824024853668,49.907138879680154,75.71880427522272,75.74469045655343,0.5419466278006568,0.5414265007259182,22.261853804063296,22.24158712491528,0.0011013688565242319,-0.02588618133070497
38.35,75.89515786752146,49.90812963171664,49.90503489297836,75.74013050675848,75.75101003173519,0.542147340318577,0.5415077552594931,22.269027237066613,22.244745543475684,0.0030947387382838087,-0.010879524976715516
38.4,75.90414184457406,49.904528175843936,49.90295306802629,75.79733979984603,75.7568165627718,0.542023218740394,0.5415898897314396,22.271869335449512,22.24795273798758,0.001575107817643584,0.04052323707422545
38.45,75.91256264090077,49.90491810053451,49.900896975432204,75.77411507694875,75.76209934969268,0.5420132961300164,0.5416728024015194,22.277231112418768,22.251205038131243,0.004021125102305234,0.012015727256070363
38.5,75.92040472068116,49.9031837670303,49.898870198023076,75.77285946567821,75.76684841077295,0.541972112930102,0.5417563883372867,22.27220619475721,22.25449862356617,0.00431356900722335,0.006011054905258106
38.55,75.92765327332208,49.90477928718738,49.896876330844634,75.76494441895512,75.77105450940405,0.5425204373338677,0.5418405394140889,22.28265936188146,22.257829523931065,0.007902956342746847,-0.006110090448927963
38.6,75.9342942398337,49.899974634383504,49.89491898422108,75.78378117816659,75.77470918441016,0.5422958072687499,0.5419251438273937,22.27914446879481,22.261193603798457,0.005055650162425707,0.009071993756435859
38.65,75.9403143379794,49.898181908079195,49.8930016749983,75.79193798009055,75.77780460929408,0.542183570509293,0.5420100884102084,22.284313795630048,22.26458665984128,0.005180233080892549,0.014133370796471922
38.7,75.945701086156,49.897993256129396,49.891127878253435,75.77477943849784,75.78033369386041,0.542487606812161,0.5420952603352825,22.284726731387032,22.26800444080102,0.006865377875961087,-0.005554255362568483
38.75,75.95044282596147,49.89752240792327,49.88930109565048,75.78722048360476,75.78229020984759,0.542714916044495,0.5421805409756164,22.29422154704934,22.271442456890426,0.008221312272787884,0.0049302737571679245
38.8,75.95452874341113,49.894769287669426,49.887524770492206,75.78915055368486,75.7836686823597,0.5426257304858023,0.542265810677443,22.29463595324276,22.274896147214502,0.007244517177220189,0.005481871325159204
38.85,75.95794888876422,49.890954286616115,49.885802287720196,75.82150076538109,75.78446440891295,0.5427098874961739,0.5423509487602273,22.29971287103541,22.278360879770435,0.0051519988959185525,0.03703635646813552
38.9,75.96069419492594,49.894929360210625,49.88413697391485,75.73637826822792,75.78467347706687,0.5427606433552734,0.5424358335166669,22.301633798482907,22.281831951447643,0.010792386295776168,-0.048295208838951
38.95,75.96275649439256,49.888098102543,49.88253209729538,75.79128369725761,75.78429278061141,0.5427582779472102,0.5425203422126925,22.302970863950495,22.28530458802775,0.005566005247615635,0.00699091664620255
39.0,75.96412853470926,49.89030172339916,49.880990867719774,75.76458070676199,75.78332003428248,0.5430940812402616,0.5426043510874662,22.309895213620113,22.288773944184577,0.009310855679387942,-0.018739327520492566
39.05,75.96480399241328,49.88570891032243,49.87951643668483,75.79549292414295,75.7817537869824,0.5431094545368309,0.5426877353533832,22.309494274251666,22.29223510348418,0.006192473637597118,0.013739137160541759
39.1,75.96477748543764,49.88580854945469,49.878111897326164,75.79415024939085,75.77959343348283,0.5430371189054011,0.5427703691960714,22.31747094705859,22.295683078384812,0.007696652128522885,0.014556815908022713
39.15,75.96404458395283,49.88462467682637,49.87678027262472,75.81282599761043,75.77683920667367,0.5432312079078638,0.5428521247861793,22.321934008566497,22.299112780856408,0.007844404201648558,0.035986790936760826
39.2,75.96260181962762,49.88372425300411,49.875524436916116,75.77676114144084,75.77349206693133,0.5433293668778878,0.5429328782779627,22.320727762235915,22.302519255304,0.008199816087994805,0.0032690745095180773
39.25,75.96044669329167,49.88239505313402,49.87434721741465,75.80515528750425,75.76955386342291,0.543339309557631,0.5430125033485866,22.320746753680186,22.30589740301689,0.008047835719366958,0.03560142408133515
39.3,75.95757768098598,49.88085014840851,49.87325134253134,75.79405535162795,75.76502726107324,0.543484589303747,0.5430908729483013,22.32320866945683,22.309242069579835,0.007598805877172765,0.029028090554703567
39.35,75.95399423839064,49.88425204532992,49.872239427747644,75.76754908958341,75.75991572301565,0.543441960557059,0.5431678612861435,22.329535067092515,22.312548120068705,0.012012617582279006,0.007633366567759481
39.4,75.94969680362064,49.88257980181435,49.871313975615436,75.80896755878248,75.7542235129232,0.5435934624520176,0.5432433438299368,22.330988059802955,22.315810439050463,0.011265826198915363,0.05474404585928028
39.45,75.94468679838475,49.878419152447165,49.87047737575709,75.73509989335803,75.7479556957561,0.5435929950835277,0.5433171973062912,22.330869517640387,22.319023930583185,0.007941776690074676,-0.012855802398078708
39.5,75.938966627505,49.88547542348921,49.8697319048654,75.73288705871614,75.74111813692387,0.5435902443374722,0.543389299700604,22.33556228554764,22.322183518216065,0.015743518623814623,-0.008231078207728615
39.55,75.93253967679588,49.882223332967975,49.86907972670356,75.7588707425927,75.73371749986431,0.543462344750101,0.5434595302570584,22.342845342695302,22.32528414498939,0.013143606264414132,0.025153242728393366
39.6,75.92541030930784,49.878569504234314,49.868522892105304,75.71853957309088,75.7257612420441,0.5435594638272918,0.5435277694786247,22.33665714515151,22.328320773434562,0.010046612129009702,-0.007221668953221183
39.65,75.91758385993934,49.87744331601989,49.868063338974736,75.73344545158132,75.71725760938762,0.5432789845061452,0.54359389912706,22.34030290755421,22.331288385574098,0.009379977045156807,0.01618784219370184
39.7,75.90906662842748,49.87595546492118,49.867702847223406,75.70635330628782,75.70821556073008,0.5437968581716953,0.5436578014598464,22.34410244832431,22.33418196998028,0.008252617697770859,-0.0018622544422584042
39.75,75.89986587072772,49.878724255564066,49.86744306413993,75.7211826372146,75.69864479768742,0.5440147105862735,0.5437193658497397,22.345093090504935,22.336996770508957,0.011281191424139081,0.022537839527174697
39.8,75.8899897887975,49.88196538601585,49.86728550199024,75.70736513589536,75.68855575082176,0.5438306070443055,0.5437784796299443,22.34926827868659,22.339727905006953,0.014679884025611045,0.01880938507359531
39.85,75.87944751880087,49.881498056988015,49.86723152529734,75.70825212380907,75.67795954863382,0.543838843823248,0.5438350333215443,22.348952537088735,22.34237059377341,0.014266531690672934,0.030292575175252523
39.9,75.86824911775375,49.87908086302624,49.867282351625065,75.66245436873795,75.6668680055691,0.5440195639492871,0.5438889208090515,22.34961051645791,22.344920166537058,0.011798511401174494,-0.004413636831145595
39.95,75.85640554863215,49.88400671155107,49.86743905157811,75.67578803709134,75.65529360736411,0.543806991514813,0.5439400393404057,22.35349665233434,22.34737206245618,0.01656765997296361,0.02049442972722204
40.0,75.84392866396941,49.87903422541679,49.86770254880201,75.67326801850777,75.6432494949477,0.5440992425322573,0.5439882895269745,22.353181635203082,22.34972183011863,0.011331676614780406,0.030018523560073618
40.05,75.83083118796884,49.885683392662045,49.868073619983136,75.66285916555299,75.63074944692286,0.5438802718847199,0.5440335753435536,22.35361053751984,22.351965127541835,0.017609772678909508,0.03210971863012446
40.1,75.81712669716387,49.87856662763828,49.86855289484875,75.63888653730389,75.61780786065931,0.544214834295996,0.5440758041283662,22.35049456250692,22.354097722172796,0.010013732789531105,0.021078676644577854
40.15,75.8028295996572,49.87993490678217,49.86914085616693,75.60308162507764,75.6044397320265,0.5441625495532301,0.5441148865830636,22.352450966614043,22.35611549088807,0.01079405061523886,-0.0013581069488708408
40.2,75.78795511297515,49.88296933593014,49.86983782785769,75.64791100830084,75.59066061578058,0.5436777291140894,0.5441507362783833,22.35334998380137,22.3580143976911,0.013131508072454778,0.05725039252025965
40.25,75.7725192405746,49.883036381337604,49.87064397127984,75.62383592802763,75.57648659707294,0.5441875212307931,0.5441832720443087,22.352454664036685,22.359790618688045,0.012392410057763925,0.047349330954688185
40.3,75.75653874704304,49.88472042257323,49.87155930108083,75.5560487906813,75.5619342913557,0.5438019459647585,0.5442124172922338,22.356973122083275,22.361440481867945,0.013161121492402117,-0.005885500674395416
40.35,75.74003113203386,49.88410992477381,49.87258364946127,75.58870823301744,75.5470207649032,0.5435784217127385,0.5442380982195124,22.35527238027917,22.36296039171731,0.01152627531254069,0.041687468114247395
40.4,75.72301460298141,49.88634036226657,49.873716695120486,75.55959848980942,75.53176355219132,0.5439658570102279,0.5442602458959962,22.35761382738369,22.36434693388248,0.012623667146087314,0.027834937618095523
40.45,75.70550804664288,49.88858135478394,49.874957963256605,75.51595494136618,75.51618062826596,0.5441308868738884,0.544278796264035,22.3564726436301,22.365596875169643,0.013623391527332274,-0.00022568689978186285
40.5,75.6875309995154,49.88893218762915,49.8763068255665,75.5370494530774,75.50029038002812,0.543901928901503,0.5442936901384764,22.354523191954044,22.366707163544795,0.01262536206264997,0.036759073049282165
40.55,75.66910361717947,49.89044920628056,49.8777625002458,75.48924460440084,75.48411157648337,0.5438198741041224,0.544304873206666,22.3508117315778,22.367674928133777,0.012686706034756412,0.005133027917466393
40.6,75.65024664262063,49.88854942006315,49.879324051988945,75.47530141398903,75.46766333800326,0.5433930921056408,0.5443122960284472,22.35739465858328,22.36849747922224,0.00922536807420471,0.0076380759857670455
40.65,75.63098137358462,49.892168711783434,49.880990391989066,75.47360121901627,75.45096510464955,0.5442119952716058,0.5443159140361613,22.360940230774162,22.369172308255685,0.011178319794368008,0.022636114366719085
40.7,75.6113296290211,49.898021436873044,49.88276027793814,75.44039702959708,75.43403660361241,0.5437667983640742,0.5443156875346478,22.351158650432282,22.36969708783943,0.015261158934904984,0.0063604259846670175
40.75,75.59131371467437,49.89767206735635,49.88463229159031,75.45069371892615,75.41689778189556,0.5434154820086177,0.5443115814053819,22.34782561958872,22.370069648880378,0.013039775766046091,0.033795937030589585
40.8,75.57095638787939,49.89475958519325,49.88660492598356,75.41681045306485,75.39956890401746,0.5436586311819049,0.5443035667696499,22.35030116146008,22.37028810271245,0.008154659209687054,0.017241549047398053
40.85,75.55028082162417,49.898793466378585,49.88867647025787,75.40847790765636,75.38207034294273,0.5435473318079937,0.5442916196634537,22.34120402392866,22.37035071785725,0.010116996120714816,0.02640756471363659
40.9,75.52931056793985,49.90097604341763,49.89084506431,75.37688519528461,75.36442262718477,0.543825753803303,0.5442757213782999,22.348763729314605,22.370255963448034,0.010130979107628946,0.012462568099849136
40.95,75.50806952068149,49.90634780866724,49.89310871704619,75.36140879602162,75.34664643219286,0.5432936987852927,0.5442558586905534,22.34746863386021,22.370002528756075,0.013239091621052523,0.014762363828765501
41.0,75.48658187776348,49.90617339140876,49.8954653063822,75.35023829260818,75.32876254358654,0.5433397803288798,0.544232023861439,22.35242725168064,22.369589323190702,0.010708085026557512,0.02147574902164706
41.05,75.46487210291447,49.90829741660091,49.897912579243254,75.3593025645754,75.31079181989998,0.5434153129608885,0.5442042146370408,22.342215327660302,22.36901547629927,0.010384837357655385,0.0485107446754256
41.1,75.44296488701728,49.91200396697684,49.90044815156407,75.29484061981871,75.29275515489749,0.5433978609554382,0.544172434248302,22.34169055483307,22.368280337767175,0.011555815412769732,0.002085464921222524
41.15,75.42088510910055,49.91138680532627,49.90306950828887,75.27974880546593,75.2746734395223,0.5434901322969536,0.5441366914110252,22.340015969681993,22.36738347741783,0.008317297037400806,0.005075365943625343
41.2,75.39865779704887,49.91137976410468,49.90577400337134,75.29326491772328,75.25656752354107,0.5434469562667583,0.5440970003258722,22.338516878255124,22.36632468521271,0.005605760733338627,0.036697394182212406
41.25,75.37630808809878,49.91454338092401,49.908558854966,75.25185932981942,75.23845816969856,0.5430276253427465,0.5440533807422463,22.339396140115863,22.36510397099165,0.005984525958005804,0.01340116012086412
41.3,75.35386118918885,49.91453978491225,49.91142116873555,75.21754778921158,75.22036605008081,0.5432463621171604,0.5440058576211229,22.33543951808558,22.363721543564335,0.003118616176699618,-0.0028182608692333133
41.35,75.33134233723142,49.92282289635069,49.91435799526038,75.17271288169826,75.20231179368169,0.5429789190475958,0.5439544607850122,22.327567577646832,22.36217785225509,0.008464901090306398,-0.029598911983427456
41.4,75.30877675937461,49.91960447391992,49.91736619338294,75.1948806954459,75.18431574146858,0.5430623846424787,0.543899226705813,22.330388393479822,22.360473583501708,0.0022382805369787206,0.010564953977322489
41.45,75.28618963332251,49.92841974223027,49.9204425382858,75.18726646041767,75.1663980703353,0.5429297090374786,0.5438401969305522,22.323504352015554,22.35860964170338,0.007977203944470546,0.02086839008237007
41.5,75.2636060477818,49.92957335910195,49.923583721491646,75.16563034059428,75.148578754156,0.5427971739875636,0.5437774180813849,22.31612358044688,22.35658714922069,0.005989637610305465,0.01705158643827076
41.55,75.24105096310264,49.92954932377954,49.92678635086331,75.16895144287858,75.13087752498487,0.5424621612262076,0.5437109418555942,22.32251147297231,22.3544074463756,0.0027629729162299554,0.03807391789371195
41.6,75.21854917218097,49.93428579159608,49.93004695060377,75.10396180957063,75.11331383446587,0.5426459895393748,0.5436408250255919,22.313831817612908,22.3520720914515,0.004238840992314863,-0.0093520248952359
41.65,75.19612526168999,49.93766889715481,49.933361961256075,75.11043539523375,75.09590681551836,0.5427751599259462,0.5435671294389175,22.31453168308769,22.349582860693143,0.0043069358987324335,0.0145285797153889
41.7,75.17380357370646,49.94038229893154,49.936727739703485,75.10147247506177,75.07867524436259,0.5424292581844927,0.5434899220182391,22.314080973713235,22.346941748306687,0.0036545592280532446,0.022797230699183046
41.75,75.151608167798,49.946926202903065,49.94014055916935,75.08194324395107,75.06163750294901,0.5424507350664971,0.5434092747613525,22.304913557502022,22.344150966459697,0.006785643733714153,0.02030574100206195
41.8,75.12956278363612,49.94366839133548,49.94359659733853,75.05600265315044,75.04481152400682,0.5422591075021993,0.5433252653996592,22.304480839011458,22.34121296248305,7.179399695189659e-5,0.011191129143625744
41.85,75.10769080419918,49.94900358238842,49.947092064601776,75.03314352440833,75.0282149471396,0.5423995304922851,0.5432379736509934,22.297852123770408,22.338130291429728,0.0019115177866453337,0.004928577268728418
41.9,75.08601521962787,49.952825292957044,49.95062306304442,74.99432224387905,75.01186487083297,0.5422006218980502,0.543147485317249,22.29304336273579,22.334905774750844,0.002202229912626308,-0.017542626953911622
41.95,75.06455859179529,49.95201202935635,49.95418562185528,74.93435734192711,74.99577787034347,0.5419757948296942,0.5430538917386356,22.291348790134105,22.331542467895293,-0.0021735924989343403,-0.06142052841636314
42.0,75.04334301965204,49.956770648993036,49.95777575041548,74.9992296308465,74.97997004274566,0.5420328742327573,0.5429572879489324,22.284425214755537,22.328043599838722,-0.0010051014224430332,0.019259588100837277
42.05,75.02239010540531,49.9626687735112,49.96138943829843,74.95735374151649,74.96445697296203,0.5421783549477128,0.5428577726754887,22.278442324277353,22.324412573083574,0.0012793352127644653,-0.007103231445540814
42.1,75.00172092159,49.9635893880104,49.96502265526982,74.94426965017941,74.94925370062937,0.5418344939795742,0.542755448339224,22.278986743418425,22.320652963659057,-0.0014332672594221663,-0.004984050449962751
42.15,74.98135597908777,49.9642143573583,49.96867135128762,74.95697362190795,74.93437468785883,0.5419608813382655,0.542650421054627,22.272428140112602,22.316768521121162,-0.004456993929316866,0.02259893404911395
42.2,74.96131519614825,49.96898457894228,49.97233145650212,74.91638537014181,74.91983378794498,0.5412819168939544,0.5425428006297573,22.269416269594632,22.312763168552646,-0.003346877559835093,-0.0034484178031704005
42.25,74.94161786846551,49.97176714184843,49.97599888125584,74.88768707649437,74.9056442150787,0.5414997321005132,0.5424327005662439,22.26581197928442,22.30864100256306,-0.004231739407408952,-0.017957138584321797
42.3,74.9222826403605,49.972449843282924,49.979669516083646,74.8664887070343,74.89181851511657,0.5416325067535428,0.5423202380592859,22.26739362473348,22.304406293288714,-0.007219672800722776,-0.025329808082261707
42.35,74.90332747711797,49.97753893216636,49.98333923155598,74.93251975171205,74.87836853722231,0.5408903986768195,0.5422055350219654,22.257735876379364,22.30006352457601,-0.005800299389619568,0.054151214489735366
42.4,74.88476963852513,49.98128233293346,49.98700400830148,74.88591687413417,74.86530560163378,0.5407845831033888,0.5420887118474861,22.250280451372873,22.295617145138962,-0.005721675368022261,0.020611272500389077
42.45,74.86662565365675,49.984731295527695,49.99065977190334,74.82593112673985,74.8526402264481,0.541070914561937,0.5419698947224362,22.251940778346185,22.291071871080526,-0.005928476375643754,-0.02670909970825619
42.5,74.84891129694903,49.985956466612244,49.994302465139675,74.81510611684764,74.84038221132161,0.5412565175483156,0.5418492132907696,22.246297582740638,22.286432588281333,-0.008345998527431675,-0.025276094473966282
42.55,74.83164156560265,49.98891918820426,49.99792807883509,74.8318704163185,74.82854066036334,0.5407976426382706,0.5417267987867657,22.242240602392183,22.281704277113413,-0.00900889063083099,0.003329755955149949
42.6,74.81483065835288,49.9941554942954,50.00153265186058,74.79035789871234,74.81712396014102,0.5406951938476628,0.5416027840350288,22.232605403097924,22.27689201244022,-0.0073771575651804255,-0.026766061428673993
42.65,74.79849195564267,49.99732956049479,50.005112271133555,74.77070271051855,74.80613975906783,0.5404681695520411,0.5414773034504888,22.22652221533635,22.272000963616627,-0.007782710638764456,-0.035437048549283645
42.7,74.78263800123098,49.99673379923735,50.00866307161783,74.76059970290977,74.79559494820649,0.5403212437063211,0.541350493038401,22.226651173579064,22.267036394488887,-0.01192927238048469,-0.03499524529671305
42.75,74.76728048526799,50.00065000792644,50.01218123632366,74.79315860765048,74.78549564352535,0.5401527972072687,0.5412224903943457,22.22325930944532,22.262003663394704,-0.011531228397224424,0.007662964125131566
42.8,74.75243022886427,50.00011066333044,50.0156629963077,74.75447245989251,74.77584716963757,0.5400395069235513,0.5410934347042284,22.213949804879636,22.256908223163165,-0.015552332977257777,-0.021374709745060727
42.85,74.73809717017983,50.007639229290064,50.01910463067299,74.77033656538308,74.7666540450526,0.5403508488942715,0.5409634667442805,22.21141146789325,22.251755621114775,-0.011465401382928064,0.0036825203304715615
42.9,74.72429035205556,50.0120882048137,50.02250248240328,74.75374383915013,74.75791999263046,0.5398782694960298,0.5408327300232942,22.202410588415667,22.246551557222055,-0.010414277589582355,-0.004176153480329958
42.95,74.71101791120716,50.011258840118536,50.02585304411545,74.72667365609091,74.74964805604652,0.5400273876765279,0.5407013632456513,22.2034097742431,22.241301547581273,-0.014594203996914246,-0.0229743999556149
43.0,74.69828706899874,50.01033153694388,50.029152833549475,74.70022349417151,74.74184040358581,0.5394556576511778,0.5405695097103307,22.197691174915665,22.236011341836633,-0.018821296605594284,-0.04161690941430152
43.05,74.68610412381062,50.01688546949783,50.032398463185835,74.71148407293794,74.73449842370958,0.5390316532600479,0.540437313254054,22.194953459111264,22.230686748087475,-0.01551299368800585,-0.023014350771646264
43.1,74.67447444501326,50.0217314020962,50.035586651114095,74.69677097932046,74.7276227343973,0.5398225063887716,0.5403049169135689,22.19217904995227,22.225333572015238,-0.013855249017893811,-0.030851755076838572
43.15,74.66340246855574,50.0210613913627,50.03871422103294,74.70841447069202,74.72121317788053,0.539306599716885,0.5401724629256495,22.183902451150324,22.21995761688349,-0.017652829670240067,-0.012798707188508729
43.2,74.65289169417554,50.02271959648831,50.041778102250156,74.69569859048218,74.71526881702493,0.5391380154678764,0.5400400927270961,22.179470118776216,22.21456468353791,-0.019058505761847755,-0.0195702265427542
43.25,74.64294468423202,50.02613560339056,50.04477532968266,74.68918070222644,74.70978793336644,0.5390870469146471,0.5399079469547352,22.170109718204337,22.20916057040629,-0.018639726292100534,-0.020607231140004956
43.3,74.63356306416493,50.02994258200982,50.04770304385644,74.66498591917389,74.70476802680518,0.5393877066206623,0.5397761654454195,22.17220689893851,22.20375107349855,-0.0177604618466205,-0.039782107631296526
43.35,74.62474752457477,50.03193927747662,50.05055849090662,74.65637614877022,74.70020581695736,0.5390111999626725,0.539644887236028,22.167999316603332,22.19834198640672,-0.01861921343000006,-0.04382966818714351
43.4,74.61649782491988,50.03249939319806,50.053339022577426,74.65399464929206,74.69609724616251,0.5388057799996037,0.5395142505634659,22.167625943057754,22.192939100304944,-0.020839629379366897,-0.042102596870449815
43.45,74.60881279882258,50.03676496674677,50.056042126968755,74.67262923280813,74.69243753001979,0.5382856282859271,0.5393843938294384,22.160237918058716,22.187548263852058,-0.019277160221982115,-0.01980829721165378
43.5,74.60169036097274,50.03805966170889,50.0586654404271,74.66443134436899,74.68922118140539,0.5386731415587932,0.5392554484618439,22.155312878382677,22.18217503340563,-0.020605778718206125,-0.024789837036394147
43.55,74.5951275156157,50.038888130051994,50.06120671450518,74.63095501634366,74.68644196908222,0.5388385763309718,0.5391275482057559,22.14976990362397,22.176825117440607,-0.02231858445318835,-0.05548695273856197
43.6,74.58912036660752,50.04024019140024,50.06366384292622,74.59226634291423,74.68409296746802,0.5382135486803984,0.5390008244607933,22.142103165955923,22.17150415972557,-0.023423651525980915,-0.09182662455378932
43.65,74.58366412901876,50.04507378723554,50.06603486098518,74.62561498529429,74.68216656686924,0.5385090953542275,0.5388754056267145,22.134735972942003,22.166217706870018,-0.02096107374963907,-0.05655158157495066
43.7,74.57875314226456,50.04645414809876,50.068317945548756,74.63377264161088,74.68065448618991,0.5384337205911428,0.5387514171034178,22.13751926364165,22.160971208324362,-0.02186379744999556,-0.04688184457903333
43.75,74.57438088473661,50.049505004219625,50.07051141505544,74.6269259991205,74.67954778719795,0.5381406564029116,0.5386289812909408,22.128513597352214,22.15577001637991,-0.02100641083581678,-0.05262178807744533
43.8,74.57053998990965,50.05215871055963,50.072613729515446,74.6296357945977,74.67883689032261,0.538037128673363,0.5385082175894611,22.126839976703923,22.150619386168916,-0.020455018955814808,-0.049201095724910715
43.85,74.56722226389273,50.05300866200591,50.07462349051075,74.64272003612734,74.67851159195317,0.5381885521593603,0.5383892423992956,22.125463851833505,22.145524475664516,-0.021614828504844752,-0.03579155582582416
43.9,74.56441870439302,50.05582605935817,50.07653944119508,74.62996452549166,74.67856108320642,0.5379687557138767,0.538272169120901,22.120877488453615,22.14049034568078,-0.02071338183691296,-0.04859655771475957
43.95,74.56211952105733,50.054610087969195,50.07836046629392,74.65660289138687,74.67897397012798,0.5379806870108153,0.5381571081548737,22.11647133067191,22.135521959872687,-0.023750378324727706,-0.022371078741116435
44.0,74.56031415715391,50.05465523324217,50.080085629721275,74.62618821499058,74.67973835138375,0.5378197922422919,0.5380441674853154,22.109312305135152,22.130624225750523,-0.025430396479102058,-0.05355013639317008
44.05,74.55899131255553,50.05914071924428,50.08171410840102,74.64128511955188,74.68084174252324,0.5375823682278795,0.5379334475725733,22.107349017440495,22.125801725160827,-0.02257338915674012,-0.039556622971360866
44.1,74.55813896798153,50.0577181108374,50.0832452713625,74.68210456298951,74.68227121819497,0.5376134495843022,0.5378250480913485,22.10799614308942,22.12105906392222,-0.025527160525101067,-0.00016665520546155221
44.15,74.5577444104552,50.05937458875521,50.08467863911712,74.65218366991056,74.68401337710158,0.5374107805111596,0.5377190642799913,22.104816135985093,22.11640068466053,-0.025304050361910413,-0.031829707191022294
44.2,74.55779425993002,50.0590837953578,50.08601388137149,74.63114598712788,74.6860543653459,0.537409162844786,0.5376155867990795,22.10204774113582,22.11183085926112,-0.02693008601369229,-0.054908378218016196
44.25,74.55827449703732,50.06356576430291,50.08725081702742,74.60611537193674,74.68837990435773,0.5372561706445208,0.5375147017314186,22.100213702884638,22.10735368886889,-0.023685052724509603,-0.08226453242099296
44.3,74.5591704919043,50.06034313716237,50.08838941418183,74.63899933014955,74.69097531993755,0.5370476681394578,0.5374164905820411,22.0981536887801,22.10297310388827,-0.02804627701946316,-0.051975989788004995
44.35,74.5604670339914,50.0649736622778,50.08942979012689,74.62078448598619,74.69382557236366,0.5372815140676745,0.5373210302782075,22.096723514651888,22.098692863983228,-0.024456127849092013,-0.0730410863774722
44.4,74.56214836289469,50.0701680367795,50.09037221134995,74.67506160023535,74.69691528750585,0.5377264635388902,0.5372283931694055,22.09341465045283,22.094516558077267,-0.020204174570451983,-0.021853687270493083
44.45,74.5641982000581,50.06574768809243,50.091217093533515,74.66627455925196,74.70022878888743,0.5371984957121964,0.5371386470273504,22.08123528473536,22.09044760435342,-0.025469405441086224,-0.033954229635469346
44.5,74.56659978133867,50.068039661867736,50.09196500440167,74.71285079126933,74.70375013488082,0.5371318644842916,0.5370518550805249,22.085408760823608,22.086489252433203,-0.023925342533935634,0.009100656388511652
44.55,74.56933589036595,50.06496765392298,50.0926166795483,74.66125663917249,74.7074631760917,0.5371610927627242,0.5369680760244897,22.081742556286116,22.082644581085965,-0.027649025625322565,-0.0462065369192004
44.6,74.57238889263635,50.06902394976251,50.093172932468086,74.67596720282256,74.71135145572191,0.5371227076515799,0.5368873623076368,22.078187411197856,22.07891640522595,-0.02414898270557586,-0.03538425289934821
44.65,74.57574077028085,50.06852500567109,50.09363479759411,74.71793182166947,74.71539845812997,0.5369319972778572,0.536809762156822,22.084993989279056,22.07530740182264,-0.025109791923021874,0.002533363539498623
44.7,74.57937315744378,50.068643691303805,50.094003436827514,74.67714970272047,74.71958750530861,0.5370928487009217,0.5367353185665583,22.074390477893324,22.071820038662775,-0.025359745523708455,-0.04243780258813956
44.75,74.58326737621002,50.06820575603967,50.09428013953754,74.6728207904966,74.7239017933179,0.5371597485254597,0.536664069299016,22.07266941285445,22.068456574350417,-0.026074383497871167,-0.05108100282130579
44.8,74.58740447301571,50.06885634192698,50.094466322561495,74.67205376174722,74.72832442921515,0.5366402187711218,0.5365960468840223,22.070321695824425,22.065219058306884,-0.025609980634513363,-0.05627066746792764
44.85,74.59176525547744,50.069865360032836,50.09456353020484,74.69667039011418,74.73283846841282,0.536592483570509,0.5365312786190618,22.07114835890717,22.062109330770795,-0.02469817017200171,-0.03616807829864399
44.9,74.59633032957477,50.0725183410498,50.094573434241084,74.72543302233805,74.73742695239578,0.5371513050201654,0.5364697865692765,22.071279652839383,22.05912902279805,-0.02205509319128396,-0.011993930057727198
44.95,74.60108013711907,50.06924245304054,50.09449783391189,74.69961058567232,74.74207294672797,0.5367838930493171,0.5364115875674651,22.06737035908199,22.05627955626183,-0.02525538087135004,-0.04246236105565515
45.0,74.60599499344187,50.07163795147054,50.094338655926926,74.698398992228,74.74675957927732,0.5370327428568339,0.5363566932140839,22.063965827033922,22.053562143852602,-0.02270070445638339,-0.04836058704933066
45.05,74.61105512523606,50.06736469386328,50.09409796790764,74.72320087031252,74.75147009865067,0.5367327570984469,0.5363051096704735,22.062438448366592,22.050977781629957,-0.026733274044360655,-0.02826922833814649
45.1,74.61624070848178,50.06537489147974,50.093777929312175,74.72551519799764,74.75618783941582,0.5370015379795471,0.5362568383553257,22.064168898964326,22.048527256719268,-0.028403037832433142,-0.03067264141817816
45.15,74.62153190638995,50.069848578029934,50.09338074492463,74.69859251908105,74.76089619112668,0.5367293870705347,0.5362118762866934,22.05820930975605,22.04621117409327,-0.023532166894696616,-0.06230367204562981
45.2,74.62690890729542,50.068546597580806,50.09290883442639,74.743927360219,74.76557888976383,0.5366394314087991,0.5361702135200294,22.054879305632625,22.044029867831593,-0.02436223684558314,-0.021651529544826076
45.25,74.63235196243285,50.06961304528993,50.092364695568804,74.73289426795549,74.77021985180474,0.5367379518224578,0.536131835316308,22.05927291847719,22.04198346757555,-0.022751650278877378,-0.03732558384925255
45.3,74.6378414235272,50.06936371356471,50.09175090417308,74.69491203543757,74.77480321224994,0.5364755981288671,0.5360967221420259,22.05822164508348,22.040071898528133,-0.022387190608370133,-0.07989117681236735
45.35,74.64335778013309,50.07428061195163,50.091070114130375,74.7309515195371,74.7793133623753,0.5368262188349605,0.5360648496692014,22.05490310532569,22.038294881453982,-0.016789502178745863,-0.04836184283820444
45.4,74.64888169665525,50.07286189246291,50.0903250574017,74.7606317314622,74.78373498713972,0.53639568712596,0.5360361887753753,22.06017310161136,22.036651932679412,-0.017463164938789077,-0.023103255677526136
45.45,74.65439404898561,50.06727007682334,50.089518544018,74.77375056126182,74.78805310218183,0.5364934681152891,0.5360107055436102,22.057136008315087,22.035142364092412,-0.02224846719465745,-0.014302540920013485
45.5,74.65987596069075,50.06883906150265,50.0886534620801,74.7330295253061,74.79225309033848,0.5367210474884127,0.5359883612624907,22.055489745532416,22.033765283142632,-0.019814400577452318,-0.05922356503238291
45.55,74.66530883868607,50.0679706278301,50.08773277775877,74.80900500738124,74.79632073761876,0.5365412792939905,0.5359691124261234,22.053418078810427,22.0325195928414,-0.019762149928666872,0.012684269762488043
45.6,74.67067440833296,50.065345489122656,50.08675953529461,74.77752278242737,74.80024226856901,0.5367856804632002,0.5359529107341372,22.054129515255372,22.031403991761696,-0.021414046171955192,-0.022719486141639322
45.65,74.6759547478968,50.06609810595266,50.085736871344345,74.80282254681994,74.80400440239153,0.5367055488720887,0.5359397024555503,22.054568030132824,22.030416947006575,-0.019638765391682966,-0.0011818555715876755
45.7,74.68113232230438,50.063242323821214,50.08466790975722,74.78315504653854,74.80759422974502,0.5369436764685465,0.5359294311609535,22.054209520969383,22.02955678128736,-0.021425585936007963,-0.024439183206482085
45.75,74.68619001614103,50.06575798122339,50.08355579299828,74.80817573317988,74.8109992927974,0.5369417380105995,0.535922037635948,22.05697793500698,22.028821699773808,-0.017797811774890704,-0.0028235596175250066
45.8,74.69111116582864,50.06619953777919,50.08240379739837,74.76361027844702,74.814207789668,0.5364525693789396,0.5359174549606207,22.054796995890154,22.028209582717572,-0.016204259619179595,-0.050597511220985325
45.85,74.69587959092756,50.067303521930185,50.0812152092831,74.7909120886431,74.8172084207988,0.5367744538092359,0.535915612974888,22.056947007848287,22.027718157444017,-0.013911687352916147,-0.02629633215570948
45.9,74.70047962450684,50.06413761006771,50.079993324972975,74.77966109474458,74.81999041935164,0.5367616241490014,0.5359164382784964,22.05513904820776,22.027344998352277,-0.01585571490526405,-0.040329324607057515
45.95,74.70489614252888,50.060579670972096,50.07874145078323,74.82499506741615,74.82254358058634,0.5367644120765339,0.5359198542310223,22.058037438986695,22.0270875269152,-0.01816177981113043,0.0024514868298126657
46.0,74.70911459219629,50.06079494122735,50.07746290302401,74.80480773027861,74.8248582901696,0.5368527936182557,0.5359257809518715,22.056874625871448,22.02694301167938,-0.016667961796663633,-0.020050559890989916
46.05,74.71312101921075,50.06476249727334,50.07616100800023,74.81103031556749,74.82692555136407,0.5365589849611283,0.5359341353202802,22.055729699228923,22.026908568265142,-0.011398510726884581,-0.015895235796577367
46.1,74.71690209389557,50.057385705234275,50.07483910201164,74.80244180035503,74.82873701105153,0.5367136854643607,0.5359448309753142,22.0609425835869,22.026981159366553,-0.017453396777362684,-0.02629521069650309
46.15,74.72044513613551,50.05314019827221,50.07350053135281,74.82948424805791,74.83028498454398,0.5368971460332027,0.5359577783158689,22.06560695671169,22.027157594751422,-0.020360333080603255,-0.0008007364860702637
46.2,74.72373813908955,50.05871548502062,50.07214865231313,74.81167212251555,74.83156247914025,0.5363271306387324,0.5359728845006698,22.06283562105007,22.02743453126127,-0.013433167292511428,-0.019890356624699734
46.25,74.726769791635,50.05981959702812,50.07078683909847,74.82155035534518,74.83256322822676,0.5369625120522201,0.5359900523902176,22.05893498246569,22.027808429317517,-0.01096724207035038,-0.011012872881579483
46.3,74.7295294995025,50.055768825537854,50.06941835968119,74.81820394969922,74.83328152665456,0.5369156615268179,0.5360091853456304,22.061084401753345,22.028275737221477,-0.013649534143333142,-0.015077576955334848
46.35,74.73200740506522,50.058722980570685,50.068046468054405,74.8404333135435,74.83371238815583,0.5370064017364887,0.5360301855557484,22.06691327626918,22.02883283276374,-0.009323487483719362,0.006720925387668331
46.4,74.73419440574631,50.05852657042561,50.066674441686864,74.8036909782005,74.83385161948472,0.5368839979689731,0.536052948941936,22.063378246304875,22.029475814180877,-0.008147871261250828,-0.03016064128421192
46.45,74.73608217101301,50.05551887858633,50.06530549904752,74.80100518834945,74.8336957138737,0.5365125195709254,0.5360773704778318,22.067281839882856,22.03020071289276,-0.00978662046119183,-0.03269052552424512
46.5,74.73766315792628,50.05585993648684,50.063942799605556,74.81523505811916,74.83324186629218,0.5367870354967155,0.5361033441893499,22.061559575464642,22.03100349350254,-0.008082863118715977,-0.01800680817302691
46.55,74.73893062521925,50.05424842623578,50.06258944383042,74.78808326373118,74.8324879872255,0.536830856930694,0.5361307631546793,22.05995960473972,22.031880053796673,-0.008341017594638345,-0.044404723494324116
46.6,74.73987864587917,50.056256005111706,50.06124847319177,74.8434628929519,74.83143271495113,0.5366957072925832,0.5361595195042844,22.06467137273385,22.03282622474491,-0.004992468080061485,0.012030178000770775
46.65,74.7405021182104,50.05486554798292,50.059922870159504,74.8102202934585,74.83007542629211,0.5368879231356157,0.5361895044209042,22.06855956933247,22.033837770500284,-0.005057322176583057,-0.019855132833612288
46.7,74.74079677535946,50.05064964957984,50.05861555820377,74.83008326068433,74.8284162458311,0.537156233661651,0.5362206081395529,22.061849859796066,22.03491038839914,-0.007965908623930318,0.0016670148532398343
46.75,74.74075919328467,50.050072075034585,50.057329401794924,74.84074793195634,74.82645605356966,0.536747362725644,0.5362527199475196,22.068892116414155,22.03603970896111,-0.007257326760338856,0.014291878386686108
46.8,74.74038679715686,50.04969100682035,50.056067206403576,74.8078823861061,74.82419649102165,0.5372129306994099,0.5362857281843687,22.07259209812713,22.037221295889115,-0.006376199583222331,-0.016314104915551297
46.85,74.73967786617915,50.04891463663254,50.05483171407569,74.85422929970866,74.82163995911651,0.5372189682366487,0.5363195189817745,22.070767785486826,22.038450596435556,-0.005917077443150731,0.03258934059215335
46.9,74.73863153681819,50.05051568777946,50.05362550777945,74.83725719458593,74.81878947815625,0.5370991537130584,0.5363539822175789,22.068579008010904,22.03972319110641,-0.003109819999991714,0.018467716429682923
46.95,74.73724780444023,50.04829102494295,50.052451111183,74.82657939615375,74.81564883832226,0.5372544837627367,0.5363890081829801,22.069164277273206,22.04103463564983,-0.004160086240048599,0.010930557831485999
47.0,74.7355275233501,50.048319657531266,50.05131096674022,74.81023760004167,74.81222256669137,0.5371498742158132,0.5364244839361008,22.072210762825037,22.04238032309832,-0.0029913092089515203,-0.0019849666497009366
47.05,74.73347240523222,50.04684694523418,50.05020740480523,74.79746257305749,74.80851587926321,0.5370456411101974,0.5364602980545996,22.075653670728993,22.043755679671225,-0.0033604595710485796,-0.011053306205724311
47.1,74.73108501599712,50.04384990292113,50.049142643632315,74.79588886534293,74.80453467758107,0.5375103545112709,0.5364963406356722,22.073434856218366,22.045156164774767,-0.0052927407111837965,-0.00864581223814298
47.15,74.72836877103884,50.0485744731772,50.04811878937592,74.76525301145243,74.80028554378484,0.5369010307579395,0.5365325032960501,22.07458765390319,22.04657727100203,0.0004556838012774733,-0.03503253233240855
47.2,74.7253279289115,50.043013874850026,50.047137836090705,74.74911122196742,74.79577573410623,0.5369374653024492,0.5365686791720014,22.067330339554726,22.048014524132963,-0.004123961240679819,-0.04666451213880407
47.25,74.72196758343671,50.04579663199518,50.04620166573145,74.78243260868012,74.79101317081845,0.5373200056267323,0.5366047629193308,22.079808060107098,22.04946348313438,-0.0004050337362713208,-0.008580562138320147
47.3,74.71829365425559,50.04321395962184,50.0453120481532,74.78533954182195,74.7860064326553,0.537172160771293,0.5366406507133795,22.07598021978535,22.050919740159962,-0.0020980885313619524,-0.0006668908333438139
47.35,74.7143128758422,50.04311087356641,50.044470641111104,74.77250234419307,74.7807647437175,0.5370693330966279,0.5366762402490248,22.07577742284317,22.05237892055025,-0.0013597675446916924,-0.0082623995244262
47.4,74.71003278499815,50.046147010152744,50.043678990260545,74.7746701308761,74.77529796088577,0.5372998901904112,0.5367114307406806,22.08473656603691,22.05383668283265,0.0024680198921984697,-0.0006278300096624889
47.45,74.70546170685033,50.04656217520185,50.04293851107364,74.78757148011435,74.76961653274556,0.5371160240924043,0.536746121807006,22.078090434547956,22.055288674996245,0.0036236641282059168,0.017954947368792773
47.5,74.70060873937697,50.04485881956844,50.042250463386125,74.771494225683,74.76373144606627,0.5370507592057001,0.5367802188872908,22.079424373357114,22.05673078108824,0.002608356182314253,0.007762779616726334
47.55,74.69548373648912,50.045012576533566,50.0416159954987,74.72834408240347,74.75765427478814,0.5373676832552782,0.5368136295724848,22.07932818160032,22.058158923723827,0.0033965810348632886,-0.029310192384670586
47.6,74.69009728969806,50.042563530116205,50.041036104452594,74.74550486662613,74.75139710237715,0.5371375513726238,0.5368462618108251,22.078111987083535,22.05956900774524,0.0015274256636104155,-0.005892235751019825
47.65,74.68446070840102,50.040047488180285,50.04051165111573,74.74692113217976,74.74497252472072,0.5371328900972959,0.5368780271034096,22.08135898451006,22.060957060967382,-0.0004641629354438237,0.0019486074590417957
47.7,74.6785859988201,50.042742168370005,50.04004336018277,74.70517124372219,74.7383936291619,0.537543712763599,0.5369088405041981,22.08139249771093,22.062319234177846,0.002698808187233226,-0.03322238543971423
47.75,74.67248584163201,50.04113343384096,50.039631820175124,74.70677089791921,74.7316739722501,0.5372899923485286,0.5369386206200115,22.084972009278957,22.063651801136878,0.0015016136658374535,-0.02490307433089356
47.8,74.66617356832855,50.04280911809851,50.03927748344093,74.74384802954829,74.72482755624709,0.5373235993057335,0.5369672896105323,22.087074223146075,22.06495115857741,0.003531634657583993,0.019020473301196716
47.85,74.65966313634912,50.04422053609562,50.03898066615502,74.76113790595612,74.71786880442842,0.5374557978369651,0.5369947731883041,22.087153697388125,22.06621382620504,0.005239869940602659,0.043269101527698695
47.9,74.65296910303061,50.043762507625736,50.03874154831901,74.75572123693382,74.71081253522387,0.537255617082232,0.5370210006187324,22.077035108524207,22.067436446698036,0.005020959306726525,0.0449087017099572
47.95,74.6461065984196,50.04258231832684,50.03856017376121,74.71411058655191,74.70367393524027,0.5371569038102153,0.5370459047200836,22.083579765504396,22.06861578570734,0.004022144565631436,0.01043665131163607
48.0,74.63909129699644,50.044277199960966,50.038436450136714,74.72852627315613,74.69646853121418,0.5373650971683384,0.5370694218634857,22.083185671283797,22.069748731856567,0.005840749824251645,0.03205774194195499
48.05,74.6319393883607,50.042268128643755,50.03837012186224,74.69336752216226,74.68921212054364,0.5372202879740764,0.5370914913670833,22.080358921702917,22.07083227003975,0.0038980067815117536,0.004155401618618271
48.1,74.6246675469303,50.047805730010616,50.038360833715956,74.674563530124,74.68192083618783,0.5377441262350356,0.5371120584474832,22.077411035728847,22.07186364364635,0.009444896294660055,-0.0073573060638238985
48.15,74.61729290070814,50.04522767068406,50.03840807495712,74.71413668003021,74.67461103228467,0.5374465934145517,0.5371310723557529,22.080483028134452,22.072840218012185,0.006819595726945238,0.0395256477455348
48.2,74.60983299917206,50.04426808664879,50.038511165036695,74.65861525202862,74.66729923101188,0.5371170422011651,0.5371484857388853,22.082504401249683,22.073759470811595,0.005756921612096733,-0.00868397898325668
48.25,74.60230578034472,50.04733149936181,50.03866929828392,74.6434721420306,74.6600021566425,0.5375549806448727,0.5371642558904028,22.080291320134716,22.074619060080245,0.00866220107788962,-0.01653001461190229
48.3,74.5947295371024,50.04715029394523,50.0388815439063,74.67105433662512,74.65273670213593,0.5369269909697622,0.537178344750357,22.082762857353135,22.075416824215147,0.008268750038929795,0.018317634489193324
48.35,74.58712288278238,50.04980415285506,50.039146845989634,74.64603039793884,74.64551989502843,0.5373008449699787,0.5371907189053279,22.08525859359268,22.07615078197463,0.010657306865425653,0.0005105029104157666
48.4,74.57950471615014,50.047468148839116,50.039464023498006,74.65717052489755,74.63836886268189,0.5372852007348267,0.5372013495884256,22.082323907149693,22.076819132478366,0.008004125341109614,0.01880166221566526
48.45,74.5718941857888,50.04883683725106,50.039831770273736,74.62224064905688,74.63130079695051,0.5374385160102467,0.5372102126792886,22.086902073126154,22.077420255207365,0.009005066977323395,-0.009060147893634962
48.5,74.56431065397419,50.04701005365636,50.040248655037466,74.60504296804751,74.62433291832656,0.537005998661995,0.5372172887040847,22.080622660386823,22.07795271000396,0.00676139861889169,-0.019289950279045343
48.55,74.55677366009952,50.05038019848334,50.04071312138808,74.60546815532155,74.61748243962609,0.5373008805645813,0.5372225628355111,22.07743629550163,22.078415237071827,0.009667077095258492,-0.012014284304541434
48.6,74.54930288371523,50.047553727617725,50.04122348780275,74.63012778092158,74.61076652927784,0.5368679223172544,0.5372260248927937,22.080373328349875,22.078806756975972,0.0063302398149716055,0.019361251643744026
48.65,74.54191810724947,50.05021664813461,50.04177792097105,74.64474465264216,74.60420223452378,0.5372812482979207,0.5372276694991421,22.073807493159322,22.079126370348263,0.008438727163557758,0.040542418118377554
48.7,74.5346391784758,50.05004180069005,50.042374575875584,74.62920658763457,74.59780665294033,0.5373110734360206,0.5372274950935313,22.075010965639677,22.079373366867273,0.007667224814468909,0.0313999346942353
48.75,74.52748597279499,50.049358461920086,50.043011435222574,74.6135675754192,74.5915966554994,0.5370949142322129,0.5372255059043052,22.077374077631138,22.079547247097665,0.006347026697511637,0.02197091991979505
48.8,74.52047835539794,50.05453858024232,50.043686345904185,74.6178558733476,74.58558890328551,0.537384030108197,0.5372217111753184,22.079073669388297,22.079647704866908,0.01085223433813809,0.03226697006208212
48.85,74.51363614337734,50.05292120232406,50.04439707319133,74.57721113678718,74.57979989052953,0.5369104275609815,0.5372161246768233,22.076443784735954,22.079674624633874,0.008524129132730707,-0.002588753742344352
48.9,74.50697906785567,50.05261854657148,50.04514130073372,74.60926292163785,74.57424590683291,0.5369108630410561,0.5372087647054697,22.07215316767699,22.07962808148885,0.007477245837762325,0.0350170148049358
48.95,74.50052673619686,50.05473130446928,50.04591663055984,74.61212213529186,74.56894299945006,0.5369727343542741,0.5371996540843049,22.079663715243377,22.079508341153517,0.00881467390944124,0.04317913584179678
49.0,74.4942985943694,50.05450675972005,50.04672058307696,74.5738733049311,74.56390693569418,0.5369370919411594,0.537188820162774,22.07210323472211,22.079315859980973,0.007786176643087117,0.009966369236920514
49.05,74.48831388952769,50.05497228840374,50.04755059707116,74.59222255386086,74.55915316553309,0.5372971122444641,0.5371762948167192,22.072668187595998,22.079051284955714,0.007421691332581304,0.03306938832777462
49.1,74.48259163287877,50.059014940190565,50.04840402970721,74.5180013365558,74.55469678444011,0.5370639120277779,0.5371621144483809,22.0665952375056,22.07871545369364,0.010610910483357827,-0.03669544788431267
49.15,74.47715056290059,50.054606133694215,50.04927815652876,74.60045624161582,74.55055249656566,0.5368603724806452,0.5371463199863964,22.068472954369398,22.07830939444207,0.005327977165457298,0.04990374505015893
49.2,74.4720091089778,50.060710006263065,50.050170171458184,74.52557813859221,74.54673457829446,0.5371627869321832,0.537128956885801,22.066787682955646,22.077834326079714,0.010539834804880854,-0.021156439702252783
49.25,74.46718535551962,50.059696784933635,50.05107716386949,74.56021423801626,74.54325680810571,0.5368945066832006,0.5371100764334449,22.06553455057082,22.077291702793406,0.008619621064141825,0.016957429910547717
49.3,74.46269700662481,50.06332159422105,50.05199632435967,74.57243043536235,74.54013273754985,0.536768130089185,0.537089729087733,22.054239215340974,22.07668298751696,0.011325269861380605,0.032297697812495585
49.35,74.458561351356,50.05855268101703,50.052924681232426,74.52926642944848,74.5373752638469,0.5365327655593866,0.5370679727581406,22.065322066928946,22.076009942774103,0.00562799978460049,-0.008108834398413478
49.4,74.45479522968662,50.05899595932814,50.053859192385005,74.51323007553647,74.53499673249186,0.536832526372915,0.5370448705194678,22.056199946042504,22.075274548956298,0.005136766943138582,-0.021766656955392705
49.45,74.45141499918061,50.06139458546464,50.05479680129143,74.55412950951387,74.53300898705214,0.5365861828891063,0.5370204886055415,22.06619618463842,22.074478934947845,0.00659778417320922,0.021120522461728797
49.5,74.4484365024655,50.060284539732926,50.05573443700252,74.51886522886996,74.53142333634916,0.5367162725948816,0.5369948964092163,22.057064551307853,22.073625378125914,0.00455010273040557,-0.012558107479208047
49.55,74.44587503555648,50.06100740685903,50.056669014145804,74.58549458641201,74.53025052246623,0.5364438953324184,0.5369681664823736,22.059039654649396,22.072716304360544,0.004338392713222561,0.05524406394577852
49.6,74.44374531708921,50.064927916846784,50.05759743292562,74.55866332916835,74.52950068964186,0.5366389592796754,0.5369403745359224,22.05850580639721,22.07175428801461,0.0073304839211658646,0.029162639526489897
49.65,74.44206145851608,50.06400554726709,50.058516579123044,74.54914438447966,74.52918335410448,0.5365875522626881,0.536911599439799,22.047514233547403,22.070742051943867,0.005488968144042872,0.019961030375185373
49.7,74.44083693532002,50.06329624034211,50.059423324095945,74.53798187782044,74.52930737490364,0.5367053546453506,0.5368819232229667,22.055772181284336,22.06968246749691,0.003872916246166369,0.008674502916804272
49.75,74.44008455929753,50.06706110880888,50.0603145247789,74.52991725160783,74.52988092579145,0.5366646281991032,0.5368514310734163,22.053543371873957,22.068578554515216,0.006746584029976077,3.632581638157717e-5
49.8,74.43981645196136,50.06821460817257,50.06118702368332,74.49836113830328,74.53091146820593,0.5368556601856753,0.5368202113381658,22.05203379212995,22.0674334813331,0.007027584489250671,-0.032550329902647945
49.85,74.44004401911046,50.066623125754994,50.06203764889733,74.53719636521532,74.53240572540564,0.5361285500114626,0.5367883555232603,22.04606417658951,22.066250564777743,0.0045854768576631955,0.004790639809684194
49.9,74.44077792661356,50.07220808567741,50.0628632622415,74.55653621999339,74.5343697294988,0.5360384397092127,0.5367559590925451,22.047063363353296,22.065033296702573,0.009344823435910143,0.022166490494583968
49.95,74.44202807745066,50.06470187804065,50.063660838356384,74.52502031070807,74.53680891577787,0.5363668009452839,0.5367231137237743,22.047110605538766,22.06378505978382,0.0010410396842672753,-0.011788605069796176
50.0,74.44380359005339,50.06677138368843,50.06442728062781,74.55633837919683,74.53972782655138,0.536377568964701,0.5366899187759436,22.050120372409175,22.06250956548266,0.0023441030606221602,0.016610552645445864
50.05,74.44611277798465,50.072239792748036,50.06515954590035,74.53614471725439,74.54313027603784,0.5365401459792656,0.5366564747541709,22.039382808898555,22.061210599216928,0.007080246847685601,-0.0069855587834553035
50.1,74.44896313099392,50.067381796837275,50.065854645686024,74.5047624925634,74.54701933276759,0.5360327691191179,0.5366228832047216,22.04555743076302,22.059892016376512,0.001527151151250905,-0.04225684020418896
50.15,74.45236129748385,50.07023398086527,50.06650964616445,74.55382364733043,74.5513973016039,0.5358555603272113,0.5365892467150101,22.04130218327346,22.058557742323355,0.003724334700820009,0.002426345726533441
50.2,74.4563130684194,50.073208279757836,50.06712166818268,74.53903055620997,74.5562657072171,0.5357726203048564,0.5365556689135985,22.04059978780334,22.05721177239147,0.006086611575156553,-0.017235151007128025
50.25,74.46082336271046,50.07111360495743,50.06768788725532,74.6096704706383,74.56162527904473,0.5362794731909476,0.5365222544701979,22.04332279951122,22.05585817188691,0.003425717702114639,0.04804519159357312
50.3,74.46589621409404,50.068378215514755,50.068205533564466,74.59219055462903,74.56747593776682,0.5359087957021886,0.536489109095667,22.045455505638408,22.054501076087803,0.00017268195028918853,0.024714616862212324
50.35,74.47153475954161,50.07336481606651,50.06867189195976,74.5621045336554,74.57381678332331,0.5356961973795772,0.5364563395420135,22.040331634811928,22.05314469024432,0.004692924106748819,-0.011712249667908736
50.4,74.47774122921285,50.07097912293994,50.06908430170319,74.6154317490996,74.58064608411787,0.5360890362739188,0.5364240536821113,22.033787863016084,22.05179329290016,0.0018948212367462247,0.03478566498172597
50.45,74.48451693797522,50.07141181015457,50.069440207007744,74.6126423671543,74.58796134347614,0.5357434238915199,0.5363923608993405,22.038608627507678,22.050451250544086,0.0019716031468277606,0.02468102367815561
50.5,74.49186227850603,50.06991460650525,50.06973716597165,74.61598451579718,74.5957593057711,0.5358453217159971,0.5363613651992616,22.032313001922862,22.049122737001213,0.00017744053359791678,0.020225210026083573
50.55,74.49977671599041,50.071660403442536,50.06997278306632,74.59828686350991,74.60403585028315,0.5358696573095824,0.5363311759038074,22.03178871089641,22.047812180509403,0.0016876203762166142,-0.005748986773241427
50.6,74.50825878442629,50.071285148848965,50.07014477103423,74.60446336235962,74.61278607947814,0.5356429256996847,0.5363019011028276,22.033041310365256,22.046523987891486,0.001140377814735416,-0.008322717118517176
50.65,74.51730608454449,50.06817770984112,50.07025095088886,74.56087522189713,74.6220043167468,0.5359484814552786,0.5362736476540887,22.030080275015987,22.045262544555257,-0.002073241047739316,-0.06112909484966167
50.7,74.52691528334913,50.066298989309736,50.070289251914716,74.64140868779532,74.63168410580468,0.5362277415546505,0.5362465211832748,22.028721575528603,22.04403221449349,-0.003990262604979478,0.00972458199063908
50.75,74.53708211528078,50.07028491615187,50.070257711667324,74.6425904247881,74.64181821175636,0.5360424529892955,0.5362206260839871,22.031673787528607,22.04283734028394,2.7204484545961805e-5,0.0007722130317375786
50.8,74.54780138500216,50.07323117290897,50.07015447597328,74.67254978516046,74.65239862382467,0.5361856723524756,0.536196065517744,22.029406043712854,22.041682243089312,0.0030766969356861296,0.020151161335789425
50.85,74.55906697180285,50.06961703175383,50.069977798930154,74.67044946927098,74.6634165597423,0.5358811623817734,0.5361729414139809,22.03344438520011,22.040571222657306,-0.0003607671763248277,0.007032909528675191
50.9,74.57087183561706,50.0691915002275,50.069726042906574,74.67209560442284,74.67486247180088,0.535980681353098,0.5361513544700505,22.028791045387138,22.039508557320584,-0.0005345426790768215,-0.002766867378042548
50.95,74.58320802464567,50.069817397033574,50.06939767996661,74.67692083579577,74.68672605667322,0.5359868276236469,0.5361314043681088,22.031357021499602,22.0384985132277,0.0004197170669613115,-0.00980522087745328
51.0,74.59606668457079,50.07053481525179,50.06899134229401,74.6965826176707,74.69899633997923,0.5360662994629408,0.5361131893278271,22.03232487101358,22.037545318347444,0.0015434729577776807,-0.0024137223085318738
51.05,74.60943806934802,50.06980862696703,50.06850577758907,74.6705455586754,74.7116616207565,0.5359847587503753,0.536096801404772,22.033288130689062,22.036652973146424,0.0013028493779643213,-0.041116062081101745
51.1,74.6233115535595,50.06634887990567,50.06793987171266,74.73466380696685,74.72470951783396,0.5360327003811602,0.5360823344845439,22.030703844647647,22.035825593678044,-0.0015909918069922924,0.009954289132892313
51.15,74.63767564630773,50.066122626653474,50.06729265031997,74.75148732179596,74.73812698646698,0.5360948156417602,0.5360698791659079,22.02524494913704,22.03506718638886,-0.0011700236664964336,0.013360335328982842
51.2,74.65251800662716,50.06568009288464,50.06656327886052,74.79401074675832,74.75190033410145,0.5358645898322149,0.5360595227607939,22.029304656077585,22.034381648118597,-0.0008831859758799965,0.04211041265686788
51.25,74.66782546038837,50.05691788357874,50.065751062578144,74.75039424924817,74.7660152376768,0.5362364069334082,0.5360513492942969,22.03427584133458,22.033772766100164,-0.008833178999402946,-0.015620988428622695
51.3,74.68358401866696,50.06896404932914,50.06485544651104,74.75276663981117,74.78045676243848,0.5354191171768171,0.5360454395046758,22.03614496480902,22.03324421795961,0.004108602818099882,-0.027690122627305414
51.35,74.69977889754615,50.06435110983785,50.063876015491694,74.80457796908705,74.79520938222788,0.5364252247512765,0.5360418708433548,22.03236700769458,22.03279957171617,0.00047509434615733426,0.009368586859167749
51.4,74.71639453932053,50.06047999514067,50.06281249414696,74.78880805076805,74.8102570012142,0.536228995923598,0.5360407174749227,22.02991531387989,22.03244228578222,-0.002332499006293176,-0.02144895044614259
51.45,74.73341463506509,50.058234334759426,50.061664746897975,74.84780778076303,74.82558297703096,0.5356385796785249,0.5360420502771329,22.032716905732233,22.032175708963337,-0.0034304121385488884,0.022224803732072473
51.5,74.7508221485317,50.06064536624831,50.06043278341051,74.80820659654742,74.84117015342487,0.5360188147092855,0.5360459370683983,22.03582181727747,22.03200308988722,0.00021258283779701515,-0.032963556877447786
51.55,74.76859934133243,50.05664138792244,50.05911678314666,74.84826449109731,74.85700092280128,0.536451661360027,0.5360524418775441,22.030852408825897,22.031927528653945,-0.0024753952242235755,-0.008736431703965764
51.6,74.78672779936811,50.05343851544266,50.057717036150486,74.8671842313342,74.87305716480756,0.5363656581183021,0.5360616225080779,22.031836407840643,22.03195189594921,-0.004278520707828193,-0.0058729334733556016
51.65,74.80518846045595,50.055904041978984,50.05623402476136,74.87504110078737,74.88932039685923,0.5365746702059198,0.5360735349680619,22.03984761857741,22.03207902135774,-0.0003299827823752821,-0.01427929607186229
51.7,74.82396164311076,50.05347019979918,50.054668373876865,74.89108282198644,74.90577172931184,0.5359990972435329,0.5360882305754956,22.038653788295704,22.032311558517854,-0.001198174077686076,-0.014688907325393075
51.75,74.84302707643022,50.052766836234156,50.0530208509527,74.94016392512164,74.92239189609958,0.5363227866870889,0.5361057559583168,22.03879648227723,22.032651985121408,-0.00025401471854280544,0.01777202902205488
51.8,74.8623639310332,50.049693628034895,50.05129236600276,74.92722499469542,74.93916128644484,0.5364802100162382,0.5361261530544006,22.047820214632488,22.033102602913832,-0.0015987379678676916,-0.011936291749421457
51.85,74.88195085099913,50.04640965348378,50.049483971599074,74.93798817617292,74.95605997758301,0.5363414124634449,0.53614945911156,22.04099778922422,22.033665537694127,-0.0030743181152956822,-0.018071801410087573
51.9,74.90176598675342,50.047314710735215,50.047596862871856,74.97444366202912,74.97306776844404,0.5365813514290768,0.5361757066875458,22.04251983438549,22.034342739314845,-0.0002821521366414004,0.0013758935850773923
51.95,74.92178702884304,50.04159465494914,50.04563237750948,75.00199766446009,74.99016421423075,0.5358692761307475,0.5362049236500462,22.046322792974284,22.035135981682117,-0.00403772256034074,0.011833450229346454
52.0,74.94199124254459,50.042422141331336,50.04359199575846,75.01912730942313,75.0073286618321,0.53675535844712,0.5362371331766875,22.046772063873398,22.03604686275562,-0.0011698544271254718,0.01179864759102145
52.05,74.9623555032457,50.04131259427653,50.04147735022997,75.02674718731043,75.02454030071112,0.536712705362826,0.5362723538340217,22.04943080833042,22.037076807261016,-0.000164755953434792,0.0022068865993105646
52.1,74.9828563325393,50.03799377389543,50.03929020682938,75.03987205768121,75.04177817121855,0.5368422023397958,0.5363105993850471,22.05313595956373,22.038227032381222,-0.0012964329339482106,-0.0019061135373448224
52.15,75.00346993496898,50.036682333253616,50.03703242957044,75.06099857817125,75.05902114932708,0.5366777483891157,0.5363518778235848,22.058026709483354,22.03949854035807,-0.00035009631682214604,0.0019774288441709587
52.2,75.02417223536237,50.03236307974825,50.03470608057299,75.07374431494996,75.0762481346928,0.5367730763297488,0.5363961924644164,22.058235428865363,22.04089216106057,-0.0023430008247373735,-0.0025038197428415288
52.25,75.04493891668872,50.03148270324583,50.032313337721014,75.13463341781225,75.09343796579807,0.5364478225233658,0.5364435414798323,22.054952426512845,22.04240851767508,-0.0008306344751858319,0.04119545201417907
52.3,75.0657454583761,50.03038763912187,50.02985649466266,75.14207975838164,75.11056945894863,0.537100907544589,0.5364939178996329,22.06508547074611,22.044048026705337,0.0005311444592095427,0.03151029943300898
52.35,75.08656717502161,50.027349475972436,50.02733796081026,75.09496124244704,75.12762144763776,0.5372654807748279,0.5365473096111273,22.062968401291535,22.04581089797242,1.151516217845483e-5,-0.03266020519072299
52.4,75.10737925542922,50.02130160107833,50.02476026134025,75.14845782173762,75.14457282220813,0.5374143289143386,0.5366036993591341,22.06424015481464,22.047697134614772,-0.003458660261919988,0.003884999529489619
52.45,75.12815680190756,50.0207884937144,50.02212603719326,75.15716806761682,75.16140256974077,0.5373902680568501,0.5366630647459812,22.064459509058533,22.0497065330882,-0.0013375434788613916,-0.004234502123949824
52.5,75.14887486976049,50.01651792725814,50.0194380450741,75.2223528773908,75.17808981410019,0.5376401961947433,0.5367253782315058,22.071138673632586,22.051838683165865,-0.0029201178159539154,0.04426306329061447
52.55,75.16950850690232,50.0129544354044,50.01669915745165,75.22021800641942,75.1946138560647,0.5374461971979552,0.5367906071330542,22.080140435407756,22.054092967938278,-0.0037447220472444087,0.02560415035470953
52.6,75.19003279353022,50.0102789352358,50.01391237823653,75.2222788824357,75.21095423704705,0.5374198847517994,0.536858713330996,22.08333280545602,22.056468552442613,-0.0036334430007300966,0.01132464538865463
52.65,75.21042288178478,50.01006892517318,50.01108076657673,75.16707672486898,75.22709066458658,0.5376093260567326,0.536929654605702,22.084303256643654,22.058964409066462,-0.0010118414035531487,-0.06001393971760649
52.7,75.23065403533141,50.004788384669965,50.00820744786506,75.22816180865378,75.24300306874838,0.5378714375494593,0.5370033840761332,22.085374871122724,22.061579324225363,-0.003419063195096328,-0.014841260094598852
52.75,75.25070166879392,50.00680351237096,50.005295723828226,75.27380727914857,75.25867180747228,0.537826958606345,0.5370798481873688,22.08741826090982,22.064311822017032,0.0015077885427317028,0.015135471676288148
52.8,75.2705413869727,50.00439286681416,50.002348958510645,75.2695913079586,75.27407753454852,0.5380733451815523,0.5371589888921882,22.09877802977895,22.067160232456853,0.0020439083035128647,-0.004486226589918374
52.85,75.29014902378029,50.000816026295475,49.99937057827445,75.29145532604339,75.28920123866999,0.5382607160748456,0.5372407436510722,22.100562606711684,22.070122691477888,0.00144544802102331,0.002254087373401603
52.9,75.30950068082667,49.99768076296694,49.99636407179946,75.30477223484081,75.3040242820808,0.5381570315734905,0.5373250454322023,22.101334594687486,22.073197140930898,0.0013166911674744597,0.0007479527600082747
52.95,75.32857276558889,49.99820916746078,49.99333299008322,75.31648493045459,75.31852843875599,0.5381587237981807,0.5374118227114612,22.099425968683256,22.07638132858431,0.004876177377560964,-0.0020435083013978783
53.0,75.3473420290984,49.992674731858095,49.990280946440926,75.33198376100678,75.33269593204412,0.5382289953102491,0.5375009994724322,22.108001291300948,22.079672808124243,0.0023937854171691697,-0.0007121710373354517
53.05,75.36578560308199,49.98922921694185,49.98721161650555,75.36604863446705,75.34650947170894,0.5384520142793325,0.5375924952064002,22.11096058227195,22.0830689391545,0.0020176004363037237,0.01953916275810741
53.1,75.38388103649186,49.985947666872015,49.98412873822771,75.32951668807685,75.35995229030503,0.5385222625505109,0.5376862249123502,22.114986256172664,22.086566887196565,0.0018189286443046626,-0.03043560222818087
53.15,75.40160633136261,49.98610959304068,49.981036111875746,75.3252762637462,75.37300817882549,0.5381705414450185,0.5377820990969687,22.118814710586047,22.090163623689595,0.00507348116493489,-0.04773191507928232
53.2,75.41893997793284,49.983495597836196,49.977937611823094,75.41009165020854,75.38566153933917,0.5386713515096881,0.5378800227229542,22.123631868960103,22.093855887372094,0.005557986013101868,0.024430110869374744
53.25,75.43586098897123,49.980997128269514,49.97483701934692,75.41423897658616,75.39789716675897,0.5385103794728653,0.5379799012398508,22.127258542518973,22.09764039334594,0.0061601089225931105,0.01634180982719613
53.3,75.45234893324819,49.97889741497021,49.97173822722558,75.36531060268537,75.40970059043124,0.5391277551998198,0.5380816334948413,22.13939163033559,22.101513586278372,0.007159187744633755,-0.04438998774587333
53.35,75.46838396809528,49.975133713378504,49.968645170974256,75.42687870297698,75.42105800257191,0.5390568356516359,0.5381851134131178,22.13727101533851,22.105471698168948,0.006488542404248676,0.005820700405067214
53.4,75.48394687099655,49.97398717426483,49.965561778192736,75.41001843763755,75.43195621289192,0.5390942148015656,0.5382902321468107,22.145791938282603,22.10951082438832,0.008425396072091473,-0.021937775254372127
53.45,75.49901907015732,49.970174059003085,49.96249196856543,75.42399679964784,75.44238267854607,0.5392168436135338,0.5383968780749893,22.14596332098634,22.11362692367826,0.007682090437654665,-0.01838587889822918
53.5,75.51358267399814,49.96032297395408,49.95943965386135,75.46313768091544,75.45232553296962,0.5396361128500797,0.5385049368036606,22.15016500834194,22.117815818151648,0.0008833200927256257,0.010812147945813422
53.55,75.52762049952304,49.96247549832664,49.95640873793415,75.45299586879165,75.46177361355495,0.5394401257582239,0.5386142911657706,22.15537803179078,22.12207319329249,0.006066760392492654,-0.008777744763307282
53.6,75.5411160995134,49.95908775916383,49.95340311672206,75.4830432236884,75.4707164881219,0.5395913945142304,0.5387248212212037,22.16148732246592,22.12639459795589,0.005684642441771359,0.012326735566503544
53.65,75.55405378850072,49.958356639765334,49.950426678247936,75.48778247939507,75.4791444801381,0.5397464168589708,0.5388364042567823,22.16249462428281,22.130775444368066,0.007929961517397999,0.008637999256961848
53.7,75.5664186674738,49.95726268775021,49.947483302619275,75.50151543288257,75.4870486926477,0.5395448088164458,0.5389489147862674,22.16814626011515,22.135211008126344,0.009779385130933349,0.014466740234865938
53.75,75.57819664727782,49.955420434302624,49.94457686202814,75.51900215477207,75.4944210308689,0.5397505123920928,0.5390622245503586,22.164819357352492,22.139696428199183,0.010843572274481517,0.02458112390316103
53.8,75.58937447066552,49.95245688295967,49.94171118872895,75.49025950366998,75.50125417501317,0.5397194820933706,0.5391762010959266,22.17601546847306,22.144226671816444,0.010745694230720915,-0.010994671343198092
53.85,75.59993973296208,49.94730474234962,49.93888997375241,75.50320114378178,75.50754144693413,0.5401036726684658,0.5392907177353173,22.178903397488085,22.148796874311905,0.008414768597212685,-0.004340303152346792
53.9,75.60988090130924,49.94569406477857,49.93611696067402,75.53455148969786,75.51327712140821,0.5398384952869828,0.5394056394532694,22.18050385011339,22.153401823819685,0.009577104104550926,0.021274368289653012
53.95,75.61918733245484,49.9412339064392,49.93339582177769,75.56965993688502,75.5184562558525,0.5402421432552011,0.5395208302006197,22.188756716144464,22.15803623870692,0.0078380846615147,0.05120368103251849
54.0,75.62784928905818,49.94464696858053,49.93073015147845,75.53745413535286,75.5230746957729,0.5402736513741848,0.5396361535603125,22.186324499501954,22.162694790993577,0.013916817102078483,0.014379439579954578
54.05,75.63585795448272,49.9406835093062,49.928123466322376,75.50616734749896,75.52712908865269,0.5406390290852112,0.5397514727473998,22.200674063102767,22.167372106352424,0.012560042983821518,-0.02096174115372662
54.1,75.64320544605178,49.94268757276764,49.92557920498664,75.55291353353776,75.5306168963187,0.5405356604228444,0.5398666506090405,22.201370273285384,22.17206276410904,0.01710836778099889,0.022296637219056947
54.15,75.64988482674369,49.935605118494266,49.923100728279515,75.54598115867374,75.53353640576539,0.5402766386418855,0.5399815496245013,22.20558548008949,22.176761297241818,0.012504390214751027,0.01244475290835112
54.2,75.65589011530771,49.93513814826801,49.920691319140325,75.54180919435791,75.53588673842152,0.5404897466356696,0.5400960319051565,22.206073315950533,22.18146219238195,0.014446829127685135,0.005922455936385518
54.25,75.66121629478288,49.93117246142057,49.9183541826395,75.5780396507553,75.53766785784535,0.5410497098640565,0.5402099591944878,22.212270129671094,22.18615988981345,0.012818278781075776,0.04037179290995141
54.3,75.66585931940573,49.932464254756056,49.916092445978556,75.5735549880735,75.53888057583727,0.5410657522584388,0.5403231928680837,22.225553999295915,22.190848783473136,0.016371808777499552,0.034674412236228136
54.35,75.66981611989573,49.93021067276717,49.913909156127374,75.61120227611404,75.53952655338676,0.5410678802020585,0.5404355931730199,22.214887081666998,22.19552319521135,0.016301516639792624,0.07167572272727796
54.4,75.67308460710926,49.926696322273926,49.91180719354926,75.5455455550501,75.53960817302355,0.5410635156688662,0.540547022082974,22.2186926838164,22.200177517597286,0.01488912872466841,0.005937382026544924
54.45,75.67566367405678,49.924749517278016,49.90978934527526,75.5674011325423,75.53912865072148,0.5414904986448866,0.5406573459739099,22.225226670532386,22.204806249491675,0.014960172002759009,0.02827248182082087
54.5,75.67755319627987,49.924683531815916,49.90785830224571,75.57552308008141,75.53809203161194,0.5410448247158061,0.540766426921236,22.23026394360789,22.209403694504196,0.016825229570208933,0.03743104846947176
54.55,75.67875403058821,49.92331301986329,49.90601662410389,75.59834765999398,75.53650313484009,0.5414515964214724,0.5408741291749739,22.232653359674195,22.213964213178162,0.017296395759402117,0.061844525153887275
54.6,75.67926801215913,49.92314595318843,49.90426673919613,75.56613684860578,75.53436755011805,0.5411765906327503,0.54098031915976,22.243825062753967,22.218482222990556,0.018879213992299526,0.031769298487731135
54.65,75.67909795000541,49.92463565219333,49.902610944571705,75.54523758767687,75.53169163270508,0.5412335907520155,0.5410848654748444,22.243679300582258,22.222952198351983,0.02202470762162534,0.013545954971789342
54.7,75.67824762081959,49.91673469948084,49.90105140598292,75.5577454835102,75.52848249682444,0.5417192714149303,0.5411876388940914,22.24251515286044,22.22736867060672,0.01568329349792208,0.029262986685765213
54.75,75.67672176120591,49.92102378365458,49.89959015788503,75.53794300588864,75.52474800752948,0.5415791736280701,0.5412885123659795,22.245223212575112,22.231726228032674,0.021433625769553544,0.013194998359153942
54.8,75.6745260583143,49.913789845111985,49.89822910343633,75.54930043258369,75.52049677103459,0.5417660367932148,0.5413873610136009,22.253769142725353,22.236019515841395,0.015560741675656686,0.028803661549105186
54.85,75.67166713889274,49.917997920549226,49.8969700144981,75.54089429196411,75.51573812352824,0.5415480248820597,0.5414840621346623,22.25669773805108,22.240243236178095,0.021027906051124035,0.02515616843587054
54.9,75.6681525567779,49.91672818419424,49.895814531634585,75.53193060280759,75.51048211848843,0.5417541525635347,0.541578495201484,22.259716282964295,22.24439214812163,0.02091365255965627,0.021448484319165573
54.95,75.66399077884584,49.91342659199374,49.89476413759901,75.53751874168043,75.5047394723996,0.542021584658989,0.541670540600621,22.259199515637228,22.248461026398346,0.01866245439472891,0.03277926928082309
55.0,75.65919116944839,49.91387359877694,49.893820149941,75.52521010196591,75.49852153796927,0.5421034618109901,0.5417600859453283,22.26431035183789,22.252444940971056,0.02005344883593807,0.02668856399664321
55.05,75.65376397336185,49.91184372515896,49.892983749627554,75.51821794118341,75.49184033042202,0.5421989400635039,0.541847020560766,22.265727379514455,22.2563389664332,0.018859975531405837,0.02637761076138645
55.1,75.64772029727901,49.910783161079486,49.8922559448274,75.52591196545468,75.48470845429118,0.5421234931522664,0.5419312354566655,22.26940409691295,22.260138217976486,0.018527216252088863,0.04120351116350207
55.15,75.64107208987657,49.91532669254458,49.89163758818694,75.49910569676979,75.47713910980089,0.5422296713939977,0.5420126259072617,22.27733851921271,22.26383796066649,0.023689104357643487,0.02196658696890097
55.2,75.63383212049308,49.91198254033254,49.89112937683029,75.49376726667158,75.46914607177966,0.5421832578719207,0.5420910914512924,22.273062768777994,22.26743360944263,0.02085316350224531,0.02462119489192105
55.25,75.62601395645535,49.915785399603614,49.89073185235927,75.48298005988441,75.46074366728588,0.5416895033697394,0.5421665358919988,22.27396946768829,22.270920729118192,0.02505354724434028,0.022236392598529164
55.3,75.61763193909267,49.911905329853894,49.89044540085338,75.49973562746311,75.4519467519826,0.5422786785612906,0.5422388672971253,22.28013101773905,22.27429503438032,0.021459929000513966,0.047788875480506476
55.35,75.60870115848151,49.910926757678276,49.89027025286981,75.43673156116891,75.44277068530226,0.5425309091047938,0.5423079979989193,22.283169801940115,22.277552389790017,0.02065650480846415,-0.006039124133351947
55.4,75.59923742696415,49.91003794469731,49.89020648344348,75.47224887280277,75.4332313044422,0.5425357794156764,0.5423738445941316,22.281182678058517,22.280688809782138,0.01983146125382973,0.03901756836056336
55.45,75.5892572514891,49.912118663370734,49.89025401208695,75.43382765876983,75.42334489723554,0.5420022821724884,0.5424363279440161,22.28550935455059,22.283700458665397,0.021864651283785008,0.010482761534291285
55.5,75.57877780482008,49.90895532032595,49.89041260279054,75.42075885111637,75.41312817394203,0.542277884105726,0.5424953731743299,22.28416193229062,22.286583650622376,0.018542717535410702,0.007630677174347511
55.55,75.56781689566559,49.91511933202336,49.89068181862806,75.42653094293803,75.40259816939995,0.5426453316346797,0.542550908822662,22.286959955300894,22.289334817600015,0.024437513395298538,0.023932773538078322
55.6,75.55639293778023,49.908995241405876,49.89106114899116,75.43451991304887,75.39177240511994,0.5422065027107672,0.5426028715259321,22.287223236835917,22.291950745344153,0.017934092414712666,0.04274750792893656
55.65,75.54452491809229,49.91370063833167,49.8915498503887,75.39587874249918,75.38066861749866,0.5424541117473355,0.5426512008491956,22.287493074042526,22.29442827278916,0.02215078794296943,0.015210125000521657
55.7,75.53223236391372,49.91516788027463,49.892147021018275,75.4208691370411,75.36930483852196,0.5422429064404249,0.5426958413823385,22.289358037692146,22.29676442882915,0.023020859256355664,0.05156429851913913
55.75,75.51953530928887,49.91565666198819,49.892851614461065,75.39068581238965,75.35769938358806,0.5420344685345588,0.5427367431263203,22.292868694137596,22.298956453032904,0.022805047527121758,0.03298642880159264
55.8,75.50645426054187,49.9149551008446,49.893662439681776,75.39933148304674,75.34587081785497,0.5425941730961475,0.5427738614931731,22.290698050896363,22.301001795643863,0.0212926611628248,0.05346066519176418
55.85,75.49301016108203,49.91142876386637,49.89457816102871,75.36008629028598,75.33383792186885,0.5424694312944109,0.5428071573060023,22.28828932953278,22.30289811758012,0.016850602837656936,0.02624836841712863
55.9,75.47922435552914,49.912676141293446,49.89559729823371,75.3703841400439,75.32161965653032,0.5424841140751376,0.5428365967989862,22.290486989833113,22.304643290434434,0.017078843059735505,0.04876448351357965
55.95,75.46511855322123,49.91541007378511,49.896718226412204,75.32364570897806,75.30923512745744,0.5421149246794035,0.5428621516173765,22.29123963025405,22.30623539647422,0.018691847372906523,0.01441058152062169
56.0,75.45071479116834,49.91658762021577,49.89793917606312,75.3015573673664,75.29670354880405,0.5423065889399301,0.5428837988174975,22.291269498837906,22.307672728641563,0.0186484441526531,0.004853818562352785
56.05,75.4360353965169,49.91676903283651,49.89925823306901,75.31959606235381,75.28404420659464,0.5423124576590153,0.5429015208667466,22.286847953304953,22.308953790553193,0.01751079976749992,0.03555185575916653
56.1,75.42110294859067,49.92193944699969,49.90067332812701,75.29808239148605,75.2712764056932,0.542421251020427,0.5429153056820372,22.289285582449377,22.310077292870833,0.021266118872674156,0.026805985792847764
56.15,75.40594024057334,49.92204335790969,49.90218226786837,75.32155140764999,75.25841947930164,0.5421797508136587,0.5429251461736392,22.297036638721377,22.311042143375655,0.019861090041324303,0.0631319283483549
56.2,75.3905702409008,49.925214248094996,49.903782800318844,75.25130671339647,75.2454928498819,0.5422771636466982,0.542931040972768,22.290781463311124,22.311847520431993,0.021431447776151913,0.005813863514575246
56.25,75.37501605442937,49.9208605805642,49.905472440501946,75.25525312979624,75.23251572813432,0.5420311426420263,0.5429329949918155,22.291783985256792,22.312492807573808,0.015388140062256639,0.022737401661927947
56.3,75.35930088344797,49.925740985463754,49.907248602396905,75.26399582261142,75.21950727386134,0.5420569571986759,0.5429310184874513,22.291869184475097,22.312977612754015,0.018492383066849527,0.044488548750081236
56.35,75.34344798860224,49.92657302651656,49.909108598938644,75.25579148141948,75.2064865576327,0.5421320853278515,0.542925127060624,22.28637804098841,22.313301768344473,0.017464427577913,0.04930492378677798
56.4,75.32748064979813,49.929304650922006,49.91104964201784,75.20302492402023,75.19347252240425,0.5422268269066783,0.5429153416565611,22.289756340173717,22.31346533113601,0.018255008904169756,0.009552401615977146
56.45,75.31142212715336,49.930751230920244,49.91306884248081,75.17696816635163,75.18048394515478,0.5420700937472175,0.5429016885647684,22.28689700841798,22.313468582338377,0.017682388439432373,-0.0035157788031483506
56.5,75.29529562206436,49.92889787778067,49.915163210129656,75.2006757567287,75.16753939860607,0.5421737171343994,0.5428841994190305,22.28526649961092,22.31331202758031,0.013734667651014831,0.033136358122632714
56.55,75.27912423845646,49.93404854019686,49.91732965372214,75.1477137034742,75.15465721309072,0.5417041040981749,0.5428629111974107,22.279819463253688,22.312996396909465,0.016718886474720307,-0.00694350961651935
56.6,75.26293094428459,49.9353146382629,49.91956498097178,75.17965404507655,75.14185543863213,0.5424493480265756,0.5428378662222506,22.28147830850459,22.31252264479247,0.01574965729112421,0.037798606444411575
56.65,75.24673853335132,49.93362903696001,49.92186589854776,75.14199818716418,75.12915180730101,0.5416371591912704,0.5428091121601708,22.283520877517567,22.31189195011489,0.011763138412256069,0.012846379863162838
56.7,75.23056958750826,49.940093548066486,49.924228993129816,75.13421941098038,75.11656366740701,0.541851631775694,0.542776702750937,22.277285266592607,22.311105730676726,0.015864554936669606,0.017655743573371296
56.75,75.21444643930687,49.93768884610403,49.92665088996698,75.08688389136147,75.10410818514787,0.5420856869561911,0.5427406937079478,22.27280324334516,22.31016551728593,0.011037956137052163,-0.017224293786398448
56.8,75.1983911351627,49.93872067972617,49.92912808397674,75.12010308342677,75.09180205393037,0.5415070424600751,0.5427011472175101,22.27949497244697,22.309073121701218,0.009592595749424504,0.02830102949640434
56.85,75.18242539909758,49.94126671407368,49.93165696185645,75.07081975904416,75.07966149176207,0.541748202794092,0.542658131716969,22.26617913958204,22.307830605689798,0.009609752217230039,-0.008841732717911555
56.9,75.16657059712193,49.94294437152576,49.93423387513229,75.08506736016419,75.06770231576658,0.5416358538580645,0.5426117197268938,22.2677837110766,22.306440218304985,0.008710496393469214,0.01736504439760722
56.95,75.15084770231914,49.946852126813035,49.93685514015933,75.02595400875651,75.05593990741774,0.5414118678257848,0.5425619878510779,22.2619408832021,22.304904395886172,0.009996986653703743,-0.029985898661223587
57.0,75.13527726069219,49.94989487823969,49.93951703812149,75.0606999579469,75.04438917848641,0.5412565097363631,0.542509016776539,22.268657497874784,22.303225762058847,0.010377840118202641,0.01631077946048265
57.05,75.1198793578315,49.94903302253929,49.942215815031524,75.05211115967582,75.03306453775903,0.5412778103895357,0.5424528912735186,22.260723867857955,22.30140712773457,0.006817207507765488,0.019046621916785966
57.1,75.10467358646183,49.955214098877214,49.94494768173109,75.02745607980191,75.02197985858653,0.5415648775534363,0.5423937001954829,22.258818643784604,22.299451491111,0.010266417146127083,0.005476221215374721
57.15,75.08967901492363,49.9528058961809,49.94770881389067,75.03012396359573,75.01114844731845,0.5411948447563216,0.542331536479122,22.25463585332315,22.297362037671878,0.005097082290227206,0.01897551627727978
57.2,75.07491415664369,49.95630046266388,49.95049535200964,74.9965436334299,75.00058301267906,0.5411141966302976,0.5422664971443499,22.250674918476864,22.295142140187032,0.005805110654243606,-0.004039379249164199
57.25,75.06039694064705,49.95842868085002,49.95330340141617,74.97484946510468,74.99029563613746,0.5412820753302434,0.5421986832943053,22.251885858755934,22.292795358712375,0.005125279433848107,-0.015446171032778011
57.3,75.04614468316153,49.95899487630572,49.95612904010754,74.98423415273047,74.98029775509195,0.5406752315282779,0.5421282014588913,22.251972053574374,22.29032548244842,0.0028658361981754865,0.003936397638511835
57.35,75.03217406036295,49.964792783075254,49.958968476998244,74.9854689506434,74.97060037284636,0.5406649473836096,0.5420551548357567,22.24544237997716,22.28773620837944,0.005824306077009567,0.014868577797031435
57.4,75.01850108230822,49.96387801033504,49.96181780674729,74.97804606156463,74.96121366419116,0.5410861359136437,0.5419796552604846,22.241424196953282,22.285031607217153,0.0020602035877459457,0.01683239737346298
57.45,75.00514106810056,49.966645254564035,49.96467314267579,74.92601474134213,74.95214714975866,0.5408566181879255,0.5419018176309,22.243960766258557,22.282215900036128,0.001972111888242978,-0.02613240841652953
57.5,74.99210862232962,49.969270168976315,49.96753063543542,74.95725800718174,74.94340970004313,0.5411824478202045,0.5418217587761043,22.23888300558618,22.279293415974333,0.0017395335408920687,0.013848307138601967
57.55,74.97941761282642,49.974672007135396,49.97038647300842,74.94498228344229,74.93500951268061,0.5410208847710856,0.5417395974564766,22.23615341606723,22.276268592233134,0.0042855341269785185,0.009972770761677907
57.6,74.96708114977095,49.97578074610908,49.97323688070752,74.93263777632524,74.92695409105453,0.5408648210917634,0.5416554543636726,22.234864271890366,22.273145974077284,0.002543865401563039,0.0056836852707107255
57.65,74.95511156618798,49.97346734714948,49.97607812117606,74.92136963550197,74.91925022426555,0.5405758264330967,0.5415694521206259,22.226417797135362,22.269930214834954,-0.0026107740265786106,0.0021194112364213424
57.7,74.94352039986406,49.97777605349023,49.97890649438789,74.92105123283372,74.91190396850115,0.5406158880849854,0.5414817152815465,22.22673386635079,22.26662607589769,-0.0011304408976613445,0.009147264332568739
57.75,74.93231837671613,49.97926518272136,49.98171833764747,74.91470046045985,74.904920629839,0.5402938175258766,0.5413923703319222,22.220620917655324,22.263238426720456,-0.002453154926108425,0.00977983062085741
57.8,74.9215153956395,49.98343862648251,49.98451002558971,74.91589969452868,74.89830474851433,0.5405928665525689,0.5413015456885173,22.217272502052552,22.259772244821605,-0.0010713991071966689,0.017594946014341417
57.85,74.91112051486088,49.98605823528755,49.98727796899806,74.85536656246514,74.89206008290927,0.5403967971527318,0.5412093719568802,22.219462130410133,22.256232626632517,-0.001219733710506432,-0.03669352044413188
57.9,74.90114193981877,49.984051478974415,49.99001868455195,74.855020701685,74.88618970131635,0.5405049127008563,0.54111598094903,22.210243278678306,22.25262474565808,-0.0059672055775337185,-0.03116899963134756
57.95,74.8915870125911,49.9837881151466,49.99272878906863,74.86805085670396,74.88069596206803,0.5403714780383346,0.5410215015394064,22.209743141410673,22.24895368647801,-0.008940673922026576,-0.012645105364072151
58.0,74.88246220288768,49.98847705669658,49.99540492872605,74.86851639581164,74.87558039786788,0.5397439979959702,0.5409260674169825,22.206063578301443,22.24522477072584,-0.006927872029471871,-0.00706400205623936
58.05,74.87377310062149,49.99060513843614,49.998043846096216,74.8886182574398,74.87084380815065,0.5402859346393777,0.540829811852468,22.20257799686406,22.241443333790635,-0.007438707660078592,0.017774449289149175
58.1,74.86552441007072,49.99803969958815,50.000642380145166,74.830332778194,74.86648625259947,0.5396752593035451,0.5407328676983102,22.19518479778565,22.237614724816993,-0.0026026805570182887,-0.03615347440546657
58.15,74.85771994564027,49.99738249548332,50.003197466232926,74.84218142825176,74.86250704627625,0.5400779530509774,0.5406353673886928,22.191899719042407,22.233744306705038,-0.005814970749604242,-0.020325618024486403
58.2,74.85036262922897,49.996333401307226,50.00570613611364,74.8256235757874,74.85890475637531,0.5397042744162336,0.5405374429395368,22.189275920249013,22.229837456110427,-0.009372734806412097,-0.03328118058790608
58.25,74.84345448920526,49.99701840660011,50.008165517935375,74.82968013612147,74.8556772006048,0.5392917028009564,0.5404392259484998,22.189414495186902,22.22589956344434,-0.011147111335262139,-0.025997064483334498
58.3,74.83699666099214,49.99888906847454,50.01057283624032,74.80747064730322,74.85282144720043,0.5390484405051633,0.5403408475949769,22.18679586357906,22.2219360328735,-0.011683767765781283,-0.04535079989720714
58.35,74.83098938925863,50.00369651156931,50.01292541196466,74.83887494683965,74.85033381657023,0.5397140561013613,0.5402424386400996,22.18521185686096,22.21795228232014,-0.009228900395349626,-0.011458869730574861
58.4,74.82543203171262,50.003341360002345,50.01522068846547,74.82961081272663,74.84820992351759,0.5394146585236833,0.5401441300667132,22.179361085820783,22.21395377915084,-0.011879328463123784,-0.01859911079095866
58.45,74.82032306448666,50.006549022009786,50.01745624948205,74.82617515128938,74.84644470900146,0.5392731255033002,0.5400460473668536,22.177538521151973,22.20994577461422,-0.010907227472266356,-0.020269557712083497
58.5,74.81566008910605,50.009182084629444,50.01962978205372,74.84713454971141,74.84503239114115,0.5394484935103542,0.5399483181186661,22.171782592198895,22.205933655784396,-0.01044769742427576,0.0021021585702669654
58.55,74.81143984102563,50.01080563195025,50.02173910570286,74.8244660446401,74.84396651699538,0.5391497070994062,0.539851067844324,22.170993363085177,22.20192275553922,-0.010933473752615441,-0.019500472355275633
58.6,74.80765819971796,50.00805838895027,50.02378217269076,74.81907897748324,74.8432399726359,0.5389142161810098,0.5397544195516251,22.16444544355002,22.19791833092004,-0.01572378374049066,-0.024160995152655573
58.65,74.80431020029476,50.01135037363493,50.02575706801746,74.81339611290011,74.84284499441134,0.5390857750145323,0.5396584937339894,22.163585131752793,22.193925563131707,-0.014406694382529395,-0.02944888151122882
58.7,74.80139004663882,50.015388870741,50.027662009422,74.81391657973748,74.84277318176379,0.538879960243085,0.5395634083704616,22.160988823373206,22.189949557542576,-0.012273138681003104,-0.02885660202630902
58.75,74.79889112602214,50.01807588538876,50.0294953473822,74.87987212735874,74.84301551157347,0.5390988742664612,0.5394692789257088,22.16241017481282,22.1859953436845,-0.011419461993440905,0.03685661578526833
58.8,74.79680602518336,50.013838168515775,50.03125556511476,74.80605055609475,74.84356235400529,0.5388467297632237,0.5393762183500226,22.157901602928394,22.182067875252816,-0.017417396598986556,-0.03751179791053971
58.85,74.79512654783375,50.0194841845667,50.03294127857526,74.82098796943369,74.84440348982743,0.5387568588697844,0.5392843370793172,22.14863156035976,22.178172030106374,-0.013457094008558101,-0.023415520393740508
58.9,74.79384373356069,50.01967147147512,50.034551252480576,74.82659453578,74.84552815313731,0.5388663117877825,0.5391937435859975,22.1474447326272,22.174312640510603,-0.014879781005454618,-0.018933617357305366
58.95,74.79294787809309,50.0192430938391,50.03608439372841,74.79615546083657,74.84692504167991,0.5387667601357619,0.5391045406552984,22.150069976395752,22.17049431217653,-0.016841299889307493,-0.050769580843336826
59.0,74.79242855489167,50.02215260219538,50.037539760504515,74.8905293231019,74.84858235200171,0.5388664692847925,0.5390168291634726,22.144606042067966,22.16672160958018,-0.015387158309131621,0.04194697110018808
59.05,74.79227463802489,50.024632603443855,50.03891656489936,74.86056841463488,74.85048780622333,0.5382372972417606,0.5389307068898253,22.146199858020623,22.162998999085914,-0.014283961455504368,0.010080608411556113
59.1,74.79247432628858,50.02140579872996,50.0402141634214,74.83582610932521,74.85262866199355,0.538515597191502,0.538846267505216,22.140332875449847,22.159330797916297,-0.01880836469144498,-0.016802552668337967
59.15,74.79301516852539,50.022487585458784,50.0414320569971,74.81039423799295,74.85499173787433,0.53851858286478,0.5387636005720586,22.14029834382,22.155721174152106,-0.018944471538318908,-0.044597499881376734
59.2,74.79388409009798,50.02623250396947,50.04256989097091,74.84190563287278,74.8575634399181,0.5384680502411522,0.5386827915443209,22.139087637175663,22.152174146732314,-0.016337387001442494,-0.015657807045315053
59.25,74.79506742046803,50.02725723247662,50.04362745510531,74.83667432053733,74.86032978938775,0.5382666265794962,0.5386039217675246,22.137933185115195,22.14869358545412,-0.01637022262868726,-0.023655468850421357
59.3,74.79655092183076,50.02451698728638,50.044604683580765,74.85308472999729,74.86327645156678,0.5384496977417222,0.538527068478746,22.130520293174385,22.145283210972917,-0.02008769629438234,-0.010191721569484002
59.35,74.7983198187533,50.02840371218138,50.04550165499574,74.84450187783055,74.86638876560637,0.5383305068749735,0.5384523048066149,22.128654713540858,22.141946594802302,-0.017097942814359612,-0.02188688777582115
59.4,74.80035882876335,50.02681136848924,50.046318603390795,74.81952451535572,74.86965179184492,0.5381468488928872,0.5383796999733016,22.127101044280877,22.138687170931995,-0.01950723490155326,-0.05012727648919224
59.45,74.80265219383249,50.02910731480439,50.047055890543305,74.84947887319333,74.87305030211213,0.5376971907151687,0.5383093181506384,22.124792777260065,22.13550817045601,-0.017948575738913064,-0.023571428918799597
59.5,74.8051837126976,50.02716361018761,50.04771402396961,74.88248056980939,74.87656883927198,0.5382649773489592,0.5382412186665316,22.125728252072406,22.132412643068808,-0.020550413782004284,0.0059117305374059015
59.55,74.80793677396186,50.028326171203595,50.0482936791666,74.86596332361822,74.88019178391541,0.5379762935961779,0.5381754567213882,22.127707035331856,22.129403493138945,-0.019967507963002618,-0.014228460297189827
59.6,74.81089438991566,50.02702756753508,50.04879566141798,74.83748219348661,74.88390333137617,0.5380948862205589,0.5381120825909766,22.12261775396436,22.126483431625953,-0.021768093882897688,-0.04642113788956692
59.65,74.81403923101637,50.03102051429851,50.04922090579434,74.8759123178956,74.88768752655805,0.5380865107286794,0.5380511416264269,22.11978286777409,22.12365497608038,-0.018200391495831525,-0.011775208662456293
59.7,74.817353660965,50.03140494407105,50.04957047715307,74.83243122965077,74.89152829937107,0.5379931708096841,0.5379926742542307,22.116763491315584,22.120920450643762,-0.01816553308201918,-0.05909706972030904
59.75,74.8208197723162,50.03103314913242,50.049845570138466,74.87038152570035,74.89540950071176,0.5379323803942943,0.5379367159762412,22.11722123667684,22.118281986048622,-0.01881242100604652,-0.02502797501141174
59.8,74.82441942255817,50.03090059320624,50.05004750918162,74.8718360083887,74.89931493891936,0.5376749362877374,0.5378832973696732,22.115450615120047,22.115741519618474,-0.019146915975376544,-0.027478930530662637
59.85,74.82813427059648,50.032832950865156,50.0501777485005,74.90525469972872,74.90322841664032,0.5375618513523523,0.5378324440871032,22.11295701434114,22.11330079526783,-0.0173447976353458,0.0020262830883979177
59.9,74.8319458135773,50.03264297798667,50.05023787725318,74.8617923774945,74.9071337757453,0.5382685357418536,0.537784176812852,22.11445711779498,22.110961362576138,-0.017594899266512698,-0.04534139825079819
59.95,74.83583542398308,50.02955485615582,50.0502296059528,74.87984562110952,74.91101491447299,0.5379997850578094,0.5377385113818034,22.112791714388834,22.108724570776054,-0.020674749796981473,-0.031169293363461748
60.0,74.83978438693387,50.02947512589395,50.05015470094067,74.85938834272211,74.9148557270217,0.5380104015425656,0.5376954589427426,22.11690266822882,22.106591570134626,-0.0206795750467208,-0.05546738429958964
60.05,74.84377393762797,50.030816996890174,50.05001512380449,74.87218304886865,74.91864035001767,0.5376649727448775,0.5376550248260048,22.108763598497326,22.10456329252254,-0.019198126914318436,-0.046457301149018804
60.1,74.84778529885362,50.033351457604724,50.049812926361305,74.84275726703241,74.9223530432016,0.5379026319576455,0.5376172095535823,22.108860936732704,22.102640468706035,-0.01646146875658161,-0.07959577616918523
60.15,74.8517997185052,50.03275857491618,50.04955025065754,74.89802239682092,74.9259782272696,0.5376978462217306,0.5375820088391241,22.107426706814763,22.100823628346934,-0.016791675741359313,-0.027955830448675556
60.2,74.85579850703573,50.03162307118752,50.049229328968956,74.88563130250625,74.92950052163448,0.5380254419435881,0.5375494135879364,22.108984484916814,22.099113100002626,-0.017606257781437762,-0.04386921912822572
60.25,74.85976307477897,50.03018792517151,50.04885248380073,74.9131458887325,74.93290478203772,0.5377664290139315,0.537519409896982,22.115322414635834,22.097509011126053,-0.018664558629218675,-0.01975889330522307
60.3,74.86367496907351,50.02937438246059,50.04842212788733,74.91867788613824,74.93617613794285,0.5382579227846989,0.537491979054881,22.10668464152295,22.096011288065743,-0.019047745426739482,-0.01749825180461073
60.35,74.8675159111228,50.03019478580339,50.04794076419261,74.92825539693392,74.93930002964244,0.5376026582310626,0.53746709754191,22.10872548425902,22.094619656065785,-0.01774597838922176,-0.01104463270851852
60.4,74.87126783252394,50.02932009614277,50.0474109859098,74.90296502603186,74.94226224500908,0.5376932288786193,0.537444737030003,22.109022525223338,22.093333639265825,-0.01809088976703066,-0.039297218977210946
60.45,74.8749129114005,50.027944845664784,50.04683548873751,74.89768693853587,74.94504897420818,0.5379161910924282,0.5374248639567052,22.107416237758592,22.092152544028053,-0.018890643072722924,-0.047362035672307456
60.5,74.8784336080738,50.03284978694586,50.04621698957911,74.94668354510077,74.94764672378908,0.5382411879674904,0.5374074413674065,22.103261857921087,22.091075514496037,-0.013367202633247643,-0.0009631786883090854
60.55,74.88181270020868,50.02754724083124,50.04555824803701,74.91153449233617,74.95004238413783,0.5381939882640475,0.5373924286966297,22.10067473289239,22.09010153945748,-0.018011007205771534,-0.03850789180165748
60.6,74.88503331737066,50.029800920280884,50.044862159097505,74.88568707363498,74.95222340294475,0.537572299312451,0.5373797785832635,22.109844408359134,22.089229328459435,-0.015061238816620914,-0.06653632930976983
60.65,74.88807897493207,50.02599649001224,50.04413164824351,74.93000232531628,74.95417766211115,0.5379725831459609,0.5373694399956979,22.10324285094222,22.08845742421997,-0.018135158231267212,-0.02417533679486894
60.7,74.89093360726662,50.027353655266865,50.04336967145463,74.91261886317773,74.95589351097618,0.5379293006523493,0.5373613582318236,22.106246648825636,22.087784202628146,-0.016016016187762716,-0.043274647798455135
60.75,74.89358160017183,50.028403496070226,50.04257921520717,74.93774005042634,74.95735979874364,0.5378941902573975,0.5373554749190326,22.102456266788217,22.087207872744013,-0.014175719136943599,-0.019619748317296626
60.8,74.89600782246197,50.027882014990496,50.04176329647413,74.9138703215989,74.95856590605032,0.5376994019275493,0.5373517280142177,22.108982577216604,22.08672647679863,-0.013881281483634211,-0.04469558445141786
60.85,74.89819765667353,50.02674860866429,50.04092496272511,74.97952131729349,74.95950177561909,0.5376677615980884,0.537350051803773,22.11069060537108,22.086337890194045,-0.0141763540608153,0.020019541674400898
60.9,74.90013702882901,50.025771754108746,50.04006729192649,74.93796037564753,74.96015794194238,0.5382415825114605,0.5373503769035938,22.10548724164822,22.086039821503306,-0.01429553781774473,-0.02219756629484948
60.95,74.90181243720411,50.02330248840979,50.03919339254126,74.92201191292244,74.96052555994218,0.5379650552484978,0.5373526302590756,22.11106159066572,22.085829812470458,-0.01589090413146721,-0.038513647019740915
61.0,74.90321098004738,50.02501116787304,50.038306403529134,74.91462303517493,74.96059643255596,0.5380093801509961,0.5373567351451158,22.113048452971555,22.085705238010537,-0.013295235656094917,-0.04597339738103301
61.05,74.90432038220193,50.023689056802446,50.037409484380056,74.94454107947446,74.96036302226867,0.5381056943782396,0.5373626100593216,22.103898787068896,22.085663258686118,-0.01372042757760994,-0.015821942794204347
61.1,74.90512902058087,50.02101708058684,50.03650568080326,74.95159488878241,74.9598182751919,0.53778191740065,0.5373701762935389,22.110126380897785,22.08570111510684,-0.015488600216421844,-0.00822338640949738
61.15,74.90562594845072,50.02436297509461,50.035598136269066,74.92563220903118,74.95895596204738,0.538008470103367,0.5373793473759256,22.110818526258207,22.08581571934838,-0.011235161174454333,-0.03332375301620516
61.2,74.9058009184785,50.02093819389767,50.03468997092987,74.96179956814238,74.9577705196053,0.5378425346859703,0.5373900343236321,22.111274168528315,22.086003856264902,-0.013751777032197765,0.004029048537077529
61.25,74.90564440450103,50.025080809757846,50.033784268382284,74.94327197502173,74.95625705237923,0.53824755836169,0.5374021464532107,22.11188575554119,22.08626221527654,-0.008703458624438554,-0.012985077357498653
61.3,74.90514762197655,50.02017449820875,50.03288407566722,74.91916132604663,74.95441135282185,0.5380229730004013,0.5374155913806165,22.10820948254154,22.086587390369402,-0.012709577458466015,-0.03525002677521627
61.35,74.90430254708154,50.021281588762115,50.03199240326983,74.94573351715987,74.95222992015619,0.5383054751545417,0.5374302750212063,22.110359481318323,22.08697588009559,-0.010710814507717714,-0.0064964029963192615
61.4,74.90310193441825,50.020312430149495,50.03111222511956,74.94921728160483,74.94970997780898,0.5383273972262255,0.5374461015897398,22.11558245654441,22.087424087573183,-0.010799794970061782,-0.0004926962041480465
61.45,74.90153933329998,50.017374583644674,50.03024647859009,74.91959650832436,74.94684948941618,0.537981779272594,0.5374629736003788,22.112505787835545,22.087928320486235,-0.012871894945412521,-0.02725298109182006
61.5,74.89960910258483,50.023353524230515,50.02939806449941,74.9432002007355,74.9436471733724,0.5379907484294105,0.5374807918666872,22.11399640748032,22.08848479108479,-0.00604454026889556,-0.0004469726368938609
61.55,74.89730642403013,50.01725574545477,50.02856984710973,74.90061964851971,74.94010251589944,0.5378558811352464,0.5374994555016314,22.109381742593484,22.08908961618487,-0.011314101654960496,-0.039482867379732056
61.6,74.89462731414346,50.02281807494554,50.027764652671735,74.90921452822472,74.93621578043059,0.5383677360856476,0.5375188608134841,22.116279074462092,22.089738774030867,-0.0049465777261943344,-0.02700125220586358
61.65,74.89156863450751,50.01786670754336,50.026985167224595,74.91129072911893,74.93198786457381,0.5381623718879197,0.537538906903648,22.118378668899886,22.090428332040204,-0.009118459681232594,-0.020697135454881277
61.7,74.88812810056028,50.018389372263435,50.02623404137449,74.85176425308843,74.92742046558122,0.53823431801799,0.5375594916419627,22.114616481847044,22.091154271263992,-0.007844669111051417,-0.0756562124927882
61.75,74.88430428881331,50.021929676140466,50.02551386842434,74.8998842968277,74.92251605454678,0.5383928215261375,0.5375805097019695,22.114699438619667,22.09191241444508,-0.003584192283874188,-0.022631757719082657
61.8,74.88009664249468,50.019908507582244,50.02482714700728,74.90790009164068,74.91727782583993,0.5382542476570472,0.5376018563958185,22.118106589101593,22.09269858106632,-0.004918639425035565,-0.009377734199247811
61.85,74.87550547560531,50.01972757555148,50.0241762810864,74.89267832796057,74.91170970094261,0.5381693204096276,0.5376234276742692,22.122028179532144,22.093508587350573,-0.004448705534919384,-0.019031372982041717
61.9,74.87053197538064,50.01873129605378,50.023563579954946,74.91704591742852,74.90581633071007,0.5383250796272007,0.5376451201266897,22.11130085412242,22.09433824626072,-0.004832283901166079,0.011229586718457085
61.95,74.86517820315221,50.013493736319944,50.022991258236225,74.88557873148645,74.8996030960516,0.5380679647007391,0.5376668309810576,22.112185299427992,22.095183367499637,-0.009497521916280505,-0.01402436456515943
62.0,74.85944709360635,50.01750549957209,50.0224614358836,74.87368178737408,74.89307610702986,0.5382335755614132,0.537688458103959,22.11739760754198,22.09603975751023,-0.004955936311510811,-0.019394319655773984
62.05,74.85334245244053,50.019274089323964,50.02197613818057,74.89919722071544,74.88624220038078,0.5382897961088033,0.5377099000005897,22.123554574180353,22.096903219475397,-0.002702048856605188,0.01295502033465823
62.1,74.84686895242032,50.02145149938976,50.02153729574065,74.88852202463448,74.87910893545812,0.5380394987198377,0.5377310558147541,22.1231747591505,22.097769553318063,-8.579635088779014e-5,0.009413089176362632
62.15,74.84003212784293,50.02365426199421,50.021146744507504,74.88397348755001,74.87168458860975,0.5383585447526211,0.5377518253288657,22.117246879159538,22.098634555701153,0.002507517486705524,0.012288898940255422
62.2,74.83283836741599,50.01895762470405,50.02080617402383,74.86758824410259,74.86397806857138,0.5382145507297055,0.5377721079133632,22.114849075452973,22.099493988309195,-0.0018485493197815117,0.00361017553120746
62.25,74.82529490556308,50.01940891602083,50.0205171564246,74.8313402374273,74.85599895116496,0.5380838106655251,0.537791810895757,22.12108026083592,22.100343911474155,-0.0011082404037736637,-0.02465871373766504
62.3,74.81740981217065,50.02022603707123,50.02028115114708,74.82403269086569,74.84775747610733,0.5384284961945534,0.5378108377755775,22.11787641019281,22.101180184900713,-5.5114075848905486e-5,-0.023724785241640234
62.35,74.80919198079313,50.019824641507974,50.020099486642465,74.82622174781143,74.83926450789217,0.5381935766716773,0.537829094732486,22.122897430950143,22.10199875189361,-0.00027484513449138603,-0.01304276008073657
62.4,74.80065111533595,50.01588560929936,50.01997336081499,74.81088479149597,74.8305315232144,0.538297172174718,0.5378464907581678,22.11831853737403,22.10279564482442,-0.004087751515626792,-0.01964673171843856
62.45,74.7917977152394,50.02099809622934,50.01990384102184,74.79797292170142,74.82157059626861,0.5383464877870666,0.5378629376563326,22.11989874736608,22.103566985131483,0.0010942552074979517,-0.02359767456719908
62.5,74.78264305918816,50.02080867364974,50.019891864073216,74.83535072668809,74.81239438260354,0.5383264451370108,0.5378783500427143,22.1175124529086,22.10430898331997,0.000916809576523292,0.022956344084548164
62.55,74.77319918737452,50.02067708491731,50.019938236232306,74.85375111446531,74.80301610155941,0.5381628181160351,0.5378926453450704,22.11513081859675,22.10501793896185,0.0007388486850032905,0.05073501290590343
62.6,74.76347888234532,50.0205294614868,50.02004363321533,74.78898396151871,74.7934495173177,0.5382039873207294,0.5379057438031831,22.12087192156556,22.10569024069588,0.000485828271472144,-0.004465555798986998
62.65,74.75349564846597,50.02280133042837,50.02020860019143,74.81049804581949,74.78370891859541,0.53803294019928,0.5379175684688586,22.118949816145438,22.10632236622764,0.0025927302369410654,0.026789127224077447
62.7,74.74326369003631,50.025020269233416,50.02043355178279,74.76599010907177,74.77380909701681,0.5385940396082745,0.5379280452059271,22.118488184887244,22.106910882329494,0.004586717450628441,-0.007818987945043432
62.75,74.73279788809651,50.02217170482541,50.02071874775164,74.7552819720191,74.76376528786085,0.5382543429395735,0.5379371018935609,22.11959849399894,22.107452411754263,0.0014529570737735753,-0.008483315841743888
62.8,74.7221137759628,50.022281356033005,50.02106432279765,74.78205538028728,74.7535931904568,0.5378836067883426,0.5379446727695353,22.121076617075673,22.107943842960086,0.0012170332353562685,0.02846218983047777
62.85,74.71122751353528,50.021731798700976,50.02147026097879,74.77872305555688,74.74330890459049,0.5382114663750637,0.5379506945227581,22.11731809644711,22.108382117495232,0.0002615377221886206,0.035414150966389
62.9,74.7001558604225,50.02160537695152,50.02193638810619,74.69834097553475,74.73292889263344,0.5379771895872055,0.5379551067169803,22.11657869359782,22.108764267747038,-0.0003310111546710459,-0.03458791709869047
62.95,74.68891614792922,50.024292383124646,50.02246239422733,74.68763690700492,74.72246998550776,0.5380507143292227,0.5379578532344048,22.120794043809592,22.10908748663147,0.0018299888973132283,-0.03483307850284234
63.0,74.677526249956,50.02486857397971,50.02304783362598,74.75317229865587,74.71194935396815,0.5381399856541068,0.5379588822756863,22.116749911127606,22.10934912759316,0.0018207403537289224,0.0412229446877177
63.05,74.66600455286118,50.024826541041385,50.02369212482217,74.70853068013602,74.70138447885797,0.5382159981995072,0.5379581463599314,22.114170591591467,22.109546704605382,0.0011344162192159502,0.007146201278047215
63.1,74.65436992433777,50.029183158033455,50.0243945505723,74.69239729954577,74.69079312038903,0.5378654721250735,0.5379556023246984,22.114332605627915,22.10967789217006,0.004788607461151173,0.0016041791567431574
63.15,74.64264168135907,50.028904319319246,50.02515425786901,74.68646685565315,74.6801932864966,0.5379636710852488,0.5379512113259978,22.11335803997947,22.10974052531776,0.0037500614502334884,0.006273569156547865
63.2,74.6308395572491,50.0274007594114,50.025970257941246,74.64573190861111,74.66960320032257,0.5377718020315474,0.5379449388382916,22.108870573064888,22.10973259960772,0.0014305014701534446,-0.023871291711458298
63.25,74.6189836679354,50.03254128352726,50.02684142625428,74.66041610596902,74.65904126688125,0.5378676493019284,0.537936754654494,22.115073504355134,22.109652271127803,0.005699857272979614,0.0013748390877736938
63.3,74.60709447744247,50.03246971142467,50.02776649508893,74.65902193546806,74.64852602789063,0.5376158715849669,0.5379266328252268,22.111360392252323,22.109497851617217,0.004703216335734339,0.010495907577436014
63.35,74.59519276268666,50.03183032728507,50.028744060343456,74.6402118042354,74.63807613712872,0.5376589823058567,0.5379145517419066,22.113086295734117,22.10926782595005,0.003086266941615179,0.002135667106685446
63.4,74.5832995776335,50.0352217727493,50.02977264675993,74.64242042014234,74.6277104222838,0.5376381376493262,0.5379004954323724,22.10636657807584,22.108960918068426,0.005449125989372305,0.014709997858545876
63.45,74.57143621688057,50.03721063418922,50.0308505720125,74.63640986031561,74.61744764614227,0.5377169128931653,0.5378844521743211,22.10607546794517,22.108575984042478,0.006360062176725023,0.018962214173342318
63.5,74.55962417872905,50.035326148111096,50.03197604493713,74.63231721605005,74.60730661659375,0.5379859225746224,0.5378664150509108,22.10699057448242,22.108112074235613,0.003350103173964669,0.02501059945630857
63.55,74.54788512780888,50.04002590836449,50.03314716553163,74.60417784395796,74.5973061495762,0.5377666184162967,0.5378463819507608,22.106225282174588,22.107568433304554,0.006878742832860496,0.00687169438175772
63.6,74.5362408573228,50.03910532546488,50.03436192495566,74.59991454991433,74.58746503161913,0.5374946796462817,0.5378243555679518,22.10940788964663,22.106944500199273,0.004743400509219953,0.012449518295198914
63.65,74.52471325097537,50.03813538703037,50.03561820553071,74.60630640203175,74.57780198204917,0.5375806833767293,0.5378003434020253,22.10408658051844,22.10623990816306,0.002517181499662513,0.028504419982581908
63.7,74.51332424465365,50.04185852387026,50.036913780740086,74.56841005020819,74.56833561492128,0.5374751909631019,0.5377743577579841,22.100665841844727,22.10545448473248,0.004944743130174345,7.443528690487256e-5
63.75,74.50209578792672,50.042135194004544,50.03824631522896,74.54036834686529,74.55908440074117,0.5377735297473643,0.5377464157462919,22.09558891846709,22.104588251737386,0.0038888787755837484,-0.018716053875877492
63.8,74.49104980543147,50.04621731083701,50.03961336480429,74.59859857528195,74.55006662804341,0.5374371322069047,0.537716539282874,22.089128377791123,22.103641425300925,0.006603946032718966,0.04853194723854415
63.85,74.48020815821228,50.04768097453918,50.041012376434935,74.55257041763615,74.54130036489103,0.5373177211777367,0.5376847550891164,22.092693951959575,22.102614415839515,0.006668598104248247,0.011270052745118164
63.9,74.46959260508287,50.044027954555204,50.04244067125653,74.56212068214636,74.53280339505007,0.5368806583310891,0.5376510951339271,22.092155070395002,22.1015078384954,0.0015872832986758567,0.029317287096290556
63.95,74.45922476407742,50.04776676906544,50.043895596694156,74.49270300499776,74.52459340608549,0.5375692216506975,0.5376155938539798,22.08908246978848,22.100322446596994,0.0038711723712836488,-0.0318904010877219
64.0,74.4491260740594,50.05223971637551,50.04537431727817,74.50133403885037,74.51668763941073,0.5372229854424334,0.5375782924243994,22.092633757540213,22.099059248869672,0.006865399097343072,-0.015353600560359837
64.05,74.43931775655504,50.051864439824406,50.04687391383478,74.52809957375244,74.50910299988385,0.5372629674087912,0.5375392367494249,22.08975666978701,22.097719451036188,0.004990525989626349,0.018996573868591327
64.1,74.42982077787867,50.05223784802802,50.048391411589385,74.51932778698395,74.50185605971443,0.5370337883504982,0.5374984768836525,22.081562176296917,22.096304440593897,0.003846436438635692,0.017471727269523285
64.15,74.42065581161691,50.05505237184162,50.04992378016676,74.51092234729437,74.49496302082902,0.5368475925887037,0.5374560670320346,22.07749338299753,22.09481578681472,0.005128591674861127,0.015959326465349477
64.2,74.41184320153691,50.05418780043557,50.051467933590864,74.49639641394845,74.48843967762232,0.537230653010582,0.5374120655498809,22.07991401076517,22.093255240745183,0.0027198668447070418,0.007956736326121927
64.25,74.40340292498475,50.0528097684504,50.05302073028499,74.48434984184017,74.48230138016018,0.5367109299990462,0.5373665349428575,22.07711033612453,22.09162473520639,-0.00021096183458979567,0.0020484616799905098
64.3,74.39535455683816,50.05861496807037,50.054578973071706,74.49391823512141,74.4765629978985,0.5372376007427941,0.5373195418669876,22.07279069056079,22.08992638479403,0.004035994998666581,0.01735523722291532
64.35,74.38771723407676,50.05953901093445,50.056139409172815,74.50022412071492,74.47123888398147,0.5370463962066753,0.5372711571286508,22.06995327652102,22.088162485878385,0.0033996017616360064,0.02898523673344755
64.4,74.38050962103294,50.05486377779165,50.05769873020947,74.45129377519676,74.46634284018226,0.5367605772215752,0.537221455684584,22.068070971603152,22.08633551660431,-0.002834952417813952,-0.015049064985504401
64.45,74.37374987538416,50.0624828705274,50.05925356308162,74.47040137177838,74.46188806898132,0.5364601442684886,0.5371705172176501,22.067403970917574,22.08444815804933,0.0032293074457783177,0.008513302797055644
64.5,74.36745561494688,50.0624200959386,50.060800569808784,74.46299807811621,74.45788728847926,0.5367257581897054,0.5371184234953554,22.067334990894654,22.08250319715822,0.0016195261298150854,0.005110789636958657
64.55,74.3616438853308,50.06351967525799,50.06233639525466,74.48779786302192,74.45435262183126,0.5364975819322886,0.537065258783403,22.063113417706163,22.080503548692118,0.001183280003331788,0.0334452411906625
64.6,74.35633112851079,50.06856771801396,50.06385760288643,74.46342213086976,74.45129546981671,0.5366325851044239,0.5370111137312535,22.062285306055742,22.078452397009496,0.004710115127529946,0.012126661053045495
64.65,74.35153315237149,50.06707735885376,50.06536076739071,74.44996909933236,74.44872661764178,0.5367730805619793,0.5369560815025516,22.059998516145267,22.076353052399273,0.0017165914630510315,0.0012424816905820535
64.7,74.3472651012793,50.06680690483375,50.0668424746735,74.44789054219399,74.44665620497082,0.5367444810203332,0.5369002577751274,22.050132739953597,22.074208951080852,-3.5569839752724874e-5,0.0012343372231669036
64.75,74.34354142773343,50.07173980875331,50.06829932186025,74.41648264228589,74.44509369701751,0.5361145913322154,0.5368437407409952,22.0545776733732,22.07202365520408,0.0034404868930550947,-0.02861105473162695
64.8,74.34037586514627,50.069104387883996,50.0697279172958,74.42640237068312,74.44404785674756,0.536367776088322,0.5367866311063545,22.044735326122744,22.069800852849287,-0.0006235294118042134,-0.017645486064438387
64.85,74.33778140180169,50.06893268801994,50.071124880544446,74.41903860488682,74.44352671824456,0.5363607987207553,0.5367290320915891,22.04912400771566,22.06754435802726,-0.0021921925245038665,-0.02448811335773371
64.9,74.33577025603742,50.0737619715026,50.07248684238985,74.45874095791633,74.44353756128696,0.5362273511604232,0.536671049431268,22.051408957798415,22.06525811067925,0.0012751291127486297,0.01520339662937431
64.95,74.33435385269557,50.067444099089634,50.073810444835146,74.47924399408078,74.44408688718357,0.5358087254295933,0.5366127913741449,22.045444489043305,22.06294617667697,-0.006366345745512092,0.035157106897202084
65.0,74.3335428008836,50.07250665365027,50.075092341102824,74.47644972315551,74.44518039591131,0.536097197574891,0.5365543686831578,22.03807451961817,22.06061274782261,-0.0025856874525516105,0.03126932724420328
