t,H_m,gate_pu,Q_measured_m3s,Q_model_m3s,P_measured_MW,P_model_MW,rolling_RMSE_Q_m3s,rolling_RMSE_P_MW,rolling_REL_RMSE_Q_pct,rolling_REL_RMSE_P_pct,model_health,static_upward_headroom_MW,screening_fcr_MW,trusted_screening_fcr_MW
0.0,392.92518532015436,0.0,0.10087341041095266,NaN,-0.23157625648035576,NaN,NaN,NaN,NaN,NaN,OFFLINE,NaN,NaN,NaN
1.0,392.9257565452689,0.0,0.10194373671961522,NaN,-0.23104075100945273,NaN,NaN,NaN,NaN,NaN,OFFLINE,NaN,NaN,NaN
2.0,392.92857920184923,0.0,0.10170199898318802,NaN,-0.23090204631371053,NaN,NaN,NaN,NaN,NaN,OFFLINE,NaN,NaN,NaN
3.0,392.92839822167116,0.0,0.10084021367143906,NaN,-0.2307914337082453,NaN,NaN,NaN,NaN,NaN,OFFLINE,NaN,NaN,NaN
4.0,392.92565514723157,0.0,0.10184491376007705,NaN,-0.23076334161796838,NaN,NaN,NaN,NaN,NaN,OFFLINE,NaN,NaN,NaN
5.0,392.9262814993479,0.0,0.1024092583318082,NaN,-0.23067730959149535,NaN,NaN,NaN,NaN,NaN,OFFLINE,NaN,NaN,NaN
6.0,392.9251582630322,0.0,0.10301027788386483,NaN,-0.23068608836970686,NaN,NaN,NaN,NaN,NaN,OFFLINE,NaN,NaN,NaN
7.0,392.9246186319357,0.0,0.10286894877558121,NaN,-0.23100388014096418,NaN,NaN,NaN,NaN,NaN,OFFLINE,NaN,NaN,NaN
8.0,392.9230782988892,0.0,0.10262935936436136,NaN,-0.23119350175033307,NaN,NaN,NaN,NaN,NaN,OFFLINE,NaN,NaN,NaN
9.0,392.9202856411406,0.0,0.10317119767201549,NaN,-0.23096876502811808,NaN,NaN,NaN,NaN,NaN,OFFLINE,NaN,NaN,NaN
10.0,392.91678358626484,0.0,0.1029230661105664,NaN,-0.23059478907630707,NaN,NaN,NaN,NaN,NaN,OFFLINE,NaN,NaN,NaN
11.0,392.9151736302857,0.0,0.10288541926883758,NaN,-0.2308844887572874,NaN,NaN,NaN,NaN,NaN,OFFLINE,NaN,NaN,NaN
12.0,392.912503267787,0.0,0.10292137814076062,NaN,-0.23113556181413708,NaN,NaN,NaN,NaN,NaN,OFFLINE,NaN,NaN,NaN
13.0,392.9103434972558,0.0,0.10366004395788828,NaN,-0.23077563190746458,NaN,NaN,NaN,NaN,NaN,OFFLINE,NaN,NaN,NaN
14.0,392.90974179987853,0.0,0.1031285380714695,NaN,-0.23086341968957982,NaN,NaN,NaN,NaN,NaN,OFFLINE,NaN,NaN,NaN
15.0,392.9045790792732,0.0,0.1029128359905314,NaN,-0.230996857118395,NaN,NaN,NaN,NaN,NaN,OFFLINE,NaN,NaN,NaN
16.0,392.90074029293675,0.0,0.10330480303967267,NaN,-0.23077036464053766,NaN,NaN,NaN,NaN,NaN,OFFLINE,NaN,NaN,NaN
17.0,392.89594161218037,0.0,0.10369794655261798,NaN,-0.23023134765834993,NaN,NaN,NaN,NaN,NaN,OFFLINE,NaN,NaN,NaN
18.0,392.8947916869908,0.0,0.10331452165370593,NaN,-0.229581718070697,NaN,NaN,NaN,NaN,NaN,OFFLINE,NaN,NaN,NaN
19.0,392.8909352450738,0.0,0.10279017685131167,NaN,-0.229932869199158,NaN,NaN,NaN,NaN,NaN,OFFLINE,NaN,NaN,NaN
20.0,392.8907354822939,0.0,0.1029707896205297,NaN,-0.22972393427772372,NaN,NaN,NaN,NaN,NaN,OFFLINE,NaN,NaN,NaN
21.0,392.8897616892994,0.0,0.1030265437747205,NaN,-0.2298924868193851,NaN,NaN,NaN,NaN,NaN,OFFLINE,NaN,NaN,NaN
22.0,392.8884330971602,0.0,0.1028394860298804,NaN,-0.22959400836019322,NaN,NaN,NaN,NaN,NaN,OFFLINE,NaN,NaN,NaN
23.0,392.88379609062207,0.0,0.10309656894636011,NaN,-0.22991004437580806,NaN,NaN,NaN,NaN,NaN,OFFLINE,NaN,NaN,NaN
24.0,392.8811934993405,0.0,0.10324490568686771,NaN,-0.23026295125991145,NaN,NaN,NaN,NaN,NaN,OFFLINE,NaN,NaN,NaN
25.0,392.88003893618264,0.0,0.1021435309638989,NaN,-0.2304947110046957,NaN,NaN,NaN,NaN,NaN,OFFLINE,NaN,NaN,NaN
26.0,392.8775001894786,0.0,0.1016997483567803,NaN,-0.23075983010668372,NaN,NaN,NaN,NaN,NaN,OFFLINE,NaN,NaN,NaN
27.0,392.87503276248634,0.0,0.10136747405804329,NaN,-0.23100914740789108,NaN,NaN,NaN,NaN,NaN,OFFLINE,NaN,NaN,NaN
28.0,392.8716595849407,0.0,0.1018005661897253,NaN,-0.231446330562825,NaN,NaN,NaN,NaN,NaN,OFFLINE,NaN,NaN,NaN
29.0,392.8664725349162,0.0,0.10178138471465967,NaN,-0.2314199942281905,NaN,NaN,NaN,NaN,NaN,OFFLINE,NaN,NaN,NaN
30.0,392.8612449705145,0.0,0.1018386733868557,NaN,-0.2313392294686446,NaN,NaN,NaN,NaN,NaN,OFFLINE,NaN,NaN,NaN
31.0,392.8551033751377,0.0,0.10198578251295909,NaN,-0.23124617441960232,NaN,NaN,NaN,NaN,NaN,OFFLINE,NaN,NaN,NaN
32.0,392.8460482770211,0.0,0.10164522181699373,NaN,-0.231330450690433,NaN,NaN,NaN,NaN,NaN,OFFLINE,NaN,NaN,NaN
33.0,392.84224618499314,0.0,0.10116982813896697,NaN,-0.23150251474337893,NaN,NaN,NaN,NaN,NaN,OFFLINE,NaN,NaN,NaN
34.0,392.83598404396776,0.0,0.10092128737271648,NaN,-0.23122510535189467,NaN,NaN,NaN,NaN,NaN,OFFLINE,NaN,NaN,NaN
35.0,392.8299422464673,0.0,0.10202915822190753,NaN,-0.23107235461101408,NaN,NaN,NaN,NaN,NaN,OFFLINE,NaN,NaN,NaN
36.0,392.8247374333089,0.0,0.10239314589275306,NaN,-0.23074929557282992,NaN,NaN,NaN,NaN,NaN,OFFLINE,NaN,NaN,NaN
37.0,392.8191811855215,0.0,0.10287784898001168,NaN,-0.23062990418915313,NaN,NaN,NaN,NaN,NaN,OFFLINE,NaN,NaN,NaN
38.0,392.81330279934326,0.0,0.10298373072237399,NaN,-0.2300943987182501,NaN,NaN,NaN,NaN,NaN,OFFLINE,NaN,NaN,NaN
39.0,392.81163087011555,0.0,0.10234823566579938,NaN,-0.22996622855636187,NaN,NaN,NaN,NaN,NaN,OFFLINE,NaN,NaN,NaN
40.0,392.8067558905642,0.0,0.10174864833054764,NaN,-0.22997851884585802,NaN,NaN,NaN,NaN,NaN,OFFLINE,NaN,NaN,NaN
41.0,392.80147575480277,0.0,0.10154972364646694,NaN,-0.2300048551804926,NaN,NaN,NaN,NaN,NaN,OFFLINE,NaN,NaN,NaN
42.0,392.79975954777046,0.0,0.10184414650107443,NaN,-0.2300030994248503,NaN,NaN,NaN,NaN,NaN,OFFLINE,NaN,NaN,NaN
43.0,392.79600755002974,0.0,0.1018683918855574,NaN,-0.2297801184582775,NaN,NaN,NaN,NaN,NaN,OFFLINE,NaN,NaN,NaN
44.0,392.7930595211087,0.0,0.1022275202493863,NaN,-0.2297836299695621,NaN,NaN,NaN,NaN,NaN,OFFLINE,NaN,NaN,NaN
45.0,392.79164157183124,0.0,0.10220685540691558,NaN,-0.23002768000384238,NaN,NaN,NaN,NaN,NaN,OFFLINE,NaN,NaN,NaN
46.0,392.79165469960043,0.0,0.10182297015260197,NaN,-0.23029104335018813,NaN,NaN,NaN,NaN,NaN,OFFLINE,NaN,NaN,NaN
47.0,392.79225978625567,0.0,0.10126476365289183,NaN,-0.23054738367396466,NaN,NaN,NaN,NaN,NaN,OFFLINE,NaN,NaN,NaN
48.0,392.79054711742083,0.0,0.10087535413375931,NaN,-0.230900290558068,NaN,NaN,NaN,NaN,NaN,OFFLINE,NaN,NaN,NaN
49.0,392.7891174525643,0.0,0.10163003008874175,NaN,-0.2304824207151995,NaN,NaN,NaN,NaN,NaN,OFFLINE,NaN,NaN,NaN
50.0,392.7876392257762,0.0,0.10227749438575731,NaN,-0.23088273300164505,NaN,NaN,NaN,NaN,NaN,OFFLINE,NaN,NaN,NaN
51.0,392.7904044302088,0.0,0.1025713034331627,NaN,-0.23100563589660647,NaN,NaN,NaN,NaN,NaN,OFFLINE,NaN,NaN,NaN
52.0,392.7919641809344,0.0,0.10216900396278607,NaN,-0.23106357583280263,NaN,NaN,NaN,NaN,NaN,OFFLINE,NaN,NaN,NaN
53.0,392.79207269065824,0.0,0.10196675448969399,NaN,-0.23098807834018348,NaN,NaN,NaN,NaN,NaN,OFFLINE,NaN,NaN,NaN
54.0,392.79295454113554,0.0,0.10188163989100273,NaN,-0.2312180823293254,NaN,NaN,NaN,NaN,NaN,OFFLINE,NaN,NaN,NaN
55.0,392.793459789878,0.0,0.10155703818229198,NaN,-0.23113731756977934,NaN,NaN,NaN,NaN,NaN,OFFLINE,NaN,NaN,NaN
56.0,392.79372484801473,0.0,0.10180828993035174,NaN,-0.23105128554330637,NaN,NaN,NaN,NaN,NaN,OFFLINE,NaN,NaN,NaN
57.0,392.7929356484915,0.0,0.1020402579021455,NaN,-0.23085990817829505,NaN,NaN,NaN,NaN,NaN,OFFLINE,NaN,NaN,NaN
58.0,392.7950630153191,0.0,0.10225422086267767,NaN,-0.23046310740313417,NaN,NaN,NaN,NaN,NaN,OFFLINE,NaN,NaN,NaN
59.0,392.7966936413125,0.0,0.10207273853325666,NaN,-0.23056845274167242,NaN,NaN,NaN,NaN,NaN,OFFLINE,NaN,NaN,NaN
60.0,392.8000235508007,0.0,0.10209611435753664,NaN,-0.23059654483194936,NaN,NaN,NaN,NaN,NaN,OFFLINE,NaN,NaN,NaN
61.0,392.8013820704952,0.0,0.10202583343289615,NaN,-0.2303121124178959,NaN,NaN,NaN,NaN,NaN,OFFLINE,NaN,NaN,NaN
62.0,392.8053486107854,0.0,0.10277917947227404,NaN,-0.23022959190270745,NaN,NaN,NaN,NaN,NaN,OFFLINE,NaN,NaN,NaN
63.0,392.8080689286601,0.0,0.10342915014869818,NaN,-0.2303384487525304,NaN,NaN,NaN,NaN,NaN,OFFLINE,NaN,NaN,NaN
64.0,392.8099606155122,0.0,0.10373093868973088,NaN,-0.22980645479291192,NaN,NaN,NaN,NaN,NaN,OFFLINE,NaN,NaN,NaN
65.0,392.81363405011825,0.0,0.10397400634176263,NaN,-0.2294517921531663,NaN,NaN,NaN,NaN,NaN,OFFLINE,NaN,NaN,NaN
66.0,392.8167195635588,0.0,0.10378040132010014,NaN,-0.22972217852208143,NaN,NaN,NaN,NaN,NaN,OFFLINE,NaN,NaN,NaN
67.0,392.8213450213157,0.0,0.1035032673683518,NaN,-0.22970462096565838,NaN,NaN,NaN,NaN,NaN,OFFLINE,NaN,NaN,NaN
68.0,392.82631757698505,0.0,0.10374991556239581,NaN,-0.23029806637275757,NaN,NaN,NaN,NaN,NaN,OFFLINE,NaN,NaN,NaN
69.0,392.830229321495,0.0,0.104094517155775,NaN,-0.23052104733933035,NaN,NaN,NaN,NaN,NaN,OFFLINE,NaN,NaN,NaN
70.0,392.83286772496626,0.0,0.10402582189973994,NaN,-0.2303033336396844,NaN,NaN,NaN,NaN,NaN,OFFLINE,NaN,NaN,NaN
71.0,392.83547835257883,0.0,0.10357319023879107,NaN,-0.2303314257299613,NaN,NaN,NaN,NaN,NaN,OFFLINE,NaN,NaN,NaN
72.0,392.83927848632067,0.0,0.10289206884686034,NaN,-0.2300926429626078,NaN,NaN,NaN,NaN,NaN,OFFLINE,NaN,NaN,NaN
73.0,392.84329437977095,0.0,0.10241974420484408,NaN,-0.23003997029333867,NaN,NaN,NaN,NaN,NaN,OFFLINE,NaN,NaN,NaN
74.0,392.849688364713,0.0,0.10182435121880669,NaN,-0.2304947110046958,NaN,NaN,NaN,NaN,NaN,OFFLINE,NaN,NaN,NaN
75.0,392.8550125797208,0.0,0.10173959467431666,NaN,-0.23075983010668394,NaN,NaN,NaN,NaN,NaN,OFFLINE,NaN,NaN,NaN
76.0,392.85910527131506,0.0,0.10184470915767635,NaN,-0.2304508171136383,NaN,NaN,NaN,NaN,NaN,OFFLINE,NaN,NaN,NaN
77.0,392.86220495183574,0.0,0.10198992571157327,NaN,-0.23032966997431936,NaN,NaN,NaN,NaN,NaN,OFFLINE,NaN,NaN,NaN
78.0,392.866442854579,0.0,0.1014373457778824,NaN,-0.22980821054855452,NaN,NaN,NaN,NaN,NaN,OFFLINE,NaN,NaN,NaN
79.0,392.87139202803513,0.0,0.10074901215132698,NaN,-0.22964492527382008,NaN,NaN,NaN,NaN,NaN,OFFLINE,NaN,NaN,NaN
80.0,392.87448843197967,0.0,0.10018251925438848,NaN,-0.2299030213532389,NaN,NaN,NaN,NaN,NaN,OFFLINE,NaN,NaN,NaN
81.0,392.87937389467703,0.0,0.10060773419364354,NaN,-0.2299188231540196,NaN,NaN,NaN,NaN,NaN,OFFLINE,NaN,NaN,NaN
82.0,392.8812267582033,0.0,0.10120312717968091,NaN,-0.23023485916963454,NaN,NaN,NaN,NaN,NaN,OFFLINE,NaN,NaN,NaN
83.0,392.886074153918,0.0,0.10175637207117408,NaN,-0.2303788311323035,NaN,NaN,NaN,NaN,NaN,OFFLINE,NaN,NaN,NaN
84.0,392.8886785177125,0.0,0.10201744473446744,NaN,-0.23026470701555363,NaN,NaN,NaN,NaN,NaN,OFFLINE,NaN,NaN,NaN
85.0,392.89080772509067,0.0,0.10236649643006186,NaN,-0.23019623254550378,NaN,NaN,NaN,NaN,NaN,OFFLINE,NaN,NaN,NaN
86.0,392.89435378249664,0.0,0.1021484414215157,NaN,-0.23042096926771885,NaN,NaN,NaN,NaN,NaN,OFFLINE,NaN,NaN,NaN
87.0,392.8976626117763,0.0,0.1018831232584078,NaN,-0.23056318547474555,NaN,NaN,NaN,NaN,NaN,OFFLINE,NaN,NaN,NaN
88.0,392.8970387823822,0.0,0.10252450063400255,NaN,-0.23104250676509488,NaN,NaN,NaN,NaN,NaN,OFFLINE,NaN,NaN,NaN
89.0,392.89798386509796,0.0,0.10344439302755033,NaN,-0.23132167191222153,NaN,NaN,NaN,NaN,NaN,OFFLINE,NaN,NaN,NaN
90.0,392.9016710535244,0.0,0.10384996613633818,NaN,-0.23128304528809074,NaN,NaN,NaN,NaN,NaN,OFFLINE,NaN,NaN,NaN
91.0,392.90095972414696,0.0,0.10256951316215657,NaN,-0.2313322064460753,NaN,NaN,NaN,NaN,NaN,OFFLINE,NaN,NaN,NaN
92.0,392.90116491103373,0.0,0.10237887487530423,NaN,-0.2314164827169059,NaN,NaN,NaN,NaN,NaN,OFFLINE,NaN,NaN,NaN
93.0,392.90154175292605,0.0,0.10168066918291502,NaN,-0.23113556181413708,NaN,NaN,NaN,NaN,NaN,OFFLINE,NaN,NaN,NaN
94.0,392.9028390258603,0.0,0.10159089987960784,NaN,-0.23100563589660647,NaN,NaN,NaN,NaN,NaN,OFFLINE,NaN,NaN,NaN
95.0,392.9022942738773,0.0,0.10152813809319307,NaN,-0.23120754779547167,NaN,NaN,NaN,NaN,NaN,OFFLINE,NaN,NaN,NaN
96.0,392.9004841457922,0.0,0.10183243301363434,NaN,-0.2311847229721216,NaN,NaN,NaN,NaN,NaN,OFFLINE,NaN,NaN,NaN
97.0,392.8989794659484,0.0,0.10155427604988251,NaN,-0.23121457081804073,NaN,NaN,NaN,NaN,NaN,OFFLINE,NaN,NaN,NaN
98.0,392.89908060427337,0.0,0.10108399743187327,NaN,-0.23092838264834503,NaN,NaN,NaN,NaN,NaN,OFFLINE,NaN,NaN,NaN
99.0,392.896688224956,0.0,0.10041111128657071,NaN,-0.23093364991527188,NaN,NaN,NaN,NaN,NaN,OFFLINE,NaN,NaN,NaN
100.0,392.8937627340806,0.0,0.10073054678466378,NaN,-0.2307352495276914,NaN,NaN,NaN,NaN,NaN,OFFLINE,NaN,NaN,NaN
101.0,392.89146551513306,0.0,0.1016936102847593,NaN,-0.23036829659844957,NaN,NaN,NaN,NaN,NaN,OFFLINE,NaN,NaN,NaN
102.0,392.88871242206716,0.0,0.1008017995707076,NaN,-0.2303068451509689,NaN,NaN,NaN,NaN,NaN,OFFLINE,NaN,NaN,NaN
103.0,392.8853656241589,0.0,0.10101356305543224,NaN,-0.23079670097517202,NaN,NaN,NaN,NaN,NaN,OFFLINE,NaN,NaN,NaN
104.0,392.8807682371493,0.0,0.10084251544844693,NaN,-0.2311127369907869,NaN,NaN,NaN,NaN,NaN,OFFLINE,NaN,NaN,NaN
105.0,392.87663149298004,0.0,0.1007897280290663,NaN,-0.2311460963479908,NaN,NaN,NaN,NaN,NaN,OFFLINE,NaN,NaN,NaN
106.0,392.87317976352307,0.0,0.10071141646019832,NaN,-0.23115136361491773,NaN,NaN,NaN,NaN,NaN,OFFLINE,NaN,NaN,NaN
107.0,392.8691908957225,0.0,0.10100174726679181,NaN,-0.23134449673557134,NaN,NaN,NaN,NaN,NaN,OFFLINE,NaN,NaN,NaN
108.0,392.86398031051664,0.0,0.1011288053576266,NaN,-0.23161663886012873,NaN,NaN,NaN,NaN,NaN,OFFLINE,NaN,NaN,NaN
109.0,392.86015010851673,0.0,0.10142839442285176,NaN,-0.2315464086344365,NaN,NaN,NaN,NaN,NaN,OFFLINE,NaN,NaN,NaN
110.0,392.85674323969965,0.0,0.1015854267653891,NaN,-0.23166580001811338,NaN,NaN,NaN,NaN,NaN,OFFLINE,NaN,NaN,NaN
111.0,392.85247469384797,0.0,0.10143028699505824,NaN,-0.2322574896695702,NaN,NaN,NaN,NaN,NaN,OFFLINE,NaN,NaN,NaN
112.0,392.84796230197753,0.0,0.10270726172842794,NaN,-0.2321082504399742,NaN,NaN,NaN,NaN,NaN,OFFLINE,NaN,NaN,NaN
113.0,392.8437463818695,0.0,0.10281769587420583,NaN,-0.23217321339873948,NaN,NaN,NaN,NaN,NaN,OFFLINE,NaN,NaN,NaN
114.0,392.83830017581477,0.0,0.10310480419298829,NaN,-0.23223290909057792,NaN,NaN,NaN,NaN,NaN,OFFLINE,NaN,NaN,NaN
115.0,392.83356094008917,0.0,0.10306904992346594,NaN,-0.23204679899249364,NaN,NaN,NaN,NaN,NaN,OFFLINE,NaN,NaN,NaN
116.0,392.82920748495496,0.0,0.10284322002369317,NaN,-0.23201695114657456,NaN,NaN,NaN,NaN,NaN,OFFLINE,NaN,NaN,NaN
117.0,392.82516203017417,0.0,0.1032260822660033,NaN,-0.2318045047138557,NaN,NaN,NaN,NaN,NaN,OFFLINE,NaN,NaN,NaN
118.0,392.8209645520737,0.0,0.10343861300973056,NaN,-0.23167457879632494,NaN,NaN,NaN,NaN,NaN,OFFLINE,NaN,NaN,NaN
119.0,392.8151758213351,0.0,0.10339805058379176,NaN,-0.23145335358539446,NaN,NaN,NaN,NaN,NaN,OFFLINE,NaN,NaN,NaN
120.0,392.8107809959706,0.0,0.10286368026376319,NaN,-0.2316587769955442,NaN,NaN,NaN,NaN,NaN,OFFLINE,NaN,NaN,NaN
121.0,392.8090966755294,0.0,0.10301462568487971,NaN,-0.2314779341643868,NaN,NaN,NaN,NaN,NaN,OFFLINE,NaN,NaN,NaN
122.0,392.80589579813375,0.0,0.10301406302827779,NaN,-0.23179045866871723,NaN,NaN,NaN,NaN,NaN,OFFLINE,NaN,NaN,NaN
123.0,392.8009595216035,0.0,0.10220071733489458,NaN,-0.23181679500335173,NaN,NaN,NaN,NaN,NaN,OFFLINE,NaN,NaN,NaN
124.0,392.7974226517327,0.0,0.10243421982469361,NaN,-0.23145510934103677,NaN,NaN,NaN,NaN,NaN,OFFLINE,NaN,NaN,NaN
125.0,392.7925227417611,0.0,0.1022830698011764,NaN,-0.2317009151309595,NaN,NaN,NaN,NaN,NaN,OFFLINE,NaN,NaN,NaN
126.0,392.7890635143172,0.0,0.1019585192430658,NaN,-0.23196076696602055,NaN,NaN,NaN,NaN,NaN,OFFLINE,NaN,NaN,NaN
127.0,392.7878141393095,0.0,0.10193335314777968,NaN,-0.23188175796211677,NaN,NaN,NaN,NaN,NaN,OFFLINE,NaN,NaN,NaN
128.0,392.7845388898732,0.0,0.10150972387713006,NaN,-0.23234001018475853,NaN,NaN,NaN,NaN,NaN,OFFLINE,NaN,NaN,NaN
129.0,392.7830465998545,0.0,0.10171744646444088,NaN,-0.232814064208181,NaN,NaN,NaN,NaN,NaN,OFFLINE,NaN,NaN,NaN
130.0,392.7806303890784,0.0,0.10168486353212938,NaN,-0.23264902317780428,NaN,NaN,NaN,NaN,NaN,OFFLINE,NaN,NaN,NaN
131.0,392.77783134271886,0.0,0.10175294498096235,NaN,-0.2325366548166968,NaN,NaN,NaN,NaN,NaN,OFFLINE,NaN,NaN,NaN
132.0,392.77519154788604,0.0,0.10148542734204692,NaN,-0.2327403224712041,NaN,NaN,NaN,NaN,NaN,OFFLINE,NaN,NaN,NaN
133.0,392.7738569853702,0.0,0.10219708564228215,NaN,-0.2324804706361429,NaN,NaN,NaN,NaN,NaN,OFFLINE,NaN,NaN,NaN
134.0,392.7732376097333,0.0,0.10191146069090477,NaN,-0.2324506227902237,NaN,NaN,NaN,NaN,NaN,OFFLINE,NaN,NaN,NaN
135.0,392.7735648049654,0.0,0.10221171471393221,NaN,-0.2320801583496972,NaN,NaN,NaN,NaN,NaN,OFFLINE,NaN,NaN,NaN
136.0,392.7738871568425,0.0,0.10289063663005543,NaN,-0.23153938561186724,NaN,NaN,NaN,NaN,NaN,OFFLINE,NaN,NaN,NaN
137.0,392.7723379304555,0.0,0.10195007939403693,NaN,-0.23137785609277517,NaN,NaN,NaN,NaN,NaN,OFFLINE,NaN,NaN,NaN
138.0,392.77337259397734,0.0,0.10165688415383363,NaN,-0.23071769197126846,NaN,NaN,NaN,NaN,NaN,OFFLINE,NaN,NaN,NaN
139.0,392.7748728312873,0.0,0.10184885235629053,NaN,-0.23037707537666133,NaN,NaN,NaN,NaN,NaN,OFFLINE,NaN,NaN,NaN
140.0,392.7754608975542,0.0,0.10171892983184595,NaN,-0.23009439871825013,NaN,NaN,NaN,NaN,NaN,OFFLINE,NaN,NaN,NaN
141.0,392.77714420627944,0.0,0.10202169023428197,NaN,-0.22975729363492753,NaN,NaN,NaN,NaN,NaN,OFFLINE,NaN,NaN,NaN
142.0,392.7811124835,0.0,0.10226306991650795,NaN,-0.22893033272740174,NaN,NaN,NaN,NaN,NaN,OFFLINE,NaN,NaN,NaN
143.0,392.7838403072869,0.0,0.10255406568090371,NaN,-0.22862483124564062,NaN,NaN,NaN,NaN,NaN,OFFLINE,NaN,NaN,NaN
144.0,392.7851488894248,0.0,0.10290188976209394,NaN,-0.22849139381682546,NaN,NaN,NaN,NaN,NaN,OFFLINE,NaN,NaN,NaN
145.0,392.78820721527796,0.0,0.1024008696333795,NaN,-0.22857567008765617,NaN,NaN,NaN,NaN,NaN,OFFLINE,NaN,NaN,NaN
146.0,392.7889440963258,0.0,0.10131049228944831,NaN,-0.22851246288453317,NaN,NaN,NaN,NaN,NaN,OFFLINE,NaN,NaN,NaN
147.0,392.7920309462226,0.0,0.10204199702255146,NaN,-0.22843696539191405,NaN,NaN,NaN,NaN,NaN,OFFLINE,NaN,NaN,NaN
148.0,392.7950992894868,0.0,0.10291600732774224,NaN,-0.22869506147133292,NaN,NaN,NaN,NaN,NaN,OFFLINE,NaN,NaN,NaN
149.0,392.7980432523393,0.0,0.10264429533961247,NaN,-0.22890575214840947,NaN,NaN,NaN,NaN,NaN,OFFLINE,NaN,NaN,NaN
150.0,392.8008628306139,0.0,0.10326352450533142,NaN,-0.22950446482243547,NaN,NaN,NaN,NaN,NaN,OFFLINE,NaN,NaN,NaN
151.0,392.8017677530268,0.0,0.10307027753787014,NaN,-0.22972217852208146,NaN,NaN,NaN,NaN,NaN,OFFLINE,NaN,NaN,NaN
152.0,392.8033492473306,0.0,0.10262915476196066,NaN,-0.23009791022953474,NaN,NaN,NaN,NaN,NaN,OFFLINE,NaN,NaN,NaN
153.0,392.8060937095455,0.0,0.10278905153810781,NaN,-0.230375319621019,NaN,NaN,NaN,NaN,NaN,OFFLINE,NaN,NaN,NaN
154.0,392.81136968088384,0.0,0.1024301277766796,NaN,-0.23090906933627983,NaN,NaN,NaN,NaN,NaN,OFFLINE,NaN,NaN,NaN
155.0,392.8166949742566,0.0,0.10272787542029847,NaN,-0.23111098123514498,NaN,NaN,NaN,NaN,NaN,OFFLINE,NaN,NaN,NaN
156.0,392.8231926699434,0.0,0.10374843219499073,NaN,-0.2318659561613362,NaN,NaN,NaN,NaN,NaN,OFFLINE,NaN,NaN,NaN
157.0,392.8249421323085,0.0,0.10396664065533742,NaN,-0.23211351770690117,NaN,NaN,NaN,NaN,NaN,OFFLINE,NaN,NaN,NaN
158.0,392.8309684337918,0.0,0.10396694755893847,NaN,-0.23197832452244369,NaN,NaN,NaN,NaN,NaN,OFFLINE,NaN,NaN,NaN
159.0,392.8367238026859,0.0,0.10364480107903612,NaN,-0.23200466085707824,NaN,NaN,NaN,NaN,NaN,OFFLINE,NaN,NaN,NaN
160.0,392.8414426467375,0.0,0.10313283472188421,NaN,-0.23156045467957495,NaN,NaN,NaN,NaN,NaN,OFFLINE,NaN,NaN,NaN
161.0,392.84693329681556,0.0,0.10286726080577543,NaN,-0.231623661882698,NaN,NaN,NaN,NaN,NaN,OFFLINE,NaN,NaN,NaN
162.0,392.8535830741396,0.0,0.10226982179573105,NaN,-0.23176236657844013,NaN,NaN,NaN,NaN,NaN,OFFLINE,NaN,NaN,NaN
163.0,392.86017677198987,0.0,0.10204639597416651,NaN,-0.23196778998858975,NaN,NaN,NaN,NaN,NaN,OFFLINE,NaN,NaN,NaN
164.0,392.86515733222683,0.0,0.10170527262159922,NaN,-0.23160259281499027,NaN,NaN,NaN,NaN,NaN,OFFLINE,NaN,NaN,NaN
165.0,392.87037091560956,0.0,0.10164818855180388,NaN,-0.23168862484146316,NaN,NaN,NaN,NaN,NaN,OFFLINE,NaN,NaN,NaN
166.0,392.87604760583093,0.0,0.10114998170609905,NaN,-0.23115311937056013,NaN,NaN,NaN,NaN,NaN,OFFLINE,NaN,NaN,NaN
167.0,392.8841001299742,0.0,0.10133969928214825,NaN,-0.2309213596257759,NaN,NaN,NaN,NaN,NaN,OFFLINE,NaN,NaN,NaN
168.0,392.8869288954367,0.0,0.1000894763126701,NaN,-0.23076509737361076,NaN,NaN,NaN,NaN,NaN,OFFLINE,NaN,NaN,NaN
169.0,392.89058934563894,0.0,0.10025852904624859,NaN,-0.23049997827162255,NaN,NaN,NaN,NaN,NaN,OFFLINE,NaN,NaN,NaN
170.0,392.89568680739393,0.0,0.10031617577264584,NaN,-0.2306773095914954,NaN,NaN,NaN,NaN,NaN,OFFLINE,NaN,NaN,NaN
171.0,392.90247157006223,0.0,0.10081929307596747,NaN,-0.2306632635463569,NaN,NaN,NaN,NaN,NaN,OFFLINE,NaN,NaN,NaN
172.0,392.9061069210225,0.0,0.10187360924677524,NaN,-0.23045257286928025,NaN,NaN,NaN,NaN,NaN,OFFLINE,NaN,NaN,NaN
173.0,392.9103380753525,0.0,0.10116696370535716,NaN,-0.23009439871825005,NaN,NaN,NaN,NaN,NaN,OFFLINE,NaN,NaN,NaN
174.0,392.91482666226193,0.0,0.10152430179817995,NaN,-0.23002416849255777,NaN,NaN,NaN,NaN,NaN,OFFLINE,NaN,NaN,NaN
175.0,392.917935189029,0.0,0.10169790693517401,NaN,-0.22972744578900817,NaN,NaN,NaN,NaN,NaN,OFFLINE,NaN,NaN,NaN
176.0,392.91934421279905,0.0,0.10231800566109593,NaN,-0.2297730954357082,NaN,NaN,NaN,NaN,NaN,OFFLINE,NaN,NaN,NaN
177.0,392.9221320962714,0.0,0.10146399524057359,NaN,-0.2297467591010735,NaN,NaN,NaN,NaN,NaN,OFFLINE,NaN,NaN,NaN
178.0,392.9264099887601,0.0,0.10216194517996191,NaN,-0.22996974006764628,NaN,NaN,NaN,NaN,NaN,OFFLINE,NaN,NaN,NaN
179.0,392.9287268454684,0.0,0.10228168873497166,NaN,-0.22998027460150014,NaN,NaN,NaN,NaN,NaN,OFFLINE,NaN,NaN,NaN
180.0,392.93195016035787,0.0,0.1024237851022579,NaN,-0.22986615048475031,NaN,NaN,NaN,NaN,NaN,OFFLINE,NaN,NaN,NaN
181.0,392.93117372220576,0.0,0.10240240415138474,NaN,-0.2294149212846779,NaN,NaN,NaN,NaN,NaN,OFFLINE,NaN,NaN,NaN
182.0,392.93157499898774,0.0,0.10197631965192672,NaN,-0.22926392629943973,NaN,NaN,NaN,NaN,NaN,OFFLINE,NaN,NaN,NaN
183.0,392.9318793792784,0.0,0.10257698114978213,NaN,-0.2294043867508242,NaN,NaN,NaN,NaN,NaN,OFFLINE,NaN,NaN,NaN
184.0,392.9316393940006,0.0,0.10273749173313138,NaN,-0.2290497241110786,NaN,NaN,NaN,NaN,NaN,OFFLINE,NaN,NaN,NaN
185.0,392.9312625329005,0.0,0.10265969167026516,NaN,-0.22932186623563589,NaN,NaN,NaN,NaN,NaN,OFFLINE,NaN,NaN,NaN
186.0,392.93020355066227,0.0,0.1020861399905025,NaN,-0.22947637273215876,NaN,NaN,NaN,NaN,NaN,OFFLINE,NaN,NaN,NaN
187.0,392.92770280996103,0.0,0.10285237598112451,NaN,-0.22955713749170473,NaN,NaN,NaN,NaN,NaN,OFFLINE,NaN,NaN,NaN
188.0,392.9236373005145,0.0,0.10289206884686034,NaN,-0.2292990414122859,NaN,NaN,NaN,NaN,NaN,OFFLINE,NaN,NaN,NaN
189.0,392.92109005573695,0.0,0.10292915303198723,NaN,-0.22932186623563577,NaN,NaN,NaN,NaN,NaN,OFFLINE,NaN,NaN,NaN
190.0,392.91715202681974,0.0,0.10325452199970062,NaN,-0.22913048887062454,NaN,NaN,NaN,NaN,NaN,OFFLINE,NaN,NaN,NaN
191.0,392.91473769743993,0.0,0.10246332451619321,NaN,-0.22955187022477788,NaN,NaN,NaN,NaN,NaN,OFFLINE,NaN,NaN,NaN
192.0,392.91327942268276,0.0,0.10219125447386221,NaN,-0.22957820655941244,NaN,NaN,NaN,NaN,NaN,OFFLINE,NaN,NaN,NaN
193.0,392.90822755725566,0.0,0.10237902832710474,NaN,-0.2295430914465664,NaN,NaN,NaN,NaN,NaN,OFFLINE,NaN,NaN,NaN
194.0,392.90460126348313,0.0,0.10247135516042069,NaN,-0.22961156591661633,NaN,NaN,NaN,NaN,NaN,OFFLINE,NaN,NaN,NaN
195.0,392.89962048131406,0.0,0.10202194598728284,NaN,-0.22921476514145525,NaN,NaN,NaN,NaN,NaN,OFFLINE,NaN,NaN,NaN
196.0,392.8951149881653,0.0,0.10209902994174662,NaN,-0.22905147986672092,NaN,NaN,NaN,NaN,NaN,OFFLINE,NaN,NaN,NaN
197.0,392.8913962089036,0.0,0.10190777784769217,NaN,-0.22900231870873636,NaN,NaN,NaN,NaN,NaN,OFFLINE,NaN,NaN,NaN
198.0,392.8884925088739,0.0,0.10215012939132148,NaN,-0.22907430469007076,NaN,NaN,NaN,NaN,NaN,OFFLINE,NaN,NaN,NaN
199.0,392.88517179831774,0.0,0.10190373695027834,NaN,-0.22893384423868637,NaN,NaN,NaN,NaN,NaN,OFFLINE,NaN,NaN,NaN
200.0,392.8823500765635,0.0,0.10087167129054671,NaN,-0.22883025465579038,NaN,NaN,NaN,NaN,NaN,OFFLINE,NaN,NaN,NaN
201.0,392.87808488637546,0.0,0.10153744750242494,NaN,-0.22859322764407916,NaN,NaN,NaN,NaN,NaN,OFFLINE,NaN,NaN,NaN
202.0,392.8741722087751,0.0,0.10186890339155914,NaN,-0.228459790215264,NaN,NaN,NaN,NaN,NaN,OFFLINE,NaN,NaN,NaN
203.0,392.87213509335464,0.0,0.10171831602464385,NaN,-0.22808757001909527,NaN,NaN,NaN,NaN,NaN,OFFLINE,NaN,NaN,NaN
204.0,392.8672945676075,0.0,0.10181504180957483,NaN,-0.2283087952300257,NaN,NaN,NaN,NaN,NaN,OFFLINE,NaN,NaN,NaN
205.0,392.86390121326247,0.0,0.10197990019393896,NaN,-0.2283913157452141,NaN,NaN,NaN,NaN,NaN,OFFLINE,NaN,NaN,NaN
206.0,392.86105472452886,0.0,0.10157284371774605,NaN,-0.2282543668051143,NaN,NaN,NaN,NaN,NaN,OFFLINE,NaN,NaN,NaN
207.0,392.8589690708975,0.0,0.10079786097449413,NaN,-0.2283632236549372,NaN,NaN,NaN,NaN,NaN,OFFLINE,NaN,NaN,NaN
208.0,392.8572583971433,0.0,0.10069960067155789,NaN,-0.22852650892967175,NaN,NaN,NaN,NaN,NaN,OFFLINE,NaN,NaN,NaN
209.0,392.8528204185651,0.0,0.10085397318288614,NaN,-0.2289514017951096,NaN,NaN,NaN,NaN,NaN,OFFLINE,NaN,NaN,NaN
210.0,392.8464716438244,0.0,0.10179841786451795,NaN,-0.22887414854684807,NaN,NaN,NaN,NaN,NaN,OFFLINE,NaN,NaN,NaN
211.0,392.84140044414494,0.0,0.10189289302304123,NaN,-0.2289900284192402,NaN,NaN,NaN,NaN,NaN,OFFLINE,NaN,NaN,NaN
212.0,392.8351549793278,0.0,0.10217718805881407,NaN,-0.2292323226978783,NaN,NaN,NaN,NaN,NaN,OFFLINE,NaN,NaN,NaN
213.0,392.8293310313842,0.0,0.10216056411375718,NaN,-0.22951499935628936,NaN,NaN,NaN,NaN,NaN,OFFLINE,NaN,NaN,NaN
214.0,392.8255662566504,0.0,0.1022201545629611,NaN,-0.2296379022512507,NaN,NaN,NaN,NaN,NaN,OFFLINE,NaN,NaN,NaN
215.0,392.8215982725826,0.0,0.10220680425631541,NaN,-0.22976607241313904,NaN,NaN,NaN,NaN,NaN,OFFLINE,NaN,NaN,NaN
216.0,392.81821497204055,0.0,0.10273002374550583,NaN,-0.22984332566140042,NaN,NaN,NaN,NaN,NaN,OFFLINE,NaN,NaN,NaN
217.0,392.81282181713965,0.0,0.10364971153665292,NaN,-0.2293991194838972,NaN,NaN,NaN,NaN,NaN,OFFLINE,NaN,NaN,NaN
218.0,392.80934445432126,0.0,0.10369477521540713,NaN,-0.2293938522169704,NaN,NaN,NaN,NaN,NaN,OFFLINE,NaN,NaN,NaN
219.0,392.805282269066,0.0,0.10384428841971874,NaN,-0.22915331369397454,NaN,NaN,NaN,NaN,NaN,OFFLINE,NaN,NaN,NaN
220.0,392.8052732032586,0.0,0.10364111823582352,NaN,-0.2296203446948278,NaN,NaN,NaN,NaN,NaN,OFFLINE,NaN,NaN,NaN
221.0,392.8052138481356,0.0,0.10301651825708619,NaN,-0.2298907310637429,NaN,NaN,NaN,NaN,NaN,OFFLINE,NaN,NaN,NaN
222.0,392.8035580084627,0.0,0.10299196596900217,NaN,-0.23027699730505002,NaN,NaN,NaN,NaN,NaN,OFFLINE,NaN,NaN,NaN
223.0,392.8028562947484,0.0,0.10307344887508099,NaN,-0.23036302933152303,NaN,NaN,NaN,NaN,NaN,OFFLINE,NaN,NaN,NaN
224.0,392.80302720822357,0.0,0.10219140792566273,NaN,-0.2305719642529573,NaN,NaN,NaN,NaN,NaN,OFFLINE,NaN,NaN,NaN
225.0,392.8014269576422,0.0,0.10240000007317651,NaN,-0.23036829659844973,NaN,NaN,NaN,NaN,NaN,OFFLINE,NaN,NaN,NaN
226.0,392.7990105903092,0.0,0.10284127630088652,NaN,-0.2303911214217997,NaN,NaN,NaN,NaN,NaN,OFFLINE,NaN,NaN,NaN
227.0,392.8004685929155,0.0,0.10284383383089528,NaN,-0.23090906933627972,NaN,NaN,NaN,NaN,NaN,OFFLINE,NaN,NaN,NaN
228.0,392.79849166822197,0.0,0.10289140388905806,NaN,-0.2311408290810639,NaN,NaN,NaN,NaN,NaN,OFFLINE,NaN,NaN,NaN
229.0,392.80038206472625,0.0,0.10288122491962322,NaN,-0.23114960785927538,NaN,NaN,NaN,NaN,NaN,OFFLINE,NaN,NaN,NaN
230.0,392.79921580832126,0.0,0.10296050834989452,NaN,-0.2310196819417448,NaN,NaN,NaN,NaN,NaN,OFFLINE,NaN,NaN,NaN
231.0,392.8008300654926,0.0,0.10321692630857196,NaN,-0.23094769596041034,NaN,NaN,NaN,NaN,NaN,OFFLINE,NaN,NaN,NaN
232.0,392.803231515245,0.0,0.10303068697333467,NaN,-0.23044906135799562,NaN,NaN,NaN,NaN,NaN,OFFLINE,NaN,NaN,NaN
233.0,392.80515118380464,0.0,0.10343063351610325,NaN,-0.23047013042570336,NaN,NaN,NaN,NaN,NaN,OFFLINE,NaN,NaN,NaN
234.0,392.80724297900576,0.0,0.10404162743519402,NaN,-0.23047188618134573,NaN,NaN,NaN,NaN,NaN,OFFLINE,NaN,NaN,NaN
235.0,392.80902361431856,0.0,0.10428249561141825,NaN,-0.23021905736885384,NaN,NaN,NaN,NaN,NaN,OFFLINE,NaN,NaN,NaN
236.0,392.81097504971007,0.0,0.10405482429003918,NaN,-0.2296940864318046,NaN,NaN,NaN,NaN,NaN,OFFLINE,NaN,NaN,NaN
237.0,392.8121282516495,0.0,0.1038179458606286,NaN,-0.2295483587134933,NaN,NaN,NaN,NaN,NaN,OFFLINE,NaN,NaN,NaN
238.0,392.81411890817867,0.0,0.10333088984576194,NaN,-0.22904270108850935,NaN,NaN,NaN,NaN,NaN,OFFLINE,NaN,NaN,NaN
239.0,392.81488963312177,0.0,0.1034070019388224,NaN,-0.22872490931725215,NaN,NaN,NaN,NaN,NaN,OFFLINE,NaN,NaN,NaN
240.0,392.8189926222621,0.0,0.10280940947697748,NaN,-0.22877407047523665,NaN,NaN,NaN,NaN,NaN,OFFLINE,NaN,NaN,NaN
241.0,392.8194520276356,0.0,0.10258045939059403,NaN,-0.2287178862946829,NaN,NaN,NaN,NaN,NaN,OFFLINE,NaN,NaN,NaN
242.0,392.8210825752356,0.0,0.10259314473943744,NaN,-0.2287126190277559,NaN,NaN,NaN,NaN,NaN,OFFLINE,NaN,NaN,NaN
243.0,392.82291577189943,0.0,0.10166772808107075,NaN,-0.2285475779973792,NaN,NaN,NaN,NaN,NaN,OFFLINE,NaN,NaN,NaN
244.0,392.82416438784594,0.0,0.10142169369422883,NaN,-0.22841414056856404,NaN,NaN,NaN,NaN,NaN,OFFLINE,NaN,NaN,NaN
245.0,392.82896769031373,0.0,0.10089008550660972,NaN,-0.22858971613279452,NaN,NaN,NaN,NaN,NaN,OFFLINE,NaN,NaN,NaN
246.0,392.8343324820085,0.0,0.10115325534451027,NaN,-0.2291778942729669,NaN,NaN,NaN,NaN,NaN,OFFLINE,NaN,NaN,NaN
247.0,392.83584035667855,0.0,0.10104046827112431,NaN,-0.22902689928772868,NaN,NaN,NaN,NaN,NaN,OFFLINE,NaN,NaN,NaN
248.0,392.8392493487849,0.0,0.10154619425505486,NaN,-0.22920423060760145,NaN,NaN,NaN,NaN,NaN,OFFLINE,NaN,NaN,NaN
249.0,392.8457782722653,0.0,0.10166491479806111,NaN,-0.22908483922392478,NaN,NaN,NaN,NaN,NaN,OFFLINE,NaN,NaN,NaN
250.0,392.8490059938178,0.0,0.1020251173244937,NaN,-0.22850368410632174,NaN,NaN,NaN,NaN,NaN,OFFLINE,NaN,NaN,NaN
251.0,392.8555251345489,0.0,0.10243519168609694,NaN,-0.22851773015146018,NaN,NaN,NaN,NaN,NaN,OFFLINE,NaN,NaN,NaN
252.0,392.8583745892335,0.0,0.10233145826894197,NaN,-0.22848788230554104,NaN,NaN,NaN,NaN,NaN,OFFLINE,NaN,NaN,NaN
253.0,392.862381701177,0.0,0.1026507914658347,NaN,-0.22822100744791066,NaN,NaN,NaN,NaN,NaN,OFFLINE,NaN,NaN,NaN
254.0,392.86557147903665,0.0,0.1030416843523723,NaN,-0.22795413259028022,NaN,NaN,NaN,NaN,NaN,OFFLINE,NaN,NaN,NaN
255.0,392.86701092670137,0.0,0.10335201504363423,NaN,-0.22785756602995338,NaN,NaN,NaN,NaN,NaN,OFFLINE,NaN,NaN,NaN
256.0,392.8693132355248,0.0,0.10317073731661391,NaN,-0.22775748795834186,NaN,NaN,NaN,NaN,NaN,OFFLINE,NaN,NaN,NaN
257.0,392.87286696835923,0.0,0.10337032695849689,NaN,-0.22805421066189138,NaN,NaN,NaN,NaN,NaN,OFFLINE,NaN,NaN,NaN
258.0,392.8765865245601,0.0,0.10344971268996854,NaN,-0.22796291136849156,NaN,NaN,NaN,NaN,NaN,OFFLINE,NaN,NaN,NaN
259.0,392.8784464855993,0.0,0.10345196331637624,NaN,-0.22812092937629913,NaN,NaN,NaN,NaN,NaN,OFFLINE,NaN,NaN,NaN
260.0,392.88171636242066,0.0,0.10353758942106925,NaN,-0.22864414455770604,NaN,NaN,NaN,NaN,NaN,OFFLINE,NaN,NaN,NaN
261.0,392.8828881526838,0.0,0.10393681985543538,NaN,-0.2284194078354909,NaN,NaN,NaN,NaN,NaN,OFFLINE,NaN,NaN,NaN
262.0,392.88696868442844,0.0,0.10422883863183464,NaN,-0.22849841683939465,NaN,NaN,NaN,NaN,NaN,OFFLINE,NaN,NaN,NaN
263.0,392.89005727495993,0.0,0.10425318631751795,NaN,-0.2288162086106519,NaN,NaN,NaN,NaN,NaN,OFFLINE,NaN,NaN,NaN
264.0,392.89444613741153,0.0,0.1045003971681639,NaN,-0.2291831615398937,NaN,NaN,NaN,NaN,NaN,OFFLINE,NaN,NaN,NaN
265.0,392.89769732095954,0.0,0.10425446508252234,NaN,-0.2292849953671474,NaN,NaN,NaN,NaN,NaN,OFFLINE,NaN,NaN,NaN
266.0,392.9002053404337,0.0,0.10389881495950533,NaN,-0.22921125363017067,NaN,NaN,NaN,NaN,NaN,OFFLINE,NaN,NaN,NaN
267.0,392.90417727393515,0.0,0.10410382656500686,NaN,-0.228937355749971,NaN,NaN,NaN,NaN,NaN,OFFLINE,NaN,NaN,NaN
268.0,392.90594531270625,0.0,0.10437927254694941,NaN,-0.22903216655465544,NaN,NaN,NaN,NaN,NaN,OFFLINE,NaN,NaN,NaN
269.0,392.90569456345327,0.0,0.10443026969532393,NaN,-0.22911293131420146,NaN,NaN,NaN,NaN,NaN,OFFLINE,NaN,NaN,NaN
270.0,392.9054113148048,0.0,0.10434643386163704,NaN,-0.2290479683554362,NaN,NaN,NaN,NaN,NaN,OFFLINE,NaN,NaN,NaN
271.0,392.9042082561907,0.0,0.1035760035218007,NaN,-0.22925514752122833,NaN,NaN,NaN,NaN,NaN,OFFLINE,NaN,NaN,NaN
272.0,392.9032269314213,0.0,0.10353083754184614,NaN,-0.22910239678034783,NaN,NaN,NaN,NaN,NaN,OFFLINE,NaN,NaN,NaN
273.0,392.90249205083495,0.0,0.1033217338883306,NaN,-0.2290075859756633,NaN,NaN,NaN,NaN,NaN,OFFLINE,NaN,NaN,NaN
274.0,392.8991931678044,0.0,0.10324255275925966,NaN,-0.22852650892967163,NaN,NaN,NaN,NaN,NaN,OFFLINE,NaN,NaN,NaN
275.0,392.89829743292654,0.0,0.10330275701566567,NaN,-0.22834391034287194,NaN,NaN,NaN,NaN,NaN,OFFLINE,NaN,NaN,NaN
276.0,392.8944753518405,0.0,0.10315222079935055,NaN,-0.2286423888020637,NaN,NaN,NaN,NaN,NaN,OFFLINE,NaN,NaN,NaN
277.0,392.8922888959659,0.0,0.10275565019619352,NaN,-0.22864238880206375,NaN,NaN,NaN,NaN,NaN,OFFLINE,NaN,NaN,NaN
278.0,392.8873759488273,0.0,0.10223769921882113,NaN,-0.22856689130944471,NaN,NaN,NaN,NaN,NaN,OFFLINE,NaN,NaN,NaN
279.0,392.88323747738866,0.0,0.10187867315619258,NaN,-0.2286195639787138,NaN,NaN,NaN,NaN,NaN,OFFLINE,NaN,NaN,NaN
280.0,392.8782225800415,0.0,0.10179923627412076,NaN,-0.22843872114755634,NaN,NaN,NaN,NaN,NaN,OFFLINE,NaN,NaN,NaN
281.0,392.87435383543027,0.0,0.10210649792937217,NaN,-0.22853528770788303,NaN,NaN,NaN,NaN,NaN,OFFLINE,NaN,NaN,NaN
282.0,392.8687827475318,0.0,0.10172823924107781,NaN,-0.22861254095614442,NaN,NaN,NaN,NaN,NaN,OFFLINE,NaN,NaN,NaN
283.0,392.86381657312756,0.0,0.10223723886341955,NaN,-0.2284036060347102,NaN,NaN,NaN,NaN,NaN,OFFLINE,NaN,NaN,NaN
284.0,392.86197474283523,0.0,0.10139458387613606,NaN,-0.22878811652037495,NaN,NaN,NaN,NaN,NaN,OFFLINE,NaN,NaN,NaN
285.0,392.85657651535695,0.0,0.1015743782357513,NaN,-0.22897949388538627,NaN,NaN,NaN,NaN,NaN,OFFLINE,NaN,NaN,NaN
286.0,392.8542226648237,0.0,0.10173023411448463,NaN,-0.22884781221221343,NaN,NaN,NaN,NaN,NaN,OFFLINE,NaN,NaN,NaN
287.0,392.8493112525852,0.0,0.10145130989173018,NaN,-0.22873544385110586,NaN,NaN,NaN,NaN,NaN,OFFLINE,NaN,NaN,NaN
288.0,392.8471595065821,0.0,0.10097161956328872,NaN,-0.22851070712889085,NaN,NaN,NaN,NaN,NaN,OFFLINE,NaN,NaN,NaN
289.0,392.84542875704534,0.0,0.10101228429042787,NaN,-0.22844047690319857,NaN,NaN,NaN,NaN,NaN,OFFLINE,NaN,NaN,NaN
290.0,392.843247705143,0.0,0.10068793833471798,NaN,-0.22857391433201374,NaN,NaN,NaN,NaN,NaN,OFFLINE,NaN,NaN,NaN
291.0,392.83953122377625,0.0,0.10032435986867384,NaN,-0.22834215458722942,NaN,NaN,NaN,NaN,NaN,OFFLINE,NaN,NaN,NaN
292.0,392.83727305616196,0.0,0.09993694522294815,NaN,-0.22858971613279438,NaN,NaN,NaN,NaN,NaN,OFFLINE,NaN,NaN,NaN
293.0,392.8355711469631,0.0,0.0995428809991997,NaN,-0.228914530926621,NaN,NaN,NaN,NaN,NaN,OFFLINE,NaN,NaN,NaN
294.0,392.83015743162537,0.0,0.09956022105265903,NaN,-0.22870559600518667,NaN,NaN,NaN,NaN,NaN,OFFLINE,NaN,NaN,NaN
295.0,392.82727377434384,0.0,0.09937546508482681,NaN,-0.22858269311022533,NaN,NaN,NaN,NaN,NaN,OFFLINE,NaN,NaN,NaN
296.0,392.82303425425584,0.0,0.10000870951499372,NaN,-0.22831581825259495,NaN,NaN,NaN,NaN,NaN,OFFLINE,NaN,NaN,NaN
297.0,392.81751760904626,0.0,0.10046681429016131,NaN,-0.2284229193467756,NaN,NaN,NaN,NaN,NaN,OFFLINE,NaN,NaN,NaN
298.0,392.8132759816377,0.0,0.10104517412634041,NaN,-0.22862483124564073,NaN,NaN,NaN,NaN,NaN,OFFLINE,NaN,NaN,NaN
299.0,392.808374268201,0.0,0.10101008481462034,NaN,-0.22894613452818258,NaN,NaN,NaN,NaN,NaN,OFFLINE,NaN,NaN,NaN
300.0,392.8020558667892,0.0,0.10124563332842637,NaN,-0.22929201838971666,NaN,NaN,NaN,NaN,NaN,OFFLINE,NaN,NaN,NaN
301.0,392.79785034084586,0.0,0.10131356132545881,NaN,-0.22938682919440118,NaN,NaN,NaN,NaN,NaN,OFFLINE,NaN,NaN,NaN
302.0,392.79353261997,0.0,0.10168389167072606,NaN,-0.22930430867921278,NaN,NaN,NaN,NaN,NaN,OFFLINE,NaN,NaN,NaN
303.0,392.78704294290986,0.0,0.10105867788478662,NaN,-0.22925514752122825,NaN,NaN,NaN,NaN,NaN,OFFLINE,NaN,NaN,NaN
304.0,392.7831435295601,0.0,0.10088921594640674,NaN,-0.22976080514621222,NaN,NaN,NaN,NaN,NaN,OFFLINE,NaN,NaN,NaN
305.0,392.7789782565458,0.0,0.10117929099999935,NaN,-0.22981698932676595,NaN,NaN,NaN,NaN,NaN,OFFLINE,NaN,NaN,NaN
306.0,392.775386737905,0.0,0.1003838991672776,NaN,-0.23021379010192683,NaN,NaN,NaN,NaN,NaN,OFFLINE,NaN,NaN,NaN
307.0,392.7736926288722,0.0,0.09975336571891995,NaN,-0.23045959589184958,NaN,NaN,NaN,NaN,NaN,OFFLINE,NaN,NaN,NaN
308.0,392.77214236519814,0.0,0.099404160571525,NaN,-0.23037005235409205,NaN,NaN,NaN,NaN,NaN,OFFLINE,NaN,NaN,NaN
309.0,392.76904170570765,0.0,0.0991241110355667,NaN,-0.23022256888013853,NaN,NaN,NaN,NaN,NaN,OFFLINE,NaN,NaN,NaN
310.0,392.77027224326764,0.0,0.09941853389017419,NaN,-0.23000836669177727,NaN,NaN,NaN,NaN,NaN,OFFLINE,NaN,NaN,NaN
311.0,392.7701057325227,0.0,0.10003520552588438,NaN,-0.23015058289880402,NaN,NaN,NaN,NaN,NaN,OFFLINE,NaN,NaN,NaN
312.0,392.76897750566764,0.0,0.09943091233541655,NaN,-0.23015058289880394,NaN,NaN,NaN,NaN,NaN,OFFLINE,NaN,NaN,NaN
313.0,392.7710521144944,0.0,0.10026655969047606,NaN,-0.2302120343462846,NaN,NaN,NaN,NaN,NaN,OFFLINE,NaN,NaN,NaN
314.0,392.77163560093686,0.0,0.10079289936627715,NaN,-0.2299381364660849,NaN,NaN,NaN,NaN,NaN,OFFLINE,NaN,NaN,NaN
315.0,392.7713459930667,0.0,0.100728858814858,NaN,-0.23020325556807308,NaN,NaN,NaN,NaN,NaN,OFFLINE,NaN,NaN,NaN
316.0,392.77282043183806,0.0,0.10069376950313794,NaN,-0.23032966997431906,NaN,NaN,NaN,NaN,NaN,OFFLINE,NaN,NaN,NaN
317.0,392.7736353259912,0.0,0.10132578631890064,NaN,-0.23020676707935772,NaN,NaN,NaN,NaN,NaN,OFFLINE,NaN,NaN,NaN
318.0,392.7741503230596,0.0,0.10169141080895178,NaN,-0.23051578007240348,NaN,NaN,NaN,NaN,NaN,OFFLINE,NaN,NaN,NaN
319.0,392.7770311744186,0.0,0.10200900488543856,NaN,-0.230536849140111,NaN,NaN,NaN,NaN,NaN,OFFLINE,NaN,NaN,NaN
320.0,392.77832440893826,0.0,0.10179105217809274,NaN,-0.23066150779071473,NaN,NaN,NaN,NaN,NaN,OFFLINE,NaN,NaN,NaN
321.0,392.77949811120243,0.0,0.10080067425750376,NaN,-0.23061761389965704,NaN,NaN,NaN,NaN,NaN,OFFLINE,NaN,NaN,NaN
322.0,392.78285163264735,0.0,0.1013654280340363,NaN,-0.23053684914011108,NaN,NaN,NaN,NaN,NaN,OFFLINE,NaN,NaN,NaN
323.0,392.78402778855457,0.0,0.10111489239437899,NaN,-0.23109342367872182,NaN,NaN,NaN,NaN,NaN,OFFLINE,NaN,NaN,NaN
324.0,392.7848659033307,0.0,0.10074512470571367,NaN,-0.2308932675354989,NaN,NaN,NaN,NaN,NaN,OFFLINE,NaN,NaN,NaN
325.0,392.7888208431738,0.0,0.10107596678764579,NaN,-0.2306386829673646,NaN,NaN,NaN,NaN,NaN,OFFLINE,NaN,NaN,NaN
326.0,392.79052335007555,0.0,0.10188486237881375,NaN,-0.23043677106849952,NaN,NaN,NaN,NaN,NaN,OFFLINE,NaN,NaN,NaN
327.0,392.79440436590835,0.0,0.10237294140568393,NaN,-0.23059654483194927,NaN,NaN,NaN,NaN,NaN,OFFLINE,NaN,NaN,NaN
328.0,392.800413770699,0.0,0.10211120378458828,NaN,-0.23085288515572588,NaN,NaN,NaN,NaN,NaN,OFFLINE,NaN,NaN,NaN
329.0,392.803782720238,0.0,0.10232347877531467,NaN,-0.2309863225845411,NaN,NaN,NaN,NaN,NaN,OFFLINE,NaN,NaN,NaN
330.0,392.80787085607597,0.0,0.10276649412343063,NaN,-0.23107235461101397,NaN,NaN,NaN,NaN,NaN,OFFLINE,NaN,NaN,NaN
331.0,392.8133103644566,0.0,0.10360326679169399,NaN,-0.23089853480242575,NaN,NaN,NaN,NaN,NaN,OFFLINE,NaN,NaN,NaN
332.0,392.81679428945324,0.0,0.10401456876770143,NaN,-0.230824793065449,NaN,NaN,NaN,NaN,NaN,OFFLINE,NaN,NaN,NaN
333.0,392.8221692787777,0.0,0.10374142456276675,NaN,-0.23039638868872642,NaN,NaN,NaN,NaN,NaN,OFFLINE,NaN,NaN,NaN
334.0,392.8284238736803,0.0,0.10425211215491428,NaN,-0.23056669698603005,NaN,NaN,NaN,NaN,NaN,OFFLINE,NaN,NaN,NaN
335.0,392.83068688395565,0.0,0.10413850667192553,NaN,-0.23055616245217622,NaN,NaN,NaN,NaN,NaN,OFFLINE,NaN,NaN,NaN
336.0,392.8356176480919,0.0,0.10374730688178688,NaN,-0.23040341171129572,NaN,NaN,NaN,NaN,NaN,OFFLINE,NaN,NaN,NaN
337.0,392.84071404050746,0.0,0.10282204367522071,NaN,-0.23047188618134568,NaN,NaN,NaN,NaN,NaN,OFFLINE,NaN,NaN,NaN
338.0,392.84373347575035,0.0,0.10320966292334711,NaN,-0.23018569801164987,NaN,NaN,NaN,NaN,NaN,OFFLINE,NaN,NaN,NaN
339.0,392.84908595138575,0.0,0.10303871761756216,NaN,-0.2301312695867383,NaN,NaN,NaN,NaN,NaN,OFFLINE,NaN,NaN,NaN
340.0,392.85404626042214,0.0,0.10309922877756922,NaN,-0.22985386019525417,NaN,NaN,NaN,NaN,NaN,OFFLINE,NaN,NaN,NaN
341.0,392.85797468918,0.0,0.10239140677234711,NaN,-0.22998027460150017,NaN,NaN,NaN,NaN,NaN,OFFLINE,NaN,NaN,NaN
342.0,392.86155627157996,0.0,0.10231601078768911,NaN,-0.23010844476338843,NaN,NaN,NaN,NaN,NaN,OFFLINE,NaN,NaN,NaN
343.0,392.8660384778037,0.0,0.1023344761543523,NaN,-0.22961683318354303,NaN,NaN,NaN,NaN,NaN,OFFLINE,NaN,NaN,NaN
344.0,392.86921541202145,0.0,0.10228547387938461,NaN,-0.22950973208936243,NaN,NaN,NaN,NaN,NaN,OFFLINE,NaN,NaN,NaN
345.0,392.87514186002926,0.0,0.10180696001474718,NaN,-0.2294816399990856,NaN,NaN,NaN,NaN,NaN,OFFLINE,NaN,NaN,NaN
346.0,392.8800174883703,0.0,0.10164844430480476,NaN,-0.22928148385586286,NaN,NaN,NaN,NaN,NaN,OFFLINE,NaN,NaN,NaN
347.0,392.88413542239834,0.0,0.1024582094561757,NaN,-0.22880216256551356,NaN,NaN,NaN,NaN,NaN,OFFLINE,NaN,NaN,NaN
348.0,392.88714865977806,0.0,0.1024821990876578,NaN,-0.2285370434635254,NaN,NaN,NaN,NaN,NaN,OFFLINE,NaN,NaN,NaN
349.0,392.8895862361637,0.0,0.10245851635977675,NaN,-0.22831581825259495,NaN,NaN,NaN,NaN,NaN,OFFLINE,NaN,NaN,NaN
350.0,392.89378684122653,0.0,0.10238705897133223,NaN,-0.22846505748219084,NaN,NaN,NaN,NaN,NaN,OFFLINE,NaN,NaN,NaN
351.0,392.89749690482154,0.0,0.10313789863130154,NaN,-0.22832810854209107,NaN,NaN,NaN,NaN,NaN,OFFLINE,NaN,NaN,NaN
352.0,392.9021025606823,0.0,0.1020787743040773,NaN,-0.228212228669699,NaN,NaN,NaN,NaN,NaN,OFFLINE,NaN,NaN,NaN
353.0,392.90463776108925,0.0,0.10280726115177012,NaN,-0.2284633017265485,NaN,NaN,NaN,NaN,NaN,OFFLINE,NaN,NaN,NaN
354.0,392.9067948016021,0.0,0.1031560059437635,NaN,-0.22853353195224077,NaN,NaN,NaN,NaN,NaN,OFFLINE,NaN,NaN,NaN
355.0,392.9089001082688,0.0,0.10320899796554484,NaN,-0.22853704346352538,NaN,NaN,NaN,NaN,NaN,OFFLINE,NaN,NaN,NaN
356.0,392.91090940750587,0.0,0.10342828058849521,NaN,-0.22876704745266735,NaN,NaN,NaN,NaN,NaN,OFFLINE,NaN,NaN,NaN
357.0,392.9104816483932,0.0,0.10253693022984507,NaN,-0.2292902626340742,NaN,NaN,NaN,NaN,NaN,OFFLINE,NaN,NaN,NaN
358.0,392.9117093314887,0.0,0.10226890108492791,NaN,-0.22955187022477772,NaN,NaN,NaN,NaN,NaN,OFFLINE,NaN,NaN,NaN
359.0,392.91493038770744,0.0,0.10238173930891403,NaN,-0.22976080514621203,NaN,NaN,NaN,NaN,NaN,OFFLINE,NaN,NaN,NaN
360.0,392.91528116417373,0.0,0.10240010237437687,NaN,-0.22976080514621208,NaN,NaN,NaN,NaN,NaN,OFFLINE,NaN,NaN,NaN
361.0,392.9146177929497,0.0,0.10265462776084783,NaN,-0.23006981813925778,NaN,NaN,NaN,NaN,NaN,OFFLINE,NaN,NaN,NaN
362.0,392.9138476986299,0.0,0.10377728113348945,NaN,-0.23014707138751922,NaN,NaN,NaN,NaN,NaN,OFFLINE,NaN,NaN,NaN
363.0,392.9121174752284,0.0,0.10325175986729117,NaN,-0.23061410238837243,NaN,NaN,NaN,NaN,NaN,OFFLINE,NaN,NaN,NaN
364.0,392.9132324633481,0.0,0.10331053190689228,NaN,-0.23091082509192212,NaN,NaN,NaN,NaN,NaN,OFFLINE,NaN,NaN,NaN
365.0,392.914424892153,0.0,0.10411395438384152,NaN,-0.23111976001335627,NaN,NaN,NaN,NaN,NaN,OFFLINE,NaN,NaN,NaN
366.0,392.913422705115,0.0,0.10397359713696123,NaN,-0.23135503126942508,NaN,NaN,NaN,NaN,NaN,OFFLINE,NaN,NaN,NaN
367.0,392.912725775397,0.0,0.10456085717757078,NaN,-0.2311671654156984,NaN,NaN,NaN,NaN,NaN,OFFLINE,NaN,NaN,NaN
368.0,392.9110677506456,0.0,0.10480377137780202,NaN,-0.23105830856587556,NaN,NaN,NaN,NaN,NaN,OFFLINE,NaN,NaN,NaN
369.0,392.90678554163117,0.0,0.10451691881202042,NaN,-0.23140770393869445,NaN,NaN,NaN,NaN,NaN,OFFLINE,NaN,NaN,NaN
370.0,392.9045073680074,0.0,0.10461466760895492,NaN,-0.231600837059348,NaN,NaN,NaN,NaN,NaN,OFFLINE,NaN,NaN,NaN
371.0,392.90335128394963,0.0,0.10372275459370286,NaN,-0.23160259281499032,NaN,NaN,NaN,NaN,NaN,OFFLINE,NaN,NaN,NaN
372.0,392.9002687434033,0.0,0.10389134697187978,NaN,-0.23170969390917096,NaN,NaN,NaN,NaN,NaN,OFFLINE,NaN,NaN,NaN
373.0,392.89762385383455,0.0,0.10421461876498599,NaN,-0.23143930754025593,NaN,NaN,NaN,NaN,NaN,OFFLINE,NaN,NaN,NaN
374.0,392.8940772709879,0.0,0.10319564765889915,NaN,-0.23141297120562138,NaN,NaN,NaN,NaN,NaN,OFFLINE,NaN,NaN,NaN
375.0,392.88957449443376,0.0,0.10195437604445162,NaN,-0.23127251075423685,NaN,NaN,NaN,NaN,NaN,OFFLINE,NaN,NaN,NaN
376.0,392.8851645102337,0.0,0.10225954052509587,NaN,-0.23075456283975687,NaN,NaN,NaN,NaN,NaN,OFFLINE,NaN,NaN,NaN
377.0,392.88197705115687,0.0,0.10243800496910656,NaN,-0.23072998226076452,NaN,NaN,NaN,NaN,NaN,OFFLINE,NaN,NaN,NaN
378.0,392.87689856923305,0.0,0.10169458214616263,NaN,-0.23060532361016078,NaN,NaN,NaN,NaN,NaN,OFFLINE,NaN,NaN,NaN
379.0,392.8725675215086,0.0,0.10163289452235154,NaN,-0.2303911214217996,NaN,NaN,NaN,NaN,NaN,OFFLINE,NaN,NaN,NaN
380.0,392.86572274526634,0.0,0.10158378994618351,NaN,-0.23021379010192689,NaN,NaN,NaN,NaN,NaN,OFFLINE,NaN,NaN,NaN
381.0,392.86071019828927,0.0,0.1019919205849801,NaN,-0.2298731735073196,NaN,NaN,NaN,NaN,NaN,OFFLINE,NaN,NaN,NaN
382.0,392.8577825140626,0.0,0.10177800877504811,NaN,-0.23003294727076945,NaN,NaN,NaN,NaN,NaN,OFFLINE,NaN,NaN,NaN
383.0,392.85377134987726,0.0,0.10179949202712163,NaN,-0.22989775408631194,NaN,NaN,NaN,NaN,NaN,OFFLINE,NaN,NaN,NaN
384.0,392.84796688226965,0.0,0.10168225485152045,NaN,-0.22959927562712007,NaN,NaN,NaN,NaN,NaN,OFFLINE,NaN,NaN,NaN
385.0,392.84189593918677,0.0,0.10188619229441831,NaN,-0.2295378241796394,NaN,NaN,NaN,NaN,NaN,OFFLINE,NaN,NaN,NaN
386.0,392.8389561044244,0.0,0.1011263501288182,NaN,-0.22984683717268503,NaN,NaN,NaN,NaN,NaN,OFFLINE,NaN,NaN,NaN
387.0,392.8347693599827,0.0,0.10094722072700522,NaN,-0.2299311134435157,NaN,NaN,NaN,NaN,NaN,OFFLINE,NaN,NaN,NaN
388.0,392.83138925877984,0.0,0.1018372411700508,NaN,-0.23007157389490013,NaN,NaN,NaN,NaN,NaN,OFFLINE,NaN,NaN,NaN
389.0,392.8288966224473,0.0,0.10193831475599667,NaN,-0.2297888972364891,NaN,NaN,NaN,NaN,NaN,OFFLINE,NaN,NaN,NaN
390.0,392.82563439264726,0.0,0.10161673093269623,NaN,-0.22987844077424657,NaN,NaN,NaN,NaN,NaN,OFFLINE,NaN,NaN,NaN
391.0,392.8213780130672,0.0,0.1019328927923781,NaN,-0.22987844077424655,NaN,NaN,NaN,NaN,NaN,OFFLINE,NaN,NaN,NaN
392.0,392.81812987860906,0.0,0.10179785520791602,NaN,-0.22967126160845447,NaN,NaN,NaN,NaN,NaN,OFFLINE,NaN,NaN,NaN
393.0,392.8150904611925,0.0,0.10186199806053552,NaN,-0.22984859292832727,NaN,NaN,NaN,NaN,NaN,OFFLINE,NaN,NaN,NaN
394.0,392.81273659527017,0.0,0.10232496214271974,NaN,-0.2298380583944735,NaN,NaN,NaN,NaN,NaN,OFFLINE,NaN,NaN,NaN
395.0,392.8118906135645,0.0,0.10276516420782607,NaN,-0.23006806238361546,NaN,NaN,NaN,NaN,NaN,OFFLINE,NaN,NaN,NaN
396.0,392.80969997365304,0.0,0.10216736714358046,NaN,-0.2299100443758081,NaN,NaN,NaN,NaN,NaN,OFFLINE,NaN,NaN,NaN
397.0,392.8068396845254,0.0,0.10235549905102423,NaN,-0.22988019652988892,NaN,NaN,NaN,NaN,NaN,OFFLINE,NaN,NaN,NaN
398.0,392.80493929884364,0.0,0.10225718759748782,NaN,-0.22969935369873137,NaN,NaN,NaN,NaN,NaN,OFFLINE,NaN,NaN,NaN
399.0,392.80303632772393,0.0,0.1021533518791325,NaN,-0.22973446881157747,NaN,NaN,NaN,NaN,NaN,OFFLINE,NaN,NaN,NaN
400.0,392.80167783990805,0.0,0.10153560608081863,NaN,-0.22959751987147764,NaN,NaN,NaN,NaN,NaN,OFFLINE,NaN,NaN,NaN
401.0,392.8006441756049,0.0,0.10169432639316175,NaN,-0.2297397360785044,NaN,NaN,NaN,NaN,NaN,OFFLINE,NaN,NaN,NaN
402.0,392.79905584193847,0.0,0.10191458087751545,NaN,-0.22936049285976645,NaN,NaN,NaN,NaN,NaN,OFFLINE,NaN,NaN,NaN
403.0,392.79843098491824,0.0,0.10143223071786489,NaN,-0.2291919403181051,NaN,NaN,NaN,NaN,NaN,OFFLINE,NaN,NaN,NaN
404.0,392.799751865817,0.0,0.10182921052582332,NaN,-0.22922354391966662,NaN,NaN,NaN,NaN,NaN,OFFLINE,NaN,NaN,NaN
405.0,392.7986311457423,0.0,0.10173862281291333,NaN,-0.22910415253598973,NaN,NaN,NaN,NaN,NaN,OFFLINE,NaN,NaN,NaN
406.0,392.7987680314582,0.0,0.1023461384911922,NaN,-0.22916911549475505,NaN,NaN,NaN,NaN,NaN,OFFLINE,NaN,NaN,NaN
407.0,392.7992646658389,0.0,0.10134900869138011,NaN,-0.22886010250170938,NaN,NaN,NaN,NaN,NaN,OFFLINE,NaN,NaN,NaN
408.0,392.8019728324248,0.0,0.10074532930811438,NaN,-0.2290005629530939,NaN,NaN,NaN,NaN,NaN,OFFLINE,NaN,NaN,NaN
409.0,392.8033728582517,0.0,0.10032144428446386,NaN,-0.22904972411107846,NaN,NaN,NaN,NaN,NaN,OFFLINE,NaN,NaN,NaN
410.0,392.8062169675136,0.0,0.09993597336154482,NaN,-0.22912697735933987,NaN,NaN,NaN,NaN,NaN,OFFLINE,NaN,NaN,NaN
411.0,392.807631256692,0.0,0.09955050243862577,NaN,-0.22874071111803276,NaN,NaN,NaN,NaN,NaN,OFFLINE,NaN,NaN,NaN
412.0,392.81153298691504,0.0,0.09955157660122944,NaN,-0.22906201440057455,NaN,NaN,NaN,NaN,NaN,OFFLINE,NaN,NaN,NaN
413.0,392.8126379230268,0.0,0.09996691947465072,NaN,-0.22900231870873622,NaN,NaN,NaN,NaN,NaN,OFFLINE,NaN,NaN,NaN
414.0,392.8143534066365,0.0,0.10004753282052657,NaN,-0.22857040282072913,NaN,NaN,NaN,NaN,NaN,OFFLINE,NaN,NaN,NaN
415.0,392.81686659565395,0.0,0.10014773684626946,NaN,-0.22834742185415646,NaN,NaN,NaN,NaN,NaN,OFFLINE,NaN,NaN,NaN
416.0,392.82087408302124,0.0,0.10066885916085269,NaN,-0.22827894738410645,NaN,NaN,NaN,NaN,NaN,OFFLINE,NaN,NaN,NaN
417.0,392.82333046619135,0.0,0.10146476249957621,NaN,-0.22840185027906795,NaN,NaN,NaN,NaN,NaN,OFFLINE,NaN,NaN,NaN
418.0,392.82495877814745,0.0,0.10164440340739092,NaN,-0.2282736801171796,NaN,NaN,NaN,NaN,NaN,OFFLINE,NaN,NaN,NaN
419.0,392.82881654570315,0.0,0.10235744277383088,NaN,-0.22820696140277197,NaN,NaN,NaN,NaN,NaN,OFFLINE,NaN,NaN,NaN
420.0,392.8324971920273,0.0,0.10344362576854771,NaN,-0.2279980264813377,NaN,NaN,NaN,NaN,NaN,OFFLINE,NaN,NaN,NaN
421.0,392.83803963646983,0.0,0.10336971315129478,NaN,-0.22842818661370246,NaN,NaN,NaN,NaN,NaN,OFFLINE,NaN,NaN,NaN
422.0,392.84136813643033,0.0,0.10351994246400886,NaN,-0.2285826931102254,NaN,NaN,NaN,NaN,NaN,OFFLINE,NaN,NaN,NaN
423.0,392.8458623515009,0.0,0.10249196885229123,NaN,-0.2286353657794945,NaN,NaN,NaN,NaN,NaN,OFFLINE,NaN,NaN,NaN
424.0,392.8486867663615,0.0,0.10214849257211588,NaN,-0.2288987291258403,NaN,NaN,NaN,NaN,NaN,OFFLINE,NaN,NaN,NaN
425.0,392.854872499823,0.0,0.10201013019864241,NaN,-0.2291006410247054,NaN,NaN,NaN,NaN,NaN,OFFLINE,NaN,NaN,NaN
426.0,392.85634555822435,0.0,0.10232644551012482,NaN,-0.22930782019049742,NaN,NaN,NaN,NaN,NaN,OFFLINE,NaN,NaN,NaN
427.0,392.8598161449166,0.0,0.10240286450678632,NaN,-0.22937805041618964,NaN,NaN,NaN,NaN,NaN,OFFLINE,NaN,NaN,NaN
428.0,392.8656955086758,0.0,0.10276721023183308,NaN,-0.22940087523953964,NaN,NaN,NaN,NaN,NaN,OFFLINE,NaN,NaN,NaN
429.0,392.8709154984888,0.0,0.10300291219743962,NaN,-0.22924812449865897,NaN,NaN,NaN,NaN,NaN,OFFLINE,NaN,NaN,NaN
430.0,392.8754105280464,0.0,0.10265166102603768,NaN,-0.22926392629943967,NaN,NaN,NaN,NaN,NaN,OFFLINE,NaN,NaN,NaN
431.0,392.8804707507853,0.0,0.10302255402790685,NaN,-0.229093618002136,NaN,NaN,NaN,NaN,NaN,OFFLINE,NaN,NaN,NaN
432.0,392.88255546195325,0.0,0.102533400838433,NaN,-0.22879513954294417,NaN,NaN,NaN,NaN,NaN,OFFLINE,NaN,NaN,NaN
433.0,392.8851346832303,0.0,0.10383497901048688,NaN,-0.22892682121611704,NaN,NaN,NaN,NaN,NaN,OFFLINE,NaN,NaN,NaN
434.0,392.88978208781054,0.0,0.1040031621838624,NaN,-0.2291023967803476,NaN,NaN,NaN,NaN,NaN,OFFLINE,NaN,NaN,NaN
435.0,392.8924645022582,0.0,0.10437298102312789,NaN,-0.2289057521484095,NaN,NaN,NaN,NaN,NaN,OFFLINE,NaN,NaN,NaN
436.0,392.8963715076685,0.0,0.10417385173664648,NaN,-0.22840360603471027,NaN,NaN,NaN,NaN,NaN,OFFLINE,NaN,NaN,NaN
437.0,392.901422942364,0.0,0.10422991279443831,NaN,-0.22818764809070657,NaN,NaN,NaN,NaN,NaN,OFFLINE,NaN,NaN,NaN
438.0,392.90382667259803,0.0,0.10378546522951745,NaN,-0.2281033718198759,NaN,NaN,NaN,NaN,NaN,OFFLINE,NaN,NaN,NaN
439.0,392.9016810415521,0.0,0.10316879359380726,NaN,-0.22804192037239532,NaN,NaN,NaN,NaN,NaN,OFFLINE,NaN,NaN,NaN
440.0,392.9039145355668,0.0,0.10380387944558046,NaN,-0.2278224509171072,NaN,NaN,NaN,NaN,NaN,OFFLINE,NaN,NaN,NaN
441.0,392.90119343386897,0.0,0.1032668492943428,NaN,-0.22778206853733418,NaN,NaN,NaN,NaN,NaN,OFFLINE,NaN,NaN,NaN
442.0,392.9025722333444,0.0,0.10395794505330767,NaN,-0.22806650095138759,NaN,NaN,NaN,NaN,NaN,OFFLINE,NaN,NaN,NaN
443.0,392.9051784117125,0.0,0.10343697619052496,NaN,-0.22774344191320348,NaN,NaN,NaN,NaN,NaN,OFFLINE,NaN,NaN,NaN
444.0,392.9055842476637,0.0,0.10374352173737393,NaN,-0.2275292397248422,NaN,NaN,NaN,NaN,NaN,OFFLINE,NaN,NaN,NaN
445.0,392.9043131433106,0.0,0.10383073351067236,NaN,-0.2275134379240616,NaN,NaN,NaN,NaN,NaN,OFFLINE,NaN,NaN,NaN
446.0,392.90418755713677,0.0,0.10408300827073562,NaN,-0.22802436281597233,NaN,NaN,NaN,NaN,NaN,OFFLINE,NaN,NaN,NaN
447.0,392.902937360352,0.0,0.10402121834572418,NaN,-0.22847734777168713,NaN,NaN,NaN,NaN,NaN,OFFLINE,NaN,NaN,NaN
448.0,392.9014282530752,0.0,0.10403651237517653,NaN,-0.2285370434635255,NaN,NaN,NaN,NaN,NaN,OFFLINE,NaN,NaN,NaN
449.0,392.9010091332036,0.0,0.10418653708548989,NaN,-0.22865116758027526,NaN,NaN,NaN,NaN,NaN,OFFLINE,NaN,NaN,NaN
450.0,392.8974496504214,0.0,0.1039124210191519,NaN,-0.22869857298261745,NaN,NaN,NaN,NaN,NaN,OFFLINE,NaN,NaN,NaN
451.0,392.89715330125466,0.0,0.10384449302211944,NaN,-0.22890048488148246,NaN,NaN,NaN,NaN,NaN,OFFLINE,NaN,NaN,NaN
452.0,392.8957108258499,0.0,0.10368925095058822,NaN,-0.228782849253448,NaN,NaN,NaN,NaN,NaN,OFFLINE,NaN,NaN,NaN
453.0,392.891354346041,0.0,0.10401820046031386,NaN,-0.2287407111180327,NaN,NaN,NaN,NaN,NaN,OFFLINE,NaN,NaN,NaN
454.0,392.8881684448907,0.0,0.10325769333691147,NaN,-0.2288583467460671,NaN,NaN,NaN,NaN,NaN,OFFLINE,NaN,NaN,NaN
455.0,392.886201754566,0.0,0.10225933592269518,NaN,-0.22889346185891324,NaN,NaN,NaN,NaN,NaN,OFFLINE,NaN,NaN,NaN
456.0,392.882312399067,0.0,0.10186046354253027,NaN,-0.22849666108375224,NaN,NaN,NaN,NaN,NaN,OFFLINE,NaN,NaN,NaN
457.0,392.8790307843343,0.0,0.10097161956328872,NaN,-0.2279611556128492,NaN,NaN,NaN,NaN,NaN,OFFLINE,NaN,NaN,NaN
458.0,392.87450423382984,0.0,0.10141146357419382,NaN,-0.2278751235863763,NaN,NaN,NaN,NaN,NaN,OFFLINE,NaN,NaN,NaN
459.0,392.87357979312736,0.0,0.1007397538926953,NaN,-0.2279207732330762,NaN,NaN,NaN,NaN,NaN,OFFLINE,NaN,NaN,NaN
460.0,392.8709630875289,0.0,0.10100819224241386,NaN,-0.22825085529382963,NaN,NaN,NaN,NaN,NaN,OFFLINE,NaN,NaN,NaN
461.0,392.86872948573125,0.0,0.10084578908685814,NaN,-0.22815428873350277,NaN,NaN,NaN,NaN,NaN,OFFLINE,NaN,NaN,NaN
462.0,392.8658106730339,0.0,0.10030799167661784,NaN,-0.22814199844400668,NaN,NaN,NaN,NaN,NaN,OFFLINE,NaN,NaN,NaN
463.0,392.8631730756034,0.0,0.10046855341056726,NaN,-0.22816482326735665,NaN,NaN,NaN,NaN,NaN,OFFLINE,NaN,NaN,NaN
464.0,392.85887109003437,0.0,0.10041852812359608,NaN,-0.22803138583854143,NaN,NaN,NaN,NaN,NaN,OFFLINE,NaN,NaN,NaN
465.0,392.85594162224476,0.0,0.10022282592732641,NaN,-0.22797169014670304,NaN,NaN,NaN,NaN,NaN,OFFLINE,NaN,NaN,NaN
466.0,392.85237523229443,0.0,0.09980625543950093,NaN,-0.22809986030859133,NaN,NaN,NaN,NaN,NaN,OFFLINE,NaN,NaN,NaN
467.0,392.8463244583736,0.0,0.1002419051011917,NaN,-0.22838429272264482,NaN,NaN,NaN,NaN,NaN,OFFLINE,NaN,NaN,NaN
468.0,392.8428865228886,0.0,0.09946814997234397,NaN,-0.22865643484720216,NaN,NaN,NaN,NaN,NaN,OFFLINE,NaN,NaN,NaN
469.0,392.83734521790615,0.0,0.10005351744074704,NaN,-0.22888468308070176,NaN,NaN,NaN,NaN,NaN,OFFLINE,NaN,NaN,NaN
470.0,392.83270159497897,0.0,0.09993873549395427,NaN,-0.22856337979816,NaN,NaN,NaN,NaN,NaN,OFFLINE,NaN,NaN,NaN
471.0,392.82710226108907,0.0,0.10018702050720388,NaN,-0.22858796037715223,NaN,NaN,NaN,NaN,NaN,OFFLINE,NaN,NaN,NaN
472.0,392.82229043734793,0.0,0.10036814478242367,NaN,-0.22885834674606728,NaN,NaN,NaN,NaN,NaN,OFFLINE,NaN,NaN,NaN
473.0,392.81697394868166,0.0,0.10015167544248293,NaN,-0.22911293131420163,NaN,NaN,NaN,NaN,NaN,OFFLINE,NaN,NaN,NaN
474.0,392.81274523358815,0.0,0.10014139417184775,NaN,-0.2294500363975242,NaN,NaN,NaN,NaN,NaN,OFFLINE,NaN,NaN,NaN
475.0,392.8076361158456,0.0,0.10146348373457183,NaN,-0.2296642385858854,NaN,NaN,NaN,NaN,NaN,OFFLINE,NaN,NaN,NaN
476.0,392.8019818174122,0.0,0.10220803187071961,NaN,-0.22990302135323892,NaN,NaN,NaN,NaN,NaN,OFFLINE,NaN,NaN,NaN
477.0,392.79991167917933,0.0,0.10247202011822296,NaN,-0.23016814045522704,NaN,NaN,NaN,NaN,NaN,OFFLINE,NaN,NaN,NaN
478.0,392.7927461803226,0.0,0.10259866900425633,NaN,-0.23020501132371549,NaN,NaN,NaN,NaN,NaN,OFFLINE,NaN,NaN,NaN
479.0,392.790356300701,0.0,0.10238358073052033,NaN,-0.23000485518049266,NaN,NaN,NaN,NaN,NaN,OFFLINE,NaN,NaN,NaN
480.0,392.7876581566746,0.0,0.10202394086068967,NaN,-0.23002241273691562,NaN,NaN,NaN,NaN,NaN,OFFLINE,NaN,NaN,NaN
481.0,392.78412022926756,0.0,0.10220583239491209,NaN,-0.2300030994248503,NaN,NaN,NaN,NaN,NaN,OFFLINE,NaN,NaN,NaN
482.0,392.78123502944834,0.0,0.10186322567493972,NaN,-0.22932362199127818,NaN,NaN,NaN,NaN,NaN,OFFLINE,NaN,NaN,NaN
483.0,392.778128730688,0.0,0.10178414684706912,NaN,-0.2293183547243512,NaN,NaN,NaN,NaN,NaN,OFFLINE,NaN,NaN,NaN
484.0,392.7764114968974,0.0,0.10234659884659378,NaN,-0.22937453890490486,NaN,NaN,NaN,NaN,NaN,OFFLINE,NaN,NaN,NaN
485.0,392.7741087789212,0.0,0.10162496617932441,NaN,-0.22919545182938972,NaN,NaN,NaN,NaN,NaN,OFFLINE,NaN,NaN,NaN
486.0,392.7738153134349,0.0,0.10144373960290427,NaN,-0.22919194031810516,NaN,NaN,NaN,NaN,NaN,OFFLINE,NaN,NaN,NaN
487.0,392.7740691179674,0.0,0.10098921536974893,NaN,-0.2289566690620363,NaN,NaN,NaN,NaN,NaN,OFFLINE,NaN,NaN,NaN
488.0,392.77722228633405,0.0,0.10096277050945844,NaN,-0.2287196420503251,NaN,NaN,NaN,NaN,NaN,OFFLINE,NaN,NaN,NaN
489.0,392.77467146320737,0.0,0.10159279245181432,NaN,-0.22885307947914033,NaN,NaN,NaN,NaN,NaN,OFFLINE,NaN,NaN,NaN
490.0,392.77241851604884,0.0,0.10174859717994747,NaN,-0.22853002044095613,NaN,NaN,NaN,NaN,NaN,OFFLINE,NaN,NaN,NaN
491.0,392.77159787576653,0.0,0.10145693645774943,NaN,-0.2286634578697713,NaN,NaN,NaN,NaN,NaN,OFFLINE,NaN,NaN,NaN
492.0,392.7704168886543,0.0,0.10207984846668099,NaN,-0.22915331369397443,NaN,NaN,NaN,NaN,NaN,OFFLINE,NaN,NaN,NaN
493.0,392.7716890891916,0.0,0.10181811084558534,NaN,-0.22905674713364757,NaN,NaN,NaN,NaN,NaN,OFFLINE,NaN,NaN,NaN
494.0,392.76978664947313,0.0,0.10138491641270299,NaN,-0.22900758597566304,NaN,NaN,NaN,NaN,NaN,OFFLINE,NaN,NaN,NaN
495.0,392.77072034140883,0.0,0.10148000537842837,NaN,-0.22890224063712475,NaN,NaN,NaN,NaN,NaN,OFFLINE,NaN,NaN,NaN
496.0,392.7692209003608,0.0,0.10085596805629296,NaN,-0.2286142967117868,NaN,NaN,NaN,NaN,NaN,OFFLINE,NaN,NaN,NaN
497.0,392.7692111606546,0.0,0.10131028768704761,NaN,-0.2286827711818368,NaN,NaN,NaN,NaN,NaN,OFFLINE,NaN,NaN,NaN
498.0,392.76887169610995,0.0,0.10173964582491683,NaN,-0.2287249093172521,NaN,NaN,NaN,NaN,NaN,OFFLINE,NaN,NaN,NaN
499.0,392.7682814608481,0.0,0.10135530021520164,NaN,-0.22877055896395213,NaN,NaN,NaN,NaN,NaN,OFFLINE,NaN,NaN,NaN
500.0,392.7704029454712,0.0,0.10143064504925946,NaN,-0.22931133170178203,NaN,NaN,NaN,NaN,NaN,OFFLINE,NaN,NaN,NaN
501.0,392.77249272337417,0.0,0.10196808440529853,NaN,-0.229018120509517,NaN,NaN,NaN,NaN,NaN,OFFLINE,NaN,NaN,NaN
502.0,392.77486417030264,0.0,0.10226158654910288,NaN,-0.22892330970483252,NaN,NaN,NaN,NaN,NaN,OFFLINE,NaN,NaN,NaN
503.0,392.77771268431843,0.0,0.10311078881320877,NaN,-0.22861956397871364,NaN,NaN,NaN,NaN,NaN,OFFLINE,NaN,NaN,NaN
504.0,392.78244105997106,0.0,0.10392566902459723,NaN,-0.22865292333591747,NaN,NaN,NaN,NaN,NaN,OFFLINE,NaN,NaN,NaN
505.0,392.7840625644429,0.0,0.10393098868701543,NaN,-0.2286862826931213,NaN,NaN,NaN,NaN,NaN,OFFLINE,NaN,NaN,NaN
506.0,392.78968153227515,0.0,0.1039341088736261,NaN,-0.22846330172654866,NaN,NaN,NaN,NaN,NaN,OFFLINE,NaN,NaN,NaN
507.0,392.79225156243103,0.0,0.10413129443730086,NaN,-0.22835268912108342,NaN,NaN,NaN,NaN,NaN,OFFLINE,NaN,NaN,NaN
508.0,392.796015629884,0.0,0.10480525474520709,NaN,-0.22833688732030266,NaN,NaN,NaN,NaN,NaN,OFFLINE,NaN,NaN,NaN
509.0,392.80290956541364,0.0,0.10519814250515153,NaN,-0.2280910815303799,NaN,NaN,NaN,NaN,NaN,OFFLINE,NaN,NaN,NaN
510.0,392.80848459250467,0.0,0.10527272008020672,NaN,-0.22802085130468766,NaN,NaN,NaN,NaN,NaN,OFFLINE,NaN,NaN,NaN
511.0,392.81375988612575,0.0,0.10518965150552247,NaN,-0.2280190955490453,NaN,NaN,NaN,NaN,NaN,OFFLINE,NaN,NaN,NaN
512.0,392.8193449866893,0.0,0.10464203318004855,NaN,-0.22789443689844158,NaN,NaN,NaN,NaN,NaN,OFFLINE,NaN,NaN,NaN
513.0,392.8239495682919,0.0,0.10431830103154077,NaN,-0.22839833876778312,NaN,NaN,NaN,NaN,NaN,OFFLINE,NaN,NaN,NaN
514.0,392.8260342583429,0.0,0.10365293402446395,NaN,-0.2281016160642335,NaN,NaN,NaN,NaN,NaN,OFFLINE,NaN,NaN,NaN
515.0,392.83208139692664,0.0,0.1038091479573985,NaN,-0.22814024268836422,NaN,NaN,NaN,NaN,NaN,OFFLINE,NaN,NaN,NaN
516.0,392.83718538388894,0.0,0.10447139477786466,NaN,-0.2285387992191676,NaN,NaN,NaN,NaN,NaN,OFFLINE,NaN,NaN,NaN
517.0,392.84279852210625,0.0,0.10404914657341975,NaN,-0.22849666108375224,NaN,NaN,NaN,NaN,NaN,OFFLINE,NaN,NaN,NaN
518.0,392.84715953354487,0.0,0.10352495522282601,NaN,-0.22851421864017532,NaN,NaN,NaN,NaN,NaN,OFFLINE,NaN,NaN,NaN
519.0,392.8522832708549,0.0,0.1034200964924672,NaN,-0.228616052467429,NaN,NaN,NaN,NaN,NaN,OFFLINE,NaN,NaN,NaN
520.0,392.8578388820027,0.0,0.10365006959085414,NaN,-0.22851773015145987,NaN,NaN,NaN,NaN,NaN,OFFLINE,NaN,NaN,NaN
521.0,392.8634486219751,0.0,0.10395027246328141,NaN,-0.22868803844876356,NaN,NaN,NaN,NaN,NaN,OFFLINE,NaN,NaN,NaN
522.0,392.8670505815275,0.0,0.10410571913721334,NaN,-0.22861254095614456,NaN,NaN,NaN,NaN,NaN,OFFLINE,NaN,NaN,NaN
523.0,392.87305487891126,0.0,0.10433845436800974,NaN,-0.22807352397395683,NaN,NaN,NaN,NaN,NaN,OFFLINE,NaN,NaN,NaN
524.0,392.878414130558,0.0,0.10457487244201874,NaN,-0.22825085529382955,NaN,NaN,NaN,NaN,NaN,OFFLINE,NaN,NaN,NaN
525.0,392.88158276757616,0.0,0.10469042164781414,NaN,-0.22825085529382952,NaN,NaN,NaN,NaN,NaN,OFFLINE,NaN,NaN,NaN
526.0,392.8858213416147,0.0,0.10437610120973856,NaN,-0.22818764809070666,NaN,NaN,NaN,NaN,NaN,OFFLINE,NaN,NaN,NaN
527.0,392.8882791109977,0.0,0.10509599475660197,NaN,-0.22820344989148736,NaN,NaN,NaN,NaN,NaN,OFFLINE,NaN,NaN,NaN
528.0,392.8921843677893,0.0,0.10442781446651553,NaN,-0.2278048933606841,NaN,NaN,NaN,NaN,NaN,OFFLINE,NaN,NaN,NaN
529.0,392.894594576369,0.0,0.10376040143543169,NaN,-0.22770657104471495,NaN,NaN,NaN,NaN,NaN,OFFLINE,NaN,NaN,NaN
530.0,392.89724132153043,0.0,0.10383042660707131,NaN,-0.22759069117232283,NaN,NaN,NaN,NaN,NaN,OFFLINE,NaN,NaN,NaN
531.0,392.8977177867493,0.0,0.10352643859023108,NaN,-0.22760824872874594,NaN,NaN,NaN,NaN,NaN,OFFLINE,NaN,NaN,NaN
532.0,392.9000013148803,0.0,0.10355232079391966,NaN,-0.22782069516146483,NaN,NaN,NaN,NaN,NaN,OFFLINE,NaN,NaN,NaN
533.0,392.90219453878194,0.0,0.10283876992147795,NaN,-0.22799978223697986,NaN,NaN,NaN,NaN,NaN,OFFLINE,NaN,NaN,NaN
534.0,392.9035114981335,0.0,0.1027724787436511,NaN,-0.22801909554904531,NaN,NaN,NaN,NaN,NaN,OFFLINE,NaN,NaN,NaN
535.0,392.9033666930129,0.0,0.10286030432415164,NaN,-0.22798749194748388,NaN,NaN,NaN,NaN,NaN,OFFLINE,NaN,NaN,NaN
536.0,392.90291475687206,0.0,0.10305477890601711,NaN,-0.22824558802690278,NaN,NaN,NaN,NaN,NaN,OFFLINE,NaN,NaN,NaN
537.0,392.9024884793759,0.0,0.10224327463424021,NaN,-0.2284000945234257,NaN,NaN,NaN,NaN,NaN,OFFLINE,NaN,NaN,NaN
538.0,392.90225551801876,0.0,0.10245672608877063,NaN,-0.22900407446437865,NaN,NaN,NaN,NaN,NaN,OFFLINE,NaN,NaN,NaN
539.0,392.9006047877769,0.0,0.1031252644330583,NaN,-0.22909537375777855,NaN,NaN,NaN,NaN,NaN,OFFLINE,NaN,NaN,NaN
540.0,392.89750819817397,0.0,0.1030347278707485,NaN,-0.22928675112278973,NaN,NaN,NaN,NaN,NaN,OFFLINE,NaN,NaN,NaN
541.0,392.898005617708,0.0,0.10313104445087809,NaN,-0.22951148784500472,NaN,NaN,NaN,NaN,NaN,OFFLINE,NaN,NaN,NaN
542.0,392.8969541912534,0.0,0.10236987236967342,NaN,-0.22940263099518168,NaN,NaN,NaN,NaN,NaN,OFFLINE,NaN,NaN,NaN
543.0,392.892572056619,0.0,0.10271611078225822,NaN,-0.22955538173606221,NaN,NaN,NaN,NaN,NaN,OFFLINE,NaN,NaN,NaN
544.0,392.8919112361183,0.0,0.10290321967769848,NaN,-0.22983103537190414,NaN,NaN,NaN,NaN,NaN,OFFLINE,NaN,NaN,NaN
545.0,392.89051692350057,0.0,0.10258076629419507,NaN,-0.2299925648909962,NaN,NaN,NaN,NaN,NaN,OFFLINE,NaN,NaN,NaN
546.0,392.8896288233793,0.0,0.10278864233330641,NaN,-0.22996271704507706,NaN,NaN,NaN,NaN,NaN,OFFLINE,NaN,NaN,NaN
547.0,392.88866694128353,0.0,0.10293068754999248,NaN,-0.23016462894394218,NaN,NaN,NaN,NaN,NaN,OFFLINE,NaN,NaN,NaN
548.0,392.88764761033775,0.0,0.10372858576212282,NaN,-0.23036829659844962,NaN,NaN,NaN,NaN,NaN,OFFLINE,NaN,NaN,NaN
549.0,392.88694339577154,0.0,0.10398132087758766,NaN,-0.2305596739634609,NaN,NaN,NaN,NaN,NaN,OFFLINE,NaN,NaN,NaN
550.0,392.88492220264607,0.0,0.1036917573299968,NaN,-0.23054738367396482,NaN,NaN,NaN,NaN,NaN,OFFLINE,NaN,NaN,NaN
551.0,392.8826526338964,0.0,0.10332572363514426,NaN,-0.23047364193698802,NaN,NaN,NaN,NaN,NaN,OFFLINE,NaN,NaN,NaN
552.0,392.87952750162134,0.0,0.10429881265287409,NaN,-0.23040867897822276,NaN,NaN,NaN,NaN,NaN,OFFLINE,NaN,NaN,NaN
553.0,392.87879749279745,0.0,0.10412868575669193,NaN,-0.23053158187318407,NaN,NaN,NaN,NaN,NaN,OFFLINE,NaN,NaN,NaN
554.0,392.8748317908883,0.0,0.1043514466204542,NaN,-0.23015058289880394,NaN,NaN,NaN,NaN,NaN,OFFLINE,NaN,NaN,NaN
555.0,392.87021433081463,0.0,0.10498770893603143,NaN,-0.230317379684823,NaN,NaN,NaN,NaN,NaN,OFFLINE,NaN,NaN,NaN
556.0,392.864787472145,0.0,0.1046757414255639,NaN,-0.23027348579376533,NaN,NaN,NaN,NaN,NaN,OFFLINE,NaN,NaN,NaN
557.0,392.8600995130363,0.0,0.1046247442771894,NaN,-0.23042096926771896,NaN,NaN,NaN,NaN,NaN,OFFLINE,NaN,NaN,NaN
558.0,392.8550234454131,0.0,0.10437364598093016,NaN,-0.23029455486147288,NaN,NaN,NaN,NaN,NaN,OFFLINE,NaN,NaN,NaN
559.0,392.85237099930737,0.0,0.10395814965570838,NaN,-0.2300856199400385,NaN,NaN,NaN,NaN,NaN,OFFLINE,NaN,NaN,NaN
560.0,392.8497877920905,0.0,0.10412372414847496,NaN,-0.22980469903726963,NaN,NaN,NaN,NaN,NaN,OFFLINE,NaN,NaN,NaN
561.0,392.8452801103919,0.0,0.10433676639820397,NaN,-0.229657215563316,NaN,NaN,NaN,NaN,NaN,OFFLINE,NaN,NaN,NaN
562.0,392.8422426711633,0.0,0.10379988969876681,NaN,-0.22964492527381986,NaN,NaN,NaN,NaN,NaN,OFFLINE,NaN,NaN,NaN
563.0,392.83831908124773,0.0,0.10395610363170137,NaN,-0.22960629864968912,NaN,NaN,NaN,NaN,NaN,OFFLINE,NaN,NaN,NaN
564.0,392.83696422113155,0.0,0.104117892980055,NaN,-0.2298503486839696,NaN,NaN,NaN,NaN,NaN,OFFLINE,NaN,NaN,NaN
565.0,392.83568426671343,0.0,0.10379318897014389,NaN,-0.22980118752598505,NaN,NaN,NaN,NaN,NaN,OFFLINE,NaN,NaN,NaN
566.0,392.83582284058895,0.0,0.10385559270235743,NaN,-0.22998203035714254,NaN,NaN,NaN,NaN,NaN,OFFLINE,NaN,NaN,NaN
567.0,392.83417994389464,0.0,0.10429073085804644,NaN,-0.22975904939056974,NaN,NaN,NaN,NaN,NaN,OFFLINE,NaN,NaN,NaN
568.0,392.83053266074484,0.0,0.1039664872035369,NaN,-0.2299398922217272,NaN,NaN,NaN,NaN,NaN,OFFLINE,NaN,NaN,NaN
569.0,392.8273009999996,0.0,0.10396178134832079,NaN,-0.23032791421867652,NaN,NaN,NaN,NaN,NaN,OFFLINE,NaN,NaN,NaN
570.0,392.82513315425985,0.0,0.10399206250362442,NaN,-0.23103021647559865,NaN,NaN,NaN,NaN,NaN,OFFLINE,NaN,NaN,NaN
571.0,392.8208759842605,0.0,0.10390137248951409,NaN,-0.23193443063138589,NaN,NaN,NaN,NaN,NaN,OFFLINE,NaN,NaN,NaN
572.0,392.8158379789925,0.0,0.1041238264496753,NaN,-0.23242779796687366,NaN,NaN,NaN,NaN,NaN,OFFLINE,NaN,NaN,NaN
573.0,392.8120482781779,0.0,0.10403257377896304,NaN,-0.23244711127893902,NaN,NaN,NaN,NaN,NaN,OFFLINE,NaN,NaN,NaN
574.0,392.8088415514979,0.0,0.1026766225189231,NaN,-0.23261741957624263,NaN,NaN,NaN,NaN,NaN,OFFLINE,NaN,NaN,NaN
575.0,392.80678371167886,0.0,0.10233641987715894,NaN,-0.23293872285878447,NaN,NaN,NaN,NaN,NaN,OFFLINE,NaN,NaN,NaN
576.0,392.80315275390177,0.0,0.10258132895079701,NaN,-0.23287024838873455,NaN,NaN,NaN,NaN,NaN,OFFLINE,NaN,NaN,NaN
577.0,392.80220341396335,0.0,0.1024447056977295,NaN,-0.23277192607276553,NaN,NaN,NaN,NaN,NaN,OFFLINE,NaN,NaN,NaN
578.0,392.802891727237,0.0,0.1030763133086908,NaN,-0.23235405622989683,NaN,NaN,NaN,NaN,NaN,OFFLINE,NaN,NaN,NaN
579.0,392.80046910719443,0.0,0.10301759241968986,NaN,-0.23200114934579344,NaN,NaN,NaN,NaN,NaN,OFFLINE,NaN,NaN,NaN
580.0,392.79875649997524,0.0,0.10286772116117701,NaN,-0.2317149611760977,NaN,NaN,NaN,NaN,NaN,OFFLINE,NaN,NaN,NaN
581.0,392.79947931588293,0.0,0.10216706023997942,NaN,-0.23099510136275253,NaN,NaN,NaN,NaN,NaN,OFFLINE,NaN,NaN,NaN
582.0,392.8012970672688,0.0,0.10184547641667897,NaN,-0.23067730959149535,NaN,NaN,NaN,NaN,NaN,OFFLINE,NaN,NaN,NaN
583.0,392.8032413914354,0.0,0.10219933626868986,NaN,-0.23047188618134568,NaN,NaN,NaN,NaN,NaN,OFFLINE,NaN,NaN,NaN
584.0,392.8042728280788,0.0,0.10300015006503017,NaN,-0.23008561994003848,NaN,NaN,NaN,NaN,NaN,OFFLINE,NaN,NaN,NaN
585.0,392.80480452449615,0.0,0.10318587789426573,NaN,-0.22973095730029297,NaN,NaN,NaN,NaN,NaN,OFFLINE,NaN,NaN,NaN
586.0,392.80703581468657,0.0,0.10308178642290952,NaN,-0.22987492926296194,NaN,NaN,NaN,NaN,NaN,OFFLINE,NaN,NaN,NaN
587.0,392.80910588470846,0.0,0.10322582651300242,NaN,-0.2300294357594848,NaN,NaN,NaN,NaN,NaN,OFFLINE,NaN,NaN,NaN
588.0,392.81011861234197,0.0,0.10271938442066941,NaN,-0.23002768000384252,NaN,NaN,NaN,NaN,NaN,OFFLINE,NaN,NaN,NaN
589.0,392.8136166059501,0.0,0.10321953498918089,NaN,-0.2302857760832614,NaN,NaN,NaN,NaN,NaN,OFFLINE,NaN,NaN,NaN
590.0,392.81760627250117,0.0,0.1032383584100453,NaN,-0.2303682965984497,NaN,NaN,NaN,NaN,NaN,OFFLINE,NaN,NaN,NaN
591.0,392.81887188355336,0.0,0.10317452246102686,NaN,-0.2305140243167611,NaN,NaN,NaN,NaN,NaN,OFFLINE,NaN,NaN,NaN
592.0,392.82278467003675,0.0,0.10297017581332761,NaN,-0.23053333762882647,NaN,NaN,NaN,NaN,NaN,OFFLINE,NaN,NaN,NaN
593.0,392.82628373489365,0.0,0.10272107239047519,NaN,-0.23092487113706045,NaN,NaN,NaN,NaN,NaN,OFFLINE,NaN,NaN,NaN
594.0,392.8291675189367,0.0,0.1028538081979294,NaN,-0.23095296322733735,NaN,NaN,NaN,NaN,NaN,OFFLINE,NaN,NaN,NaN
595.0,392.83455976620365,0.0,0.10274076537154259,NaN,-0.23087219846779128,NaN,NaN,NaN,NaN,NaN,OFFLINE,NaN,NaN,NaN
596.0,392.8370235426433,0.0,0.10280316910375613,NaN,-0.23055616245217628,NaN,NaN,NaN,NaN,NaN,OFFLINE,NaN,NaN,NaN
597.0,392.8382758115724,0.0,0.1024907923884872,NaN,-0.23038058688794574,NaN,NaN,NaN,NaN,NaN,OFFLINE,NaN,NaN,NaN
598.0,392.8430376913347,0.0,0.1022664458561195,NaN,-0.23058601029809553,NaN,NaN,NaN,NaN,NaN,OFFLINE,NaN,NaN,NaN
599.0,392.8456180498149,0.0,0.10146317683097078,NaN,-0.23031211241789598,NaN,NaN,NaN,NaN,NaN,OFFLINE,NaN,NaN,NaN
600.0,392.8498287981234,0.0,0.10129918800680962,NaN,-0.2302190573688538,NaN,NaN,NaN,NaN,NaN,OFFLINE,NaN,NaN,NaN
601.0,392.8547017160599,0.0,0.10174112919232191,NaN,-0.22972920154465076,NaN,NaN,NaN,NaN,NaN,OFFLINE,NaN,NaN,NaN
602.0,392.8598172224723,0.0,0.1024710994074198,NaN,-0.22948163999908572,NaN,NaN,NaN,NaN,NaN,OFFLINE,NaN,NaN,NaN
603.0,392.8635048754187,0.0,0.1021699758241894,NaN,-0.2292252996753092,NaN,NaN,NaN,NaN,NaN,OFFLINE,NaN,NaN,NaN
604.0,392.86838346554526,0.0,0.10213642103047457,NaN,-0.22930255292357063,NaN,NaN,NaN,NaN,NaN,OFFLINE,NaN,NaN,NaN
605.0,392.8733235372083,0.0,0.10238194391131472,NaN,-0.22940087523953964,NaN,NaN,NaN,NaN,NaN,OFFLINE,NaN,NaN,NaN
606.0,392.8780529956799,0.0,0.10179857131631848,NaN,-0.22924110147608978,NaN,NaN,NaN,NaN,NaN,OFFLINE,NaN,NaN,NaN
607.0,392.8852385682952,0.0,0.10207028330444826,NaN,-0.22914277916012077,NaN,NaN,NaN,NaN,NaN,OFFLINE,NaN,NaN,NaN
608.0,392.8880561507361,0.0,0.10261478144331147,NaN,-0.2289724708628172,NaN,NaN,NaN,NaN,NaN,OFFLINE,NaN,NaN,NaN
609.0,392.8914035620838,0.0,0.1024885417620795,NaN,-0.22913400038190926,NaN,NaN,NaN,NaN,NaN,OFFLINE,NaN,NaN,NaN
610.0,392.8933941895113,0.0,0.10224271197763829,NaN,-0.22904094533286706,NaN,NaN,NaN,NaN,NaN,OFFLINE,NaN,NaN,NaN
611.0,392.89652311882855,0.0,0.10259258208283552,NaN,-0.22916384822782843,NaN,NaN,NaN,NaN,NaN,OFFLINE,NaN,NaN,NaN
612.0,392.89925592135194,0.0,0.10294199183263117,NaN,-0.22970286521001615,NaN,NaN,NaN,NaN,NaN,OFFLINE,NaN,NaN,NaN
613.0,392.9024436509027,0.0,0.10305810369502849,NaN,-0.2297485148567161,NaN,NaN,NaN,NaN,NaN,OFFLINE,NaN,NaN,NaN
614.0,392.90525459329274,0.0,0.10330695136488002,NaN,-0.22999958791356587,NaN,NaN,NaN,NaN,NaN,OFFLINE,NaN,NaN,NaN
615.0,392.9056873472253,0.0,0.1030380015091597,NaN,-0.2302120343462848,NaN,NaN,NaN,NaN,NaN,OFFLINE,NaN,NaN,NaN
616.0,392.9076371373859,0.0,0.1030654693814537,NaN,-0.2306193696552995,NaN,NaN,NaN,NaN,NaN,OFFLINE,NaN,NaN,NaN
617.0,392.9078483463714,0.0,0.10322234827219053,NaN,-0.23091258084756447,NaN,NaN,NaN,NaN,NaN,OFFLINE,NaN,NaN,NaN
618.0,392.9119637488841,0.0,0.10294091767002748,NaN,-0.23120930355111402,NaN,NaN,NaN,NaN,NaN,OFFLINE,NaN,NaN,NaN
619.0,392.9141648979185,0.0,0.10347324196604905,NaN,-0.23079494521953,NaN,NaN,NaN,NaN,NaN,OFFLINE,NaN,NaN,NaN
620.0,392.91511382095206,0.0,0.10377119421206862,NaN,-0.23074402830590324,NaN,NaN,NaN,NaN,NaN,OFFLINE,NaN,NaN,NaN
621.0,392.91751392921435,0.0,0.10337170802470162,NaN,-0.23074051679461857,NaN,NaN,NaN,NaN,NaN,OFFLINE,NaN,NaN,NaN
622.0,392.9184100242416,0.0,0.10226792922352458,NaN,-0.23039287717744203,NaN,NaN,NaN,NaN,NaN,OFFLINE,NaN,NaN,NaN
623.0,392.9195322440401,0.0,0.10230654792665672,NaN,-0.23054913942960717,NaN,NaN,NaN,NaN,NaN,OFFLINE,NaN,NaN,NaN
624.0,392.91892837616456,0.0,0.10215074319852357,NaN,-0.23061410238837252,NaN,NaN,NaN,NaN,NaN,OFFLINE,NaN,NaN,NaN
625.0,392.9184923957007,0.0,0.10239785174796916,NaN,-0.23038936566615736,NaN,NaN,NaN,NaN,NaN,OFFLINE,NaN,NaN,NaN
626.0,392.9162426206891,0.0,0.10276961431004131,NaN,-0.23010844476338851,NaN,NaN,NaN,NaN,NaN,OFFLINE,NaN,NaN,NaN
627.0,392.91481441280155,0.0,0.10290802783411494,NaN,-0.22982401234933514,NaN,NaN,NaN,NaN,NaN,OFFLINE,NaN,NaN,NaN
628.0,392.9122287637449,0.0,0.10295232425386652,NaN,-0.2295501144691356,NaN,NaN,NaN,NaN,NaN,OFFLINE,NaN,NaN,NaN
629.0,392.91082541598365,0.0,0.10325201562029204,NaN,-0.22980118752598522,NaN,NaN,NaN,NaN,NaN,OFFLINE,NaN,NaN,NaN
630.0,392.908145316962,0.0,0.10355319035412264,NaN,-0.22984683717268514,NaN,NaN,NaN,NaN,NaN,OFFLINE,NaN,NaN,NaN
631.0,392.9038940567065,0.0,0.10443824918895123,NaN,-0.23011371203031558,NaN,NaN,NaN,NaN,NaN,OFFLINE,NaN,NaN,NaN
632.0,392.9005156923194,0.0,0.10509875688901144,NaN,-0.23005577209411937,NaN,NaN,NaN,NaN,NaN,OFFLINE,NaN,NaN,NaN
633.0,392.89735441183205,0.0,0.10559793559611957,NaN,-0.22950797633372008,NaN,NaN,NaN,NaN,NaN,OFFLINE,NaN,NaN,NaN
634.0,392.8933501972812,0.0,0.10513947276675076,NaN,-0.22929904141228566,NaN,NaN,NaN,NaN,NaN,OFFLINE,NaN,NaN,NaN
635.0,392.8909851777857,0.0,0.1050160463685284,NaN,-0.2292375899648051,NaN,NaN,NaN,NaN,NaN,OFFLINE,NaN,NaN,NaN
636.0,392.89036331547095,0.0,0.10532780927659523,NaN,-0.22895315755075177,NaN,NaN,NaN,NaN,NaN,OFFLINE,NaN,NaN,NaN
637.0,392.8872178561472,0.0,0.10516699178964492,NaN,-0.22896193632896328,NaN,NaN,NaN,NaN,NaN,OFFLINE,NaN,NaN,NaN
638.0,392.88249171961013,0.0,0.10534699075166086,NaN,-0.22883376616707493,NaN,NaN,NaN,NaN,NaN,OFFLINE,NaN,NaN,NaN
639.0,392.87699719646787,0.0,0.10506888493850922,NaN,-0.22861429671178676,NaN,NaN,NaN,NaN,NaN,OFFLINE,NaN,NaN,NaN
640.0,392.8726384828093,0.0,0.10458597212225672,NaN,-0.22839833876778323,NaN,NaN,NaN,NaN,NaN,OFFLINE,NaN,NaN,NaN
641.0,392.8686774285888,0.0,0.10433016797078139,NaN,-0.22793481927821466,NaN,NaN,NaN,NaN,NaN,OFFLINE,NaN,NaN,NaN
642.0,392.86464270318635,0.0,0.10441200893106144,NaN,-0.22821749593662585,NaN,NaN,NaN,NaN,NaN,OFFLINE,NaN,NaN,NaN
643.0,392.85780199492245,0.0,0.10422755986683027,NaN,-0.22837375818879097,NaN,NaN,NaN,NaN,NaN,OFFLINE,NaN,NaN,NaN
644.0,392.85411737770045,0.0,0.10474740341640913,NaN,-0.22823680924869114,NaN,NaN,NaN,NaN,NaN,OFFLINE,NaN,NaN,NaN
645.0,392.8484649935248,0.0,0.10456679064719109,NaN,-0.22804543188367993,NaN,NaN,NaN,NaN,NaN,OFFLINE,NaN,NaN,NaN
646.0,392.840467437976,0.0,0.10337728344012069,NaN,-0.2281911596019912,NaN,NaN,NaN,NaN,NaN,OFFLINE,NaN,NaN,NaN
647.0,392.83489162619344,0.0,0.10250148286392378,NaN,-0.22793130776693007,NaN,NaN,NaN,NaN,NaN,OFFLINE,NaN,NaN,NaN
648.0,392.8312601155511,0.0,0.10246209690178901,NaN,-0.22758015663846903,NaN,NaN,NaN,NaN,NaN,OFFLINE,NaN,NaN,NaN
649.0,392.82679752753313,0.0,0.10255877153611982,NaN,-0.22776451098091105,NaN,NaN,NaN,NaN,NaN,OFFLINE,NaN,NaN,NaN
650.0,392.8220495160291,0.0,0.10240158574178194,NaN,-0.22768725773264958,NaN,NaN,NaN,NaN,NaN,OFFLINE,NaN,NaN,NaN
651.0,392.81722700572345,0.0,0.10200767496983401,NaN,-0.2277451976688457,NaN,NaN,NaN,NaN,NaN,OFFLINE,NaN,NaN,NaN
652.0,392.81172777825185,0.0,0.10180460708713913,NaN,-0.22720793644230022,NaN,NaN,NaN,NaN,NaN,OFFLINE,NaN,NaN,NaN
653.0,392.80956776224116,0.0,0.10182818751381982,NaN,-0.22703762814499664,NaN,NaN,NaN,NaN,NaN,OFFLINE,NaN,NaN,NaN
654.0,392.80493960605617,0.0,0.10155084895967079,NaN,-0.22706045296834668,NaN,NaN,NaN,NaN,NaN,OFFLINE,NaN,NaN,NaN
655.0,392.8009074198063,0.0,0.1017677786550131,NaN,-0.22689365618232754,NaN,NaN,NaN,NaN,NaN,OFFLINE,NaN,NaN,NaN
656.0,392.79851613823547,0.0,0.10280347600735718,NaN,-0.22655128383207804,NaN,NaN,NaN,NaN,NaN,OFFLINE,NaN,NaN,NaN
657.0,392.79414499355926,0.0,0.10315119778734705,NaN,-0.22656181836593192,NaN,NaN,NaN,NaN,NaN,OFFLINE,NaN,NaN,NaN
658.0,392.78992212572604,0.0,0.10335037822442862,NaN,-0.2265705971441434,NaN,NaN,NaN,NaN,NaN,OFFLINE,NaN,NaN,NaN
659.0,392.78705917675967,0.0,0.10352183503621534,NaN,-0.22616501759077093,NaN,NaN,NaN,NaN,NaN,OFFLINE,NaN,NaN,NaN
660.0,392.7855104066195,0.0,0.10309411371755171,NaN,-0.22625982839545541,NaN,NaN,NaN,NaN,NaN,OFFLINE,NaN,NaN,NaN
661.0,392.78457626676806,0.0,0.10359303667165898,NaN,-0.22621593450439778,NaN,NaN,NaN,NaN,NaN,OFFLINE,NaN,NaN,NaN
662.0,392.7820953740747,0.0,0.10260746690748644,NaN,-0.2264968554071666,NaN,NaN,NaN,NaN,NaN,OFFLINE,NaN,NaN,NaN
663.0,392.7804245152279,0.0,0.10212793003084551,NaN,-0.22676899753172391,NaN,NaN,NaN,NaN,NaN,OFFLINE,NaN,NaN,NaN
664.0,392.7784086265058,0.0,0.10230608757125516,NaN,-0.22655479534336262,NaN,NaN,NaN,NaN,NaN,OFFLINE,NaN,NaN,NaN
665.0,392.7762808700804,0.0,0.1022560111336838,NaN,-0.22666891946011256,NaN,NaN,NaN,NaN,NaN,OFFLINE,NaN,NaN,NaN
666.0,392.7733090814981,0.0,0.10185995203652852,NaN,-0.22688663315975846,NaN,NaN,NaN,NaN,NaN,OFFLINE,NaN,NaN,NaN
667.0,392.7726700370896,0.0,0.10149524825728053,NaN,-0.22707801052476978,NaN,NaN,NaN,NaN,NaN,OFFLINE,NaN,NaN,NaN
668.0,392.77182709347954,0.0,0.10089939491584157,NaN,-0.22741335985245004,NaN,NaN,NaN,NaN,NaN,OFFLINE,NaN,NaN,NaN
669.0,392.7714622703279,0.0,0.10018712280840424,NaN,-0.22791901747743407,NaN,NaN,NaN,NaN,NaN,OFFLINE,NaN,NaN,NaN
670.0,392.77058531267113,0.0,0.10087693980236473,NaN,-0.2279137502105071,NaN,NaN,NaN,NaN,NaN,OFFLINE,NaN,NaN,NaN
671.0,392.77118952924,0.0,0.10013239166621694,NaN,-0.22783122969531885,NaN,NaN,NaN,NaN,NaN,OFFLINE,NaN,NaN,NaN
672.0,392.77367284421865,0.0,0.10096190094925546,NaN,-0.22769076924393447,NaN,NaN,NaN,NaN,NaN,OFFLINE,NaN,NaN,NaN
673.0,392.7727292136706,0.0,0.1010705959746274,NaN,-0.22747129978864633,NaN,NaN,NaN,NaN,NaN,OFFLINE,NaN,NaN,NaN
674.0,392.77373754846815,0.0,0.10089228498241724,NaN,-0.22742916165323102,NaN,NaN,NaN,NaN,NaN,OFFLINE,NaN,NaN,NaN
675.0,392.77395890260857,0.0,0.10073397387487551,NaN,-0.2275661105933308,NaN,NaN,NaN,NaN,NaN,OFFLINE,NaN,NaN,NaN
676.0,392.777523734632,0.0,0.10093898548037704,NaN,-0.22783122969531877,NaN,NaN,NaN,NaN,NaN,OFFLINE,NaN,NaN,NaN
677.0,392.7824953026533,0.0,0.10112711738782082,NaN,-0.22762053901824203,NaN,NaN,NaN,NaN,NaN,OFFLINE,NaN,NaN,NaN
678.0,392.7847792786998,0.0,0.1016135084448852,NaN,-0.22735366416061167,NaN,NaN,NaN,NaN,NaN,OFFLINE,NaN,NaN,NaN
679.0,392.7866384765119,0.0,0.10194450397861785,NaN,-0.226958619141093,NaN,NaN,NaN,NaN,NaN,OFFLINE,NaN,NaN,NaN
680.0,392.7906694263363,0.0,0.10185110298269823,NaN,-0.2270253378555006,NaN,NaN,NaN,NaN,NaN,OFFLINE,NaN,NaN,NaN
681.0,392.79294357872885,0.0,0.10228465546978181,NaN,-0.22700251303215066,NaN,NaN,NaN,NaN,NaN,OFFLINE,NaN,NaN,NaN
682.0,392.79573864175234,0.0,0.10255877153611982,NaN,-0.22716053103995806,NaN,NaN,NaN,NaN,NaN,OFFLINE,NaN,NaN,NaN
683.0,392.8000343550569,0.0,0.10217826222141775,NaN,-0.22718862313023488,NaN,NaN,NaN,NaN,NaN,OFFLINE,NaN,NaN,NaN
684.0,392.8055817686892,0.0,0.10198834004296785,NaN,-0.22725358608900023,NaN,NaN,NaN,NaN,NaN,OFFLINE,NaN,NaN,NaN
685.0,392.80906884245945,0.0,0.10240117653698054,NaN,-0.22712892743839652,NaN,NaN,NaN,NaN,NaN,OFFLINE,NaN,NaN,NaN
686.0,392.8136777057586,0.0,0.10241350383162272,NaN,-0.22708152203605425,NaN,NaN,NaN,NaN,NaN,OFFLINE,NaN,NaN,NaN
687.0,392.8151450489267,0.0,0.10284362922849458,NaN,-0.2272254939987234,NaN,NaN,NaN,NaN,NaN,OFFLINE,NaN,NaN,NaN
688.0,392.8197321150163,0.0,0.10268639228355653,NaN,-0.22748534583378455,NaN,NaN,NaN,NaN,NaN,OFFLINE,NaN,NaN,NaN
689.0,392.8241803248389,0.0,0.10322004649518264,NaN,-0.22747305554428843,NaN,NaN,NaN,NaN,NaN,OFFLINE,NaN,NaN,NaN
690.0,392.8292520380415,0.0,0.10357411094959422,NaN,-0.22697793245315834,NaN,NaN,NaN,NaN,NaN,OFFLINE,NaN,NaN,NaN
691.0,392.83292441314313,0.0,0.1032613250295239,NaN,-0.2268673198476931,NaN,NaN,NaN,NaN,NaN,OFFLINE,NaN,NaN,NaN
692.0,392.83696910053123,0.0,0.10352388106022234,NaN,-0.22650036691845138,NaN,NaN,NaN,NaN,NaN,OFFLINE,NaN,NaN,NaN
693.0,392.8394437328782,0.0,0.10432300688675689,NaN,-0.2262650956623824,NaN,NaN,NaN,NaN,NaN,OFFLINE,NaN,NaN,NaN
694.0,392.8428433296916,0.0,0.10433374851279363,NaN,-0.2263581507114247,NaN,NaN,NaN,NaN,NaN,OFFLINE,NaN,NaN,NaN
695.0,392.84894071992846,0.0,0.10383323989008093,NaN,-0.22651792447487434,NaN,NaN,NaN,NaN,NaN,OFFLINE,NaN,NaN,NaN
696.0,392.8528802984411,0.0,0.10393605259643275,NaN,-0.2259016542444252,NaN,NaN,NaN,NaN,NaN,OFFLINE,NaN,NaN,NaN
697.0,392.85764862935656,0.0,0.10398265079319222,NaN,-0.22571203263505632,NaN,NaN,NaN,NaN,NaN,OFFLINE,NaN,NaN,NaN
698.0,392.86248862370263,0.0,0.10320475246573031,NaN,-0.22532752214939136,NaN,NaN,NaN,NaN,NaN,OFFLINE,NaN,NaN,NaN
699.0,392.8668971997635,0.0,0.10260659734728347,NaN,-0.22546973835641812,NaN,NaN,NaN,NaN,NaN,OFFLINE,NaN,NaN,NaN
700.0,392.8689138811613,0.0,0.10248424511166479,NaN,-0.22572783443583708,NaN,NaN,NaN,NaN,NaN,OFFLINE,NaN,NaN,NaN
701.0,392.8718003717902,0.0,0.10313528995069261,NaN,-0.22561019880780264,NaN,NaN,NaN,NaN,NaN,OFFLINE,NaN,NaN,NaN
702.0,392.8748678935099,0.0,0.10314413900452289,NaN,-0.22582440099616394,NaN,NaN,NaN,NaN,NaN,OFFLINE,NaN,NaN,NaN
703.0,392.8787158044921,0.0,0.10289258035286208,NaN,-0.22634937193321325,NaN,NaN,NaN,NaN,NaN,OFFLINE,NaN,NaN,NaN
704.0,392.8823851965177,0.0,0.10287524029940275,NaN,-0.22624051508339024,NaN,NaN,NaN,NaN,NaN,OFFLINE,NaN,NaN,NaN
705.0,392.79408569067266,0.0,0.11835888502658647,NaN,-0.22589463122185613,NaN,NaN,NaN,NaN,NaN,OFFLINE,NaN,NaN,NaN
706.0,392.482207532725,0.0,0.18869720064047799,NaN,-0.22597539598140212,NaN,NaN,NaN,NaN,NaN,OFFLINE,NaN,NaN,NaN
707.0,392.464015750341,0.0,0.2507946430601699,NaN,-0.22606845103044435,NaN,NaN,NaN,NaN,NaN,OFFLINE,NaN,NaN,NaN
708.0,392.35134546632355,0.0,0.3374498466780963,NaN,-0.22612990247792505,NaN,NaN,NaN,NaN,NaN,OFFLINE,NaN,NaN,NaN
709.0,392.36793959973494,0.0,0.4119195962681252,NaN,-0.22612990247792494,NaN,NaN,NaN,NaN,NaN,OFFLINE,NaN,NaN,NaN
710.0,392.2992053598041,0.0,0.49781373010604735,NaN,-0.22597890749268668,NaN,NaN,NaN,NaN,NaN,OFFLINE,NaN,NaN,NaN
711.0,392.3059836349184,0.0,0.5756754294454842,NaN,-0.22552767829261422,NaN,NaN,NaN,NaN,NaN,OFFLINE,NaN,NaN,NaN
712.0,392.25332784865043,0.0,0.6608346314600928,NaN,-0.22516072536337248,NaN,NaN,NaN,NaN,NaN,OFFLINE,NaN,NaN,NaN
713.0,392.24083314817995,0.0,0.7390867121800657,NaN,-0.22482186452440767,NaN,NaN,NaN,NaN,NaN,OFFLINE,NaN,NaN,NaN
714.0,392.1810918732186,0.0,0.8274320339289769,NaN,-0.22447773641851587,NaN,NaN,NaN,NaN,NaN,OFFLINE,NaN,NaN,NaN
715.0,392.27484779483336,0.0,0.8882737291143729,NaN,-0.2246146853586157,NaN,NaN,NaN,NaN,NaN,OFFLINE,NaN,NaN,NaN
716.0,392.50221710635924,0.0,0.90707520637131,NaN,-0.22450934002007733,NaN,NaN,NaN,NaN,NaN,OFFLINE,NaN,NaN,NaN
717.0,392.53807285823535,0.0,0.9209566608492115,NaN,-0.22439697165896985,NaN,NaN,NaN,NaN,NaN,OFFLINE,NaN,NaN,NaN
718.0,392.5607066549906,0.0,0.923125241694232,NaN,-0.22431620689942383,NaN,NaN,NaN,NaN,NaN,OFFLINE,NaN,NaN,NaN
719.0,392.5163691006101,0.0,0.9282267979532893,NaN,-0.22437414683561993,NaN,NaN,NaN,NaN,NaN,OFFLINE,NaN,NaN,NaN
720.0,392.48936225870455,0.0,0.9324121446620112,NaN,-0.22422315185038172,NaN,NaN,NaN,NaN,NaN,OFFLINE,NaN,NaN,NaN
721.0,392.4324247946619,0.0,0.9423782252989144,NaN,-0.22462170838118503,NaN,NaN,NaN,NaN,NaN,OFFLINE,NaN,NaN,NaN
722.0,392.38950881690846,0.0,0.9514597074563903,NaN,-0.22466735802788493,NaN,NaN,NaN,NaN,NaN,OFFLINE,NaN,NaN,NaN
723.0,392.3085680808126,0.0,0.9725837800154752,NaN,-0.22436536805740834,NaN,NaN,NaN,NaN,NaN,OFFLINE,NaN,NaN,NaN
724.0,392.28853929020687,0.0,0.9847801802718101,NaN,-0.22460766233604645,NaN,NaN,NaN,NaN,NaN,OFFLINE,NaN,NaN,NaN
725.0,392.18942119212824,0.0,1.0143081429878524,NaN,-0.22434429898970054,NaN,NaN,NaN,NaN,NaN,OFFLINE,NaN,NaN,NaN
726.0,392.2005621335765,0.0,1.032119344625401,NaN,-0.22438994863640047,NaN,NaN,NaN,NaN,NaN,OFFLINE,NaN,NaN,NaN
727.0,392.10470722677087,0.0,1.062573644710613,NaN,-0.22446895764030417,NaN,NaN,NaN,NaN,NaN,OFFLINE,NaN,NaN,NaN
728.0,392.1147057323411,0.0,1.0833243690390206,NaN,-0.2248569796372537,NaN,NaN,NaN,NaN,NaN,OFFLINE,NaN,NaN,NaN
729.0,392.07450973222706,0.0,1.1111803720871418,NaN,-0.2248622469041806,NaN,NaN,NaN,NaN,NaN,OFFLINE,NaN,NaN,NaN
730.0,392.0905670098598,0.0,1.129924867575484,NaN,-0.2252871397696185,NaN,NaN,NaN,NaN,NaN,OFFLINE,NaN,NaN,NaN
731.0,392.0592874541312,0.0,1.150636001339356,NaN,-0.225675161766568,NaN,NaN,NaN,NaN,NaN,OFFLINE,NaN,NaN,NaN
732.0,392.0762425808648,0.0,1.16626281659643,NaN,-0.22597539598140215,NaN,NaN,NaN,NaN,NaN,OFFLINE,NaN,NaN,NaN
733.0,392.08863160814144,0.0,1.1779331329299647,NaN,-0.2260789855642982,NaN,NaN,NaN,NaN,NaN,OFFLINE,NaN,NaN,NaN
734.0,392.0925637425306,0.0,1.1866766630720844,NaN,-0.22601051109424833,NaN,NaN,NaN,NaN,NaN,OFFLINE,NaN,NaN,NaN
735.0,392.093208058187,0.0,1.1935286951703314,NaN,-0.22640028884684013,NaN,NaN,NaN,NaN,NaN,OFFLINE,NaN,NaN,NaN
736.0,392.09283934859974,0.0,1.1960641792704079,NaN,-0.2267637302647973,NaN,NaN,NaN,NaN,NaN,OFFLINE,NaN,NaN,NaN
737.0,392.0798381283676,0.0,1.2009950971272811,NaN,-0.22687785438154706,NaN,NaN,NaN,NaN,NaN,OFFLINE,NaN,NaN,NaN
738.0,392.0863598232905,0.0,1.202637440597701,NaN,-0.2270200705885738,NaN,NaN,NaN,NaN,NaN,OFFLINE,NaN,NaN,NaN
739.0,392.06212157888393,0.0,1.207618230289745,NaN,-0.22689541193797003,NaN,NaN,NaN,NaN,NaN,OFFLINE,NaN,NaN,NaN
740.0,392.0774662038805,0.0,1.208613007161949,NaN,-0.22669174428346262,NaN,NaN,NaN,NaN,NaN,OFFLINE,NaN,NaN,NaN
741.0,392.08267807562464,0.0,1.211473706777938,NaN,-0.22656006261028971,NaN,NaN,NaN,NaN,NaN,OFFLINE,NaN,NaN,NaN
742.0,392.0934584801306,0.0,1.2115733992976792,NaN,-0.22648807662895518,NaN,NaN,NaN,NaN,NaN,OFFLINE,NaN,NaN,NaN
743.0,392.09858135458853,0.0,1.2130563063473536,NaN,-0.22664960614804733,NaN,NaN,NaN,NaN,NaN,OFFLINE,NaN,NaN,NaN
744.0,392.1193615810108,0.0,1.214266324945094,NaN,-0.2269656421636623,NaN,NaN,NaN,NaN,NaN,OFFLINE,NaN,NaN,NaN
745.0,392.14360135573975,0.0,1.213554462042458,NaN,-0.22694457309595464,NaN,NaN,NaN,NaN,NaN,OFFLINE,NaN,NaN,NaN
746.0,392.17105150798966,0.0,1.2135610093192806,NaN,-0.22690945798310858,NaN,NaN,NaN,NaN,NaN,OFFLINE,NaN,NaN,NaN
747.0,392.19979090169704,0.0,1.2141875018702244,NaN,-0.227130683194039,NaN,NaN,NaN,NaN,NaN,OFFLINE,NaN,NaN,NaN
748.0,392.2237518910164,0.0,1.2139963520773702,NaN,-0.2267725090430086,NaN,NaN,NaN,NaN,NaN,OFFLINE,NaN,NaN,NaN
749.0,392.2583912920056,0.0,1.2139511349468155,NaN,-0.2269445730959545,NaN,NaN,NaN,NaN,NaN,OFFLINE,NaN,NaN,NaN
750.0,392.2632518869369,0.0,1.2163485124264193,NaN,-0.22696388640801987,NaN,NaN,NaN,NaN,NaN,OFFLINE,NaN,NaN,NaN
751.0,392.1662754621705,0.0,1.2395901686821502,NaN,-0.22704640692320818,NaN,NaN,NaN,NaN,NaN,OFFLINE,NaN,NaN,NaN
752.0,392.14200965690065,0.0,1.2683691843104294,NaN,-0.2272588533559272,NaN,NaN,NaN,NaN,NaN,OFFLINE,NaN,NaN,NaN
753.0,392.0626626731949,0.0,1.3161456351449166,NaN,-0.2272570976002849,NaN,NaN,NaN,NaN,NaN,OFFLINE,NaN,NaN,NaN
754.0,391.9638436650294,0.0,1.3809646986987218,NaN,-0.22746252101043457,NaN,NaN,NaN,NaN,NaN,OFFLINE,NaN,NaN,NaN
755.0,391.8512900573903,0.0,1.467783686538409,NaN,-0.22732557207033482,NaN,NaN,NaN,NaN,NaN,OFFLINE,NaN,NaN,NaN
756.0,391.7427844432879,0.0017481021386643307,1.5747154995717207,NaN,-0.22702533785550066,NaN,NaN,NaN,NaN,NaN,OFFLINE,NaN,NaN,NaN
757.0,391.635859209492,0.004539603977591849,1.701842234511938,NaN,-0.22678479933250478,NaN,NaN,NaN,NaN,NaN,OFFLINE,NaN,NaN,NaN
758.0,391.5173128439487,0.007816162507406153,1.849882352689119,NaN,-0.22675143997530098,NaN,NaN,NaN,NaN,NaN,OFFLINE,NaN,NaN,NaN
759.0,391.40552621623857,0.011578213495857328,2.0162059459952646,NaN,-0.2268058684002124,NaN,NaN,NaN,NaN,NaN,OFFLINE,NaN,NaN,NaN
760.0,391.29523845467327,0.015753778935435437,2.2023069700096842,NaN,-0.22690419071618148,NaN,NaN,NaN,NaN,NaN,OFFLINE,NaN,NaN,NaN
761.0,391.28309590595615,0.020074521649969958,2.3890519289297067,NaN,-0.22695335187416615,NaN,NaN,NaN,NaN,NaN,OFFLINE,NaN,NaN,NaN
762.0,391.18661747756965,0.02463173498310354,2.591404726234138,NaN,-0.22689541193797003,NaN,NaN,NaN,NaN,NaN,OFFLINE,NaN,NaN,NaN
763.0,391.1611973071829,0.029354065435248353,2.7903522746331175,NaN,-0.22695510762980842,NaN,NaN,NaN,NaN,NaN,OFFLINE,NaN,NaN,NaN
764.0,391.1190173769213,0.03415690744870971,2.9951872571122427,NaN,-0.22676548602043942,NaN,NaN,NaN,NaN,NaN,OFFLINE,NaN,NaN,NaN
765.0,391.12415673188286,0.038981884798520876,3.1946131147734596,NaN,-0.22665662917061657,NaN,NaN,NaN,NaN,NaN,OFFLINE,NaN,NaN,NaN
766.0,391.0747787509439,0.043802743171636974,3.3957609573895686,NaN,-0.2267251036406665,NaN,NaN,NaN,NaN,NaN,OFFLINE,NaN,NaN,NaN
767.0,391.0360390985904,0.04860491765551937,3.5919372174216653,NaN,-0.226653117659332,NaN,NaN,NaN,NaN,NaN,OFFLINE,NaN,NaN,NaN
768.0,391.0000876240553,0.05338665130121391,3.78781189351513,NaN,-0.2270235820998584,NaN,NaN,NaN,NaN,NaN,OFFLINE,NaN,NaN,NaN
769.0,390.96024549255253,0.05814659378381344,3.980136155299846,NaN,-0.22698495547572758,NaN,NaN,NaN,NaN,NaN,OFFLINE,NaN,NaN,NaN
770.0,390.9148192725615,0.06288126173690811,4.170722626594215,NaN,-0.22730450300262722,NaN,NaN,NaN,NaN,NaN,OFFLINE,NaN,NaN,NaN
771.0,390.89829744138615,0.06754281091468847,4.351340357420472,NaN,-0.2275116821684192,NaN,NaN,NaN,NaN,NaN,OFFLINE,NaN,NaN,NaN
772.0,390.8692053339562,0.07207916984661022,4.526061344757352,NaN,-0.2275608433264038,NaN,NaN,NaN,NaN,NaN,OFFLINE,NaN,NaN,NaN
773.0,390.83128700004784,0.07647073869848728,4.694555922986725,NaN,-0.22746778827736164,NaN,NaN,NaN,NaN,NaN,OFFLINE,NaN,NaN,NaN
774.0,390.7872990616987,0.08072899592592774,4.8573844469335095,NaN,-0.2273589314275387,NaN,NaN,NaN,NaN,NaN,OFFLINE,NaN,NaN,NaN
775.0,390.72325044604406,0.08485243299535081,5.012291635485387,NaN,-0.22749236885635388,NaN,NaN,NaN,NaN,NaN,OFFLINE,NaN,NaN,NaN
776.0,390.6996555138554,0.08878959739295296,5.156261137750038,NaN,-0.227441451942727,NaN,NaN,NaN,NaN,NaN,OFFLINE,NaN,NaN,NaN
777.0,390.6917632688545,0.09246083937834992,5.288332498907975,NaN,-0.22794710956771091,NaN,NaN,NaN,NaN,NaN,OFFLINE,NaN,NaN,NaN
778.0,390.67548278773427,0.09582212836744332,5.403182680601382,NaN,-0.2281542887335029,NaN,NaN,NaN,NaN,NaN,OFFLINE,NaN,NaN,NaN
779.0,390.6758870580871,0.09883823656224547,5.499595730762898,NaN,-0.22850192835067934,NaN,NaN,NaN,NaN,NaN,OFFLINE,NaN,NaN,NaN
780.0,390.6604091733884,0.10149574814479433,5.577025821338057,NaN,-0.22842467510241798,NaN,NaN,NaN,NaN,NaN,OFFLINE,NaN,NaN,NaN
781.0,390.6380939712312,0.10381207439595802,5.639754564465109,NaN,-0.2285984949110062,NaN,NaN,NaN,NaN,NaN,OFFLINE,NaN,NaN,NaN
782.0,390.63327436372947,0.1058287520315327,5.688224310534368,NaN,-0.22876880320830978,NaN,NaN,NaN,NaN,NaN,OFFLINE,NaN,NaN,NaN
783.0,390.6196728313565,0.10755977280456411,5.721946213259961,NaN,-0.2291866730511784,NaN,NaN,NaN,NaN,NaN,OFFLINE,NaN,NaN,NaN
784.0,390.62762807174386,0.10898003704776554,5.739275115888459,NaN,-0.22964668102946237,NaN,NaN,NaN,NaN,NaN,OFFLINE,NaN,NaN,NaN
785.0,390.64495502670144,0.1100966419467227,5.743607622873885,NaN,-0.22998729762406955,NaN,NaN,NaN,NaN,NaN,OFFLINE,NaN,NaN,NaN
786.0,390.64005660211507,0.1109558219046014,5.738175224532895,NaN,-0.2302190573688538,NaN,NaN,NaN,NaN,NaN,OFFLINE,NaN,NaN,NaN
787.0,390.60660355476256,0.11163585690774322,5.722042120635289,NaN,-0.23011722354160014,NaN,NaN,NaN,NaN,NaN,OFFLINE,NaN,NaN,NaN
788.0,390.62025972196244,0.11217679317970373,5.70167093376018,NaN,-0.2298907310637428,NaN,NaN,NaN,NaN,NaN,OFFLINE,NaN,NaN,NaN
789.0,390.6170380596216,0.11261274134318776,5.680314688626901,NaN,-0.2297608051462122,NaN,NaN,NaN,NaN,NaN,OFFLINE,NaN,NaN,NaN
790.0,390.64209296910377,0.11296273778745604,5.6547947334887745,NaN,-0.2300891314513233,NaN,NaN,NaN,NaN,NaN,OFFLINE,NaN,NaN,NaN
791.0,390.64990497778916,0.11325262603812039,5.629151812307827,NaN,-0.22992760193223122,NaN,NaN,NaN,NaN,NaN,OFFLINE,NaN,NaN,NaN
792.0,390.67857402688605,0.11348541483556986,5.599496228844347,NaN,-0.23001538971434646,NaN,NaN,NaN,NaN,NaN,OFFLINE,NaN,NaN,NaN
793.0,390.6906934314641,0.11367033718248375,5.570418084506246,NaN,-0.22995218251122346,NaN,NaN,NaN,NaN,NaN,OFFLINE,NaN,NaN,NaN
794.0,390.7490697665598,0.11381874108170428,5.539875754238132,NaN,-0.2298064547929121,NaN,NaN,NaN,NaN,NaN,OFFLINE,NaN,NaN,NaN
795.0,390.77986570641605,0.11393980679968624,5.507242694338465,NaN,-0.2299030213532389,NaN,NaN,NaN,NaN,NaN,OFFLINE,NaN,NaN,NaN
796.0,390.83414154955983,0.1140340270037905,5.474486617245376,NaN,-0.23001012244741947,NaN,NaN,NaN,NaN,NaN,OFFLINE,NaN,NaN,NaN
797.0,390.95751551388634,0.11411233613383516,5.441439186333691,NaN,-0.2297520263680006,NaN,NaN,NaN,NaN,NaN,OFFLINE,NaN,NaN,NaN
798.0,390.98991419905855,0.11418302626723022,5.4074130909888565,NaN,-0.22942545581853185,NaN,NaN,NaN,NaN,NaN,OFFLINE,NaN,NaN,NaN
799.0,391.0762115448338,0.11424205753161741,5.374004485689334,NaN,-0.2295782065594125,NaN,NaN,NaN,NaN,NaN,OFFLINE,NaN,NaN,NaN
800.0,391.17654744264536,0.11429138671848606,5.342201804632909,NaN,-0.22947110546523194,NaN,NaN,NaN,NaN,NaN,OFFLINE,NaN,NaN,NaN
801.0,391.2232438362867,0.11432789683940707,5.312325762082676,NaN,-0.2298240123493353,NaN,NaN,NaN,NaN,NaN,OFFLINE,NaN,NaN,NaN
802.0,391.3574259030811,0.11435670469595562,5.282883732374928,NaN,-0.23015409441008858,NaN,NaN,NaN,NaN,NaN,OFFLINE,NaN,NaN,NaN
803.0,391.4964690245097,0.11438015149894183,5.25437095562056,NaN,-0.23030333363968447,NaN,NaN,NaN,NaN,NaN,OFFLINE,NaN,NaN,NaN
804.0,391.6327869125925,0.11440224658922557,5.223272771780344,NaN,-0.2304227250233612,NaN,NaN,NaN,NaN,NaN,OFFLINE,NaN,NaN,NaN
805.0,391.7397700604897,0.11441707518288685,5.194875493081171,NaN,-0.2292569032768705,NaN,NaN,NaN,NaN,NaN,OFFLINE,NaN,NaN,NaN
806.0,391.90082390417217,0.11443240615847661,5.163865032520256,NaN,-0.223380389142075,NaN,NaN,NaN,NaN,NaN,OFFLINE,NaN,NaN,NaN
807.0,392.0362452315023,0.11444268972226046,5.1351982413087605,NaN,-0.2148913106115294,NaN,NaN,NaN,NaN,NaN,OFFLINE,NaN,NaN,NaN
808.0,392.1281520691034,0.1144468586595893,5.107299425208294,NaN,-0.2028503384166004,NaN,NaN,NaN,NaN,NaN,OFFLINE,NaN,NaN,NaN
809.0,392.754312613413,0.11304619286277866,4.994885086245821,NaN,-0.19040905393522592,NaN,NaN,NaN,NaN,NaN,OFFLINE,NaN,NaN,NaN
810.0,393.3860231057963,0.10886012875113239,4.7838613926515166,NaN,-0.17794318887485908,NaN,NaN,NaN,NaN,NaN,OFFLINE,NaN,NaN,NaN
811.0,393.64475992598227,0.10348885546359375,4.578281759735041,NaN,-0.16503662914827363,NaN,NaN,NaN,NaN,NaN,OFFLINE,NaN,NaN,NaN
812.0,393.92475343779876,0.09747517585691257,4.33379273482562,NaN,-0.1520967100644843,NaN,NaN,NaN,NaN,NaN,OFFLINE,NaN,NaN,NaN
813.0,394.02875775513337,0.09105162476198343,4.098105858646119,NaN,-0.1395711493122791,NaN,NaN,NaN,NaN,NaN,OFFLINE,NaN,NaN,NaN
814.0,394.2523457102058,0.08434521598779733,3.8416076958276046,NaN,-0.1268261191047856,NaN,NaN,NaN,NaN,NaN,OFFLINE,NaN,NaN,NaN
815.0,394.4034689224471,0.07740929083767352,3.59721913069693,NaN,-0.11517843617373301,NaN,NaN,NaN,NaN,NaN,OFFLINE,NaN,NaN,NaN
816.0,394.6575683998867,0.07028416337967637,3.3306047602300013,NaN,-0.10862946762793461,NaN,NaN,NaN,NaN,NaN,OFFLINE,NaN,NaN,NaN
817.0,394.77218255281457,0.06298936683381359,3.080305845550304,NaN,-0.10468077318839031,NaN,NaN,NaN,NaN,NaN,OFFLINE,NaN,NaN,NaN
818.0,395.1221424768426,0.05554341716607763,2.8071948373551465,NaN,-0.10458771813934811,NaN,NaN,NaN,NaN,NaN,OFFLINE,NaN,NaN,NaN
819.0,394.747196398909,0.049351150498403315,2.6402305316312122,NaN,-0.10432962205992927,NaN,NaN,NaN,NaN,NaN,OFFLINE,NaN,NaN,NaN
820.0,394.57387586325666,0.04582275706731101,2.54507793455921,NaN,-0.10398022668711056,NaN,NaN,NaN,NaN,NaN,OFFLINE,NaN,NaN,NaN
821.0,394.594808750837,0.04337523280407821,2.467560069554152,NaN,-0.1039257982621991,NaN,NaN,NaN,NaN,NaN,OFFLINE,NaN,NaN,NaN
822.0,394.6991619739339,0.04146600522598847,2.4080628167437585,NaN,-0.10383801048008381,NaN,NaN,NaN,NaN,NaN,OFFLINE,NaN,NaN,NaN
823.0,394.8841482606108,0.039877601245432916,2.3501863730011117,NaN,-0.10344647697184976,NaN,NaN,NaN,NaN,NaN,OFFLINE,NaN,NaN,NaN
824.0,395.0021518330473,0.038485201157920056,2.309542975662234,NaN,-0.10310761613288486,NaN,NaN,NaN,NaN,NaN,OFFLINE,NaN,NaN,NaN
825.0,395.2739856627043,0.03724416652497385,2.261431897601404,NaN,-0.10282142796318909,NaN,NaN,NaN,NaN,NaN,OFFLINE,NaN,NaN,NaN
826.0,395.4247121845813,0.03612569365343195,2.2342520543369964,NaN,-0.10262127181996637,NaN,NaN,NaN,NaN,NaN,OFFLINE,NaN,NaN,NaN
827.0,395.6100728328482,0.03511314148886354,2.1902754792883137,NaN,-0.10244042898880892,NaN,NaN,NaN,NaN,NaN,OFFLINE,NaN,NaN,NaN
828.0,395.709466601824,0.03419092647691931,2.172797830714507,NaN,-0.10225607464636685,NaN,NaN,NaN,NaN,NaN,OFFLINE,NaN,NaN,NaN
829.0,395.9750732249201,0.03334124181504724,2.1337069052415423,NaN,-0.10182240300271746,NaN,NaN,NaN,NaN,NaN,OFFLINE,NaN,NaN,NaN
830.0,395.9723973913167,0.03260116106909362,2.120003199099249,NaN,-0.101537970588664,NaN,NaN,NaN,NaN,NaN,OFFLINE,NaN,NaN,NaN
831.0,396.19078233584656,0.032014891073170536,2.091846890877502,NaN,-0.10133079142287203,NaN,NaN,NaN,NaN,NaN,OFFLINE,NaN,NaN,NaN
832.0,396.1951692644766,0.03168005074227378,2.080746289928717,NaN,-0.10108849714423393,NaN,NaN,NaN,NaN,NaN,OFFLINE,NaN,NaN,NaN
833.0,396.22624749974335,0.03170105363759152,2.07751807325047,NaN,-0.1011201007457954,NaN,NaN,NaN,NaN,NaN,OFFLINE,NaN,NaN,NaN
834.0,396.26809983242754,0.03208907151195238,2.0893332480837,NaN,-0.10112887952400691,NaN,NaN,NaN,NaN,NaN,OFFLINE,NaN,NaN,NaN
835.0,396.2009251100283,0.03276527619983872,2.1055790879040917,NaN,-0.10125704968589519,NaN,NaN,NaN,NaN,NaN,OFFLINE,NaN,NaN,NaN
836.0,396.1602949305349,0.03366302160359989,2.1322955067309124,NaN,-0.10137117380264503,NaN,NaN,NaN,NaN,NaN,OFFLINE,NaN,NaN,NaN
837.0,396.2235039306523,0.03470900437113574,2.1588991384843474,NaN,-0.10114643708043002,NaN,NaN,NaN,NaN,NaN,OFFLINE,NaN,NaN,NaN
838.0,396.15631093571994,0.03585031064010484,2.19295710065309,NaN,-0.101002465117761,NaN,NaN,NaN,NaN,NaN,OFFLINE,NaN,NaN,NaN
839.0,396.12076623003134,0.037058224148453826,2.222153914383598,NaN,-0.10130621084387977,NaN,NaN,NaN,NaN,NaN,OFFLINE,NaN,NaN,NaN
840.0,396.066293577811,0.038272961446698284,2.2639414994977907,NaN,-0.10159239901357553,NaN,NaN,NaN,NaN,NaN,OFFLINE,NaN,NaN,NaN
841.0,396.0388980533315,0.0394123136997689,2.291371059992252,NaN,0.12484836385942068,NaN,NaN,NaN,NaN,NaN,OFFLINE,NaN,NaN,NaN
842.0,396.0058925095816,0.04051924982829664,2.3309082233011438,NaN,0.17189782664872075,NaN,NaN,NaN,NaN,NaN,OFFLINE,NaN,NaN,NaN
843.0,395.97540463635204,0.04150736291618039,2.3593807445331745,NaN,0.176668214728864,NaN,NaN,NaN,NaN,NaN,OFFLINE,NaN,NaN,NaN
844.0,395.82001283119126,0.042381975158711775,2.3868255479064877,NaN,0.1884493350887318,NaN,NaN,NaN,NaN,NaN,OFFLINE,NaN,NaN,NaN
845.0,395.7736265768688,0.043201708420640195,2.413887744790492,NaN,0.2222742867660399,NaN,NaN,NaN,NaN,NaN,OFFLINE,NaN,NaN,NaN
846.0,395.5571598876394,0.04402001641671085,2.439500487117336,NaN,0.2698187130323208,NaN,NaN,NaN,NaN,NaN,OFFLINE,NaN,NaN,NaN
847.0,395.3360428380188,0.044900873738463166,2.4740522060295684,NaN,0.33036450982987164,NaN,NaN,NaN,NaN,NaN,OFFLINE,NaN,NaN,NaN
848.0,395.2058517899692,0.04589036213157092,2.504699701931641,NaN,0.40550622251020413,NaN,NaN,NaN,NaN,NaN,OFFLINE,NaN,NaN,NaN
849.0,394.9366034226679,0.047008986272809486,2.543886637081135,NaN,0.49820022434666156,NaN,NaN,NaN,NaN,NaN,OFFLINE,NaN,NaN,NaN
850.0,394.6951707988584,0.04827637097668195,2.585368341606281,NaN,0.6156045714787727,NaN,NaN,NaN,NaN,NaN,OFFLINE,NaN,NaN,NaN
851.0,394.45672234862974,0.04970672449231364,2.6327617255960565,NaN,0.5203984025464753,NaN,NaN,NaN,NaN,NaN,OFFLINE,NaN,NaN,NaN
852.0,394.1902711713015,0.05116430100216715,2.6814759203835514,NaN,0.6318478649964846,NaN,NaN,NaN,NaN,NaN,OFFLINE,NaN,NaN,NaN
853.0,394.006768759206,0.05261391711770699,2.728038772078285,NaN,0.8099879497638142,NaN,NaN,NaN,NaN,NaN,OFFLINE,NaN,NaN,NaN
854.0,393.75981991792713,0.05401919872195964,2.773887305641574,NaN,0.9922542199047105,NaN,NaN,NaN,NaN,NaN,OFFLINE,NaN,NaN,NaN
855.0,393.4757318515963,0.05539015043183696,2.8179528827345623,NaN,1.1595823614267249,NaN,NaN,NaN,NaN,NaN,OFFLINE,NaN,NaN,NaN
856.0,393.2650716949928,0.05669730935137,2.8599580625019,NaN,1.329669114291099,NaN,NaN,NaN,NaN,NaN,OFFLINE,NaN,NaN,NaN
857.0,393.0280792898405,0.05795236904445105,2.9014937820608306,NaN,1.4962433981859669,NaN,NaN,NaN,NaN,NaN,OFFLINE,NaN,NaN,NaN
858.0,392.740951553067,0.05914578009105363,2.9397777045148348,NaN,1.6575036482081744,NaN,NaN,NaN,NaN,NaN,OFFLINE,NaN,NaN,NaN
859.0,392.4661898328247,0.06027145562063036,2.9772839332437773,NaN,1.8087260836091736,NaN,NaN,NaN,NaN,NaN,OFFLINE,NaN,NaN,NaN
860.0,392.23479977905885,0.06133062521989012,3.0088856435921154,NaN,1.9436148838839575,NaN,NaN,NaN,NaN,NaN,OFFLINE,NaN,NaN,NaN
861.0,392.0159533483364,0.06232799351517932,3.040685971720933,NaN,2.071197506088661,NaN,NaN,NaN,NaN,NaN,OFFLINE,NaN,NaN,NaN
862.0,391.6961929593484,0.06323926576053307,3.0711886091233103,NaN,2.171534152621924,NaN,NaN,NaN,NaN,NaN,OFFLINE,NaN,NaN,NaN
863.0,391.4137423966653,0.06405379062639122,3.0999948880214827,NaN,2.2569136764525384,NaN,NaN,NaN,NaN,NaN,OFFLINE,NaN,NaN,NaN
864.0,391.24978328837574,0.06477953683383968,3.1246967404604096,NaN,2.333945539888888,NaN,NaN,NaN,NaN,NaN,OFFLINE,NaN,NaN,NaN
865.0,391.0018613886504,0.06541205094749622,3.145610686353975,NaN,2.415074538923631,NaN,NaN,NaN,NaN,NaN,OFFLINE,NaN,NaN,NaN
866.0,390.78022108661924,0.06608261424715296,3.1707558098940196,NaN,2.4906986055631495,NaN,NaN,NaN,NaN,NaN,OFFLINE,NaN,NaN,NaN
867.0,390.2534389968152,0.06745750035693952,3.2328930986312474,NaN,2.6084766094187724,NaN,NaN,NaN,NaN,NaN,OFFLINE,NaN,NaN,NaN
868.0,389.69917935581196,0.07022201373906482,3.3500388681099107,NaN,2.880588247673559,NaN,NaN,NaN,NaN,NaN,OFFLINE,NaN,NaN,NaN
869.0,389.2224424510939,0.07443279032308604,3.513695111068728,NaN,3.3302556232950873,NaN,NaN,NaN,NaN,NaN,OFFLINE,NaN,NaN,NaN
870.0,388.7544119190726,0.07988894811519125,3.717846977282518,NaN,3.9559651153055397,NaN,NaN,NaN,NaN,NaN,OFFLINE,NaN,NaN,NaN
871.0,388.2622301432669,0.0865089000126425,3.9622306319555776,NaN,4.759905512534275,NaN,NaN,NaN,NaN,NaN,OFFLINE,NaN,NaN,NaN
872.0,387.8433799670468,0.09426719107253521,4.244406600664358,NaN,5.7027017601045085,NaN,NaN,NaN,NaN,NaN,OFFLINE,NaN,NaN,NaN
873.0,387.43823818351063,0.10315845746571624,4.561274543231051,NaN,6.817711299850246,NaN,NaN,NaN,NaN,NaN,OFFLINE,NaN,NaN,NaN
874.0,386.9396329400394,0.11314893135494024,4.9195002524186675,NaN,8.05364004990984,NaN,NaN,NaN,NaN,NaN,OFFLINE,NaN,NaN,NaN
875.0,386.5422191078911,0.12422199250270717,5.320974817066277,4.880775822462386,9.44416914961208,17.283510609475307,NaN,NaN,NaN,NaN,OFFLINE,121.85055302340876,9.75,NaN
876.0,386.03484259019433,0.13627277076314806,5.754103726029806,5.350744830713216,10.970132451137262,18.922865816258728,NaN,NaN,NaN,NaN,OFFLINE,119.93734602421262,9.75,NaN
877.0,385.91198819434754,0.1486445266664105,6.186259494825005,5.8355925243785585,12.609219088696168,20.630957934585133,NaN,NaN,NaN,NaN,OFFLINE,118.162971430102,9.75,NaN
878.0,385.73275106815237,0.16065425116384818,6.603760718971257,6.305613994476449,14.24119906587162,22.282302221713135,NaN,NaN,NaN,NaN,OFFLINE,116.41494394694158,9.75,NaN
879.0,385.6107052409055,0.1722494245270083,7.014557173597166,6.759650201015674,15.845350794958984,23.879183293171874,NaN,NaN,NaN,NaN,OFFLINE,114.7522423777317,9.75,NaN
880.0,385.3746848825672,0.1836004430485368,7.4193114635774,7.2028972249655006,17.401750759000116,25.42942645312463,NaN,NaN,NaN,NaN,OFFLINE,113.07474069859667,9.75,NaN
881.0,385.17123610650367,0.19477682972591212,7.8254485588827665,7.639344907114499,18.929721527681057,26.956042349739764,NaN,NaN,NaN,NaN,OFFLINE,111.4384596435005,9.75,NaN
882.0,384.9766582651767,0.20578350984494645,8.224687228495526,8.068999180171293,20.45409395498016,28.457728653822766,NaN,NaN,NaN,NaN,OFFLINE,109.83191698039285,9.75,NaN
883.0,384.74680678346135,0.2166285922940595,8.62656312075212,8.491710729692175,21.94674386817654,29.93066595105435,NaN,NaN,NaN,NaN,OFFLINE,108.23514879248322,9.75,NaN
884.0,384.5265617152755,0.22736946241231482,9.025278110520297,8.91019500982552,23.469922381638877,31.387716273321,NaN,NaN,NaN,NaN,OFFLINE,106.65947766516003,9.75,NaN
885.0,384.3529626350417,0.23799164271828283,9.416895238405782,9.32435339655832,24.970619401786397,32.83183242385228,NaN,NaN,NaN,NaN,OFFLINE,105.1218875003226,9.75,NaN
886.0,384.2992337671118,0.2485060038131941,9.809104281036497,9.735618487890351,26.456448523540725,34.27513938849409,NaN,NaN,NaN,NaN,OFFLINE,103.64965463080557,9.75,NaN
887.0,384.07234291237853,0.25887444516261937,10.194995917641991,10.138824376626365,27.91045537234902,35.67358858263673,NaN,NaN,NaN,NaN,OFFLINE,102.12907695365189,9.75,NaN
888.0,384.0268498512032,0.26912472544979793,10.579896562519693,10.539652608464515,29.360568274370973,37.07951549479597,NaN,NaN,NaN,NaN,OFFLINE,100.698666843611,9.75,NaN
889.0,383.89753393135834,0.2792388269272799,10.954696498380832,10.93390680644795,30.79118590419736,38.453586734845025,NaN,NaN,NaN,NaN,OFFLINE,99.2550090144818,9.75,NaN
890.0,383.86678558960637,0.2892384325101204,11.333621320941287,11.324998917329017,32.226727790143826,39.825833112756094,NaN,NaN,NaN,NaN,OFFLINE,97.86621827589403,9.75,NaN
891.0,383.7172440536574,0.29919946848369217,11.707890211271408,11.712736628015548,33.64795228689804,41.173317267685455,NaN,NaN,NaN,NaN,OFFLINE,96.43828169787085,9.75,NaN
892.0,383.55841441202983,0.30920550788592566,12.089021977627013,12.101936800875023,35.085323350995495,42.523848242181415,NaN,NaN,NaN,NaN,OFFLINE,95.00231852283501,9.75,NaN
893.0,383.4430058589094,0.31926964179066325,12.472080689392412,12.493954992057997,36.508188042747925,43.88811436315947,NaN,NaN,NaN,NaN,OFFLINE,93.57598688056527,9.75,NaN
894.0,383.31040869274466,0.3293886421858451,12.862773628233935,12.887712170228392,37.959012185419155,45.25562895623861,NaN,NaN,NaN,NaN,OFFLINE,92.1371744383145,9.75,NaN
895.0,383.1272588378803,0.3395891353136789,13.258834566810824,13.283643607578657,39.429548835143144,46.62366739576529,NaN,NaN,NaN,NaN,OFFLINE,90.67067611348438,9.75,NaN
896.0,382.91844100936765,0.34986270003178416,13.654682616589788,13.68178263321405,40.922839599148965,47.99490460328422,NaN,NaN,NaN,NaN,OFFLINE,89.18720883414136,9.75,NaN
897.0,382.7487331442352,0.3602178893231025,14.059232304169326,14.083612264311812,42.43911384296916,49.38260391076699,NaN,NaN,NaN,NaN,OFFLINE,87.70832181633526,9.75,NaN
898.0,382.549789033219,0.3706406864542714,14.463633859610757,14.487350815750276,43.965398767005176,50.77186398809962,NaN,NaN,NaN,NaN,OFFLINE,86.21219049822216,9.75,NaN
899.0,382.33073948847516,0.38114982111177265,14.877587636183076,14.893858742732345,45.51743073023656,52.166609555875304,NaN,NaN,NaN,NaN,OFFLINE,84.69980534551692,9.75,NaN
900.0,382.1123180495268,0.3916962361166321,15.287728647018346,15.301599099704385,47.06568319002667,53.56412585400821,NaN,NaN,NaN,NaN,OFFLINE,83.18502033400591,9.75,NaN
901.0,381.98805830738104,0.40214499334822523,15.692050970180107,15.70722486539759,48.650957992132874,54.96616177453492,NaN,NaN,NaN,NaN,OFFLINE,81.71628531225161,9.75,NaN
902.0,381.9491472966796,0.41237821763015375,16.08918213276446,16.10610000968005,50.21277893152671,56.3562517649102,NaN,NaN,NaN,NaN,OFFLINE,80.30531122640657,9.75,NaN
903.0,381.8936201973765,0.4223528873055624,16.475627014261445,16.494477809043886,51.7465293285538,57.706819451098966,NaN,NaN,NaN,NaN,OFFLINE,78.92494319469404,9.75,NaN
904.0,381.8411095037045,0.4320520920877166,16.85368161166112,16.87210835908389,53.25308163415424,59.01986388286284,0.16280450016423756,7.406460131169696,1.4617287182695031,23.55164646824141,RED,77.58371925840439,9.75,NaN
905.0,381.8231897753476,0.4414766480003009,17.221222663550215,17.239743067493702,54.69232545106545,60.303046725773,0.16019163559715544,7.355379298701235,1.41336689827316,22.844521354543122,RED,76.2909203592808,9.75,NaN
906.0,381.7523743699697,0.4506313110180912,17.577001941832663,17.595602392211134,56.146064626945375,61.53639508653503,0.15770305762812678,7.301980480330797,1.3678652311338948,22.163511845132092,RED,75.01957335584552,9.75,NaN
907.0,381.76314446201644,0.4595217350194749,17.928964771534854,17.942995964571704,57.539972119731715,62.75309106075996,0.1553144429962108,7.247532526853808,1.324861374583441,21.511630930108325,RED,73.80865624832099,9.75,NaN
908.0,381.8072881930898,0.46813064472753213,18.26583837878781,18.280205802661488,58.91971401638178,63.939827368765336,0.15303319877948168,7.191873586143457,1.2843198108694565,20.886426016432676,RED,72.64560682339375,9.75,NaN
909.0,381.84485619701593,0.4764770682047513,18.597636158533597,18.607043718564196,60.22800176604279,65.0894327934122,0.15083954954670603,7.135859272960115,1.2459464043745863,20.289484198583228,RED,71.5161609209993,9.75,NaN
910.0,381.8591231328646,0.4846009198341263,18.922124006008364,18.924644129263307,61.52679215459214,66.20290652129673,0.14873039467271734,7.079083254938612,1.209608291213606,19.717597789860477,RED,70.41034329250319,9.75,NaN
911.0,381.87599102982824,0.49257651605838654,19.245938609283634,19.236532115711377,62.76770804874663,67.29693746488877,0.14671490766968603,7.022352399797279,1.1752619963289175,19.171851416311,RED,69.32536439270092,9.75,NaN
912.0,381.90326675526524,0.5004733493435122,19.569088203606025,19.54562419875556,64.0007819401318,68.38314681353903,0.14482160826949797,6.965709529130619,1.1430229964302496,18.65043565322847,RED,68.25379280220581,9.75,NaN
913.0,381.89271231626077,0.508382292531145,19.886093843588394,19.854227891447263,65.26840351606235,69.46092103005542,0.14304390318816412,6.908521965911044,1.1127423342503189,18.14943617436225,RED,67.17035439108851,9.75,NaN
914.0,381.97662028852886,0.5163616163738024,20.198717360503167,20.168065558251346,66.49506778205412,70.57439933346448,0.14132766044852782,6.852044038627949,1.083911654262853,17.671100017201365,RED,66.10190869477314,9.75,NaN
915.0,382.02442087016664,0.524454617311826,20.52103524606671,20.48544385586325,67.77658169469731,71.69397640174793,0.1397041343532292,6.795562184577234,1.0566702656903846,17.211462686032903,RED,65.00798795357915,9.75,NaN
916.0,382.17057526279416,0.5326675001783704,20.84960429762825,20.81022255255958,69.01760899952804,72.85848478915608,0.13816466825042015,6.740281554833581,1.0308645251012507,16.772719038651395,RED,63.92193595128427,9.75,NaN
917.0,382.29129641039845,0.5410101863226248,21.175613568554628,21.13949213511435,70.2719144458249,74.03466649108182,0.13665971414082398,6.686113536118246,1.0060670636508333,16.353202231291082,RED,62.8105692600472,9.75,NaN
918.0,382.34415377412427,0.5494948425467066,21.51423130897235,21.472506825355808,71.52689458113086,75.2113471802112,0.13524419527976145,6.63299620753391,0.9826078488420305,15.951587311724202,RED,61.6622708352633,9.75,NaN
919.0,382.55023173452605,0.5581214966065234,21.853984950768158,21.815485706771987,72.84955015805531,76.4538782139894,0.13385612968910296,6.580853175113054,0.9599837065487515,15.566081089811656,RED,60.53041405721392,9.75,NaN
920.0,382.7327659396387,0.566925269439819,22.186942723824714,22.164887891672684,74.1620919440235,77.71544664599921,0.1324331062569541,6.52998037931644,0.9377264320283683,15.196590706495876,RED,59.36690059668081,9.75,NaN
921.0,382.8805986467154,0.5758873855628639,22.527015340763214,22.519624659181847,75.49550742998056,78.98973782701219,0.13102110381302792,6.480214172260825,0.9161289701666979,14.841748649971315,RED,58.17204033871161,9.75,NaN
922.0,383.07248393636644,0.5850256184711214,22.86675634836078,22.882699909742023,76.82757194177798,80.30348391468817,0.12966953915270352,6.431953472712776,0.8955053265395304,14.501727862736313,RED,56.96141761996515,9.75,NaN
923.0,383.2152570588862,0.5943686053223078,23.223152400580137,23.252473571624858,78.15631647926995,81.63156360016963,0.12840789770890504,6.38531249192659,0.875997841962281,14.176075758157763,RED,55.710084106649234,9.75,NaN
924.0,383.289454519933,0.6039072394031233,23.591859123496622,23.627924420360703,79.54273168388814,82.9657050011964,0.12721961540147056,6.3396455921275905,0.8574403035749051,13.862337756401875,RED,54.41583240709207,9.75,NaN
925.0,383.29926655664354,0.6136310678387479,23.96318092084706,24.008677371955653,80.91506205712959,84.30481664536462,0.12612718870083525,6.295105082300679,0.8399474085303479,13.560396382129422,RED,53.08199615453508,9.75,NaN
926.0,383.2887615822283,0.62352595038203,24.347002441512863,24.39548617926313,82.32651928524567,85.66072138168343,0.1250893624446922,6.251403921516489,0.8231988269317723,13.268906917859193,RED,51.720443474726665,9.75,NaN
927.0,383.32024341901985,0.633612041985308,24.742793049167823,24.79112311317488,83.78651198388098,87.05708508557406,0.12408137333959701,6.208422915063307,0.806998700687651,12.986938922265317,RED,50.34100604412815,9.75,NaN
928.0,383.32010243510973,0.6438945926785142,25.142053815839866,25.193440347879708,85.23784385916115,88.46983911437385,0.12312583880493565,6.16637400690036,0.7914742406488313,12.714611667635038,RED,48.928176213494226,9.75,NaN
929.0,383.1884634868267,0.6543571612497532,25.54305897142967,25.59840903153232,86.69244016302281,89.86106555752193,0.12222945091841839,6.124979079906968,0.776647189172077,12.450975191918685,RED,47.466178459945155,9.75,NaN
930.0,383.09355526259685,0.6649804309750962,25.943634564279204,26.010768867514383,88.20549546829405,91.28600479411233,0.12146495244226284,6.0839877926433195,0.7629547974244434,12.194945488487217,RED,45.99022250817805,9.75,NaN
931.0,383.0299232219091,0.6757532550820321,26.35546896688387,26.429953555226042,89.7224244493547,92.74174596737991,0.12079830191682714,6.043629559292025,0.7501412895670093,11.94670697010716,RED,44.500280275056255,9.75,NaN
932.0,382.9070272832088,0.6864960167653936,26.76523606683186,26.845814932991154,91.25671130953761,94.17076383932665,0.12021891305052528,6.003508776330124,0.7381175551018325,11.705158639700183,RED,43.00521612198027,9.75,NaN
933.0,382.8302357659792,0.6970366016418512,27.174642094693212,27.255277048323563,92.78382766367734,95.58791663631902,0.11965714048968007,5.9635982446044595,0.7264379405234264,11.470063582620991,RED,41.54679969158141,9.75,NaN
934.0,382.7714092414986,0.7072977969397131,27.561770399359133,27.65438169277771,94.24737592710251,96.97272688931312,0.11925664877401433,5.924150115174239,0.7159724655701548,11.241918776173486,RED,40.13038202589627,9.75,NaN
935.0,382.7551656433951,0.7172338650865594,27.946544958007404,28.042273409586794,95.6941693336614,98.32873325373795,0.10557127751745324,5.846963496482277,0.6197792613176089,10.8008149488394,RED,38.7656484258989,9.75,NaN
936.0,382.70440139525203,0.7268541306795653,28.309287367491677,28.4165201183933,97.07447961629713,99.62779410123407,0.09287250603514995,5.765547638970138,0.5334554188984476,10.37537434938992,RED,37.439314546945454,9.75,NaN
937.0,382.5857720770707,0.7361295471613769,28.63272729262066,28.77468376747869,98.39635867038523,100.85223772911728,0.0831366805554732,5.680632920243896,0.46748763778103714,9.966140841914124,RED,36.151144512525136,9.75,NaN
938.0,382.4769170726994,0.7450796088937297,28.946381545279564,29.12039052394635,99.66934136636253,102.03486384533151,0.07703788186736912,5.593317112276557,0.42430866438056397,9.573806553383543,RED,34.91005133873803,9.75,NaN
939.0,382.3805761976302,0.7536999720770782,29.264436232920918,29.453595130769518,100.88581235355167,103.17638332371475,0.07381210814417903,5.504265058221,0.398404511720547,9.198232044316361,RED,33.716793200329576,9.75,NaN
940.0,382.2620156419097,0.7619921383060255,29.590543661849033,29.7730252160011,102.02355972693603,104.26301396263368,0.07226779290170968,5.413544138074588,0.3824411835715178,8.838319497205296,RED,32.56650004576461,9.75,NaN
941.0,382.1158057186775,0.7699924331247073,29.891680902289696,30.079863436670887,103.11687977877571,105.29724941032603,0.07235746108703509,5.320901856334253,0.37560551603448755,8.492524143943605,RED,31.453769015944857,9.75,NaN
942.0,381.92665648966164,0.777869180847263,30.195548561767705,30.380047771639447,104.18057608296193,106.29542866887327,0.07347758394571732,5.226748873107923,0.37430511824738577,8.160497292717636,RED,30.354063670050877,9.75,NaN
943.0,381.70155767278595,0.7857202113335865,30.484424338388614,30.67762912673779,105.21236950905666,107.27336139242486,0.0756174851270593,5.1310150111356165,0.37818772946957435,7.8411343507463425,RED,29.25534163069331,9.75,NaN
944.0,381.46205695836176,0.793637238429322,30.772218279815824,30.977018297362157,106.22959527097304,108.25229762682095,0.07871670412920799,5.034942514367527,0.3866785143295758,7.5354800433624645,RED,28.147927041393658,9.75,NaN
945.0,381.196572201778,0.8016945161264069,31.058488956369818,31.280616807946732,107.21438600122423,109.23717472879318,0.08292124380916822,4.93850816110361,0.4002408198722659,7.242572621851756,RED,27.020679767456414,9.75,NaN
946.0,380.90956847987786,0.8099037588056628,31.352773448603838,31.5890276218825,108.21043144437087,110.23114136307264,0.0878418876057846,4.841286180983748,0.4167685572076857,6.960894014556099,RED,25.872858852492115,9.75,NaN
947.0,380.60751218727216,0.8182988078574913,31.672348638985994,31.9038061834352,109.23067104065436,111.24129051335825,0.09250127800479514,4.743520961259327,0.4315460906928728,6.689956166196168,RED,24.700848770231204,9.75,NaN
948.0,380.2983926168239,0.8268695143342614,31.993545866050304,32.22486651922415,110.28563118360688,112.26949812944585,0.09706345473434747,4.644733663805856,0.4454137887811583,6.428353337637853,RED,23.50706175477913,9.75,NaN
949.0,379.96934480079597,0.8356729971183212,32.31454933464115,32.55386446653866,111.34927130361247,113.31757586428517,0.10182651715560663,4.545281224918022,0.4597601705014835,6.175947654248143,RED,22.282804015215447,9.75,NaN
950.0,379.63418364094923,0.8447199089270288,32.63465884419274,32.8917732323823,112.44498221579461,114.39281905473275,0.10709433836050812,4.445264430571983,0.47591637748233995,5.93228161412125,RED,21.028185997741488,9.75,NaN
951.0,379.294119499579,0.8540138788453077,32.97410266680329,33.238765477103954,113.54216939924358,115.49605735338322,0.1124110577251698,4.345129671071926,0.491797133320661,5.697406946321274,RED,19.743029755532106,9.75,NaN
952.0,378.94224429775267,0.8635011950284723,33.31598437816877,33.5924250052216,114.65225787515223,116.6166451842852,0.11792846571540172,4.24526457057207,0.5080718198210391,5.471325377199914,RED,18.43429146258299,9.75,NaN
953.0,378.6098645992675,0.873181510527676,33.66554169744591,33.95411345782589,115.80015415460568,117.76886378681277,0.12364078057899668,4.144773378546589,0.5246973797497949,5.252353556596315,RED,17.104427008869976,9.75,NaN
954.0,378.29078489893857,0.88299319196219,34.03238602701001,34.321174236445344,116.96932939437313,118.94167890729904,0.12909939687201433,4.044334160014158,0.5397801146781528,5.040954779081869,RED,15.761147784927772,9.75,NaN
955.0,377.97816215781336,0.892886202369501,34.39996984080085,34.69136340064783,118.16006962301014,120.12523262088803,0.1344305257112106,3.9444155705997517,0.5539098553834607,4.837298550305036,RED,14.410649221731006,9.75,NaN
956.0,377.6774286419093,0.902856438038663,34.77958995346947,35.06477983744076,119.35656410134361,121.32165089056615,0.13933729062949318,3.8456735740349575,0.565917868517465,4.641790229303036,RED,13.053700249556968,9.75,NaN
957.0,377.40141499035803,0.9128779152767306,35.1562039965164,35.44103240739967,120.55979381793505,122.5338426012599,0.1440732264502909,3.748415506493349,0.5769140148147455,4.454395176535298,RED,11.694229466969418,9.75,NaN
958.0,377.16579657270097,0.9227979099774575,35.535727690303695,35.81497521535538,121.75653649627061,123.74940542681692,0.1484835771517497,3.653036833301749,0.5863287703585565,4.275184759540143,RED,10.352984802740409,9.75,NaN
959.0,376.94638216624094,0.9325707581215806,35.89479032561137,36.183742582467396,122.94154530003455,124.9508540340211,0.15308336611471057,3.5602116717519015,0.5962450294604824,4.104564660970801,RED,9.034533075587447,9.034533075587447,NaN
960.0,376.73382346922307,0.942115820470608,36.24996167901072,36.543783159652506,124.09592654275994,126.12299721177345,0.15770276323352994,3.469835940648173,0.6059910257173687,3.9420233032398366,RED,7.749075065679847,7.749075065679847,NaN
961.0,376.59175405944893,0.9511799992294635,36.58531115183025,36.888416665758065,125.25317110370962,127.2644149768594,0.16247319765460927,3.382673967945194,0.6160783523556145,3.7880564704789297,RED,6.531938058269958,6.531938058269958,NaN
962.0,376.53332047989494,0.9595957708419425,36.90687916959522,37.21190762832335,126.36432931364688,128.3605332809522,0.16716302140134304,3.2984631831339515,0.6256305671364369,3.6419904171850543,RED,5.404680344707742,5.404680344707742,NaN
963.0,376.51374546896574,0.9672209667734782,37.210070464687114,37.506628085820026,127.38869764913034,129.37043012795203,0.17147398313979656,3.217643463525537,0.6335705951960517,3.5039780658505157,RED,4.384352462746705,4.384352462746705,NaN
964.0,376.5489260182874,0.9739716698128855,37.48363579251303,37.77016944157853,128.32515019195074,130.2916280226861,0.17540247055727984,3.140607757151657,0.6399557065916912,3.3741132519251624,RED,3.4819015992967195,3.4819015992967195,NaN
965.0,376.63474407046795,0.979808259789791,37.71593757312353,38.00083927712244,129.17891526318266,131.11722025335237,0.17920135677662966,3.066164428264653,0.6457680601455289,3.250777942912786,RED,2.702043815193406,2.702043815193406,NaN
966.0,376.764581921351,0.98470025377862,37.89682568602232,38.197152329519426,129.93821812703217,131.8400080240354,0.18333201631080207,2.996228185619641,0.6526878255112408,3.1357432750192253,RED,2.04845957625389,2.04845957625389,NaN
967.0,376.9245089745263,0.9886361913651038,38.04829862327844,38.35796826836155,130.57953421171874,132.45127328393485,0.18763155860102154,2.929646732057317,0.6601143934629329,3.0274910402124906,RED,1.5224517736587302,1.5224517736587302,NaN
968.0,377.08370837125597,0.9917478867424621,38.16966288505474,38.486823689959785,131.11606376700377,132.95234571143496,0.19203821929857973,2.8668803945168677,0.6678236499429054,2.9262418051286527,AMBER,1.1062668540386653,1.1062668540386653,NaN
969.0,377.27604382488124,0.9940217048210621,38.26419430923822,38.584900445028715,131.55865608584335,133.35913740928046,0.19644696415869714,2.806980623226338,0.6754560583296549,2.8307517038916337,AMBER,0.8020552110426138,0.8020552110426138,NaN
970.0,377.49291783162107,0.9955202212946973,38.34285165616337,38.65417352662899,131.90860915049976,133.67536065905153,0.20051598189168102,2.7507689181771102,0.6818582469686855,2.7416314492842306,AMBER,0.6015307587878453,0.6015307587878453,NaN
971.0,377.6808974359186,0.9964788409551141,38.399222277387466,38.70102727102157,132.16863815726663,133.90403890666687,0.20426279281439777,2.6972253494085603,0.6871403128201345,2.6576275496314903,AMBER,0.4731635016866278,0.4731635016866278,NaN
972.0,377.8234101911382,0.9971139266536143,38.43741310574915,38.73299820834023,132.3575656047003,134.06522570791674,0.20777460965552752,2.64642040082439,0.691637345106816,2.5786220397019983,AMBER,0.3880419922438705,0.3880419922438705,NaN
973.0,377.9732655119852,0.9975601472785187,38.45692230271011,38.75801566699672,132.50987389515905,134.20502615639361,0.2113393432437501,2.5997076577877034,0.6963292644458554,2.5057437966602674,AMBER,0.32824135887690886,0.32824135887690886,NaN
974.0,378.09648450156845,0.9978961200504473,38.45588113224355,38.777388307715,132.64184287380064,134.3158792244205,0.21534028927337015,2.5549632944345344,0.7024689704645324,2.436724058278217,AMBER,0.2831802624832278,0.2831802624832278,NaN
975.0,378.22145682084096,0.9981609530432775,38.46510522227431,38.79408921169855,132.7554630886811,134.4181418617205,0.21944058152877421,2.51359226860004,0.7089283735035214,2.372760251538087,AMBER,0.2476567270693124,0.2476567270693124,NaN
976.0,378.34503902985404,0.998378402538365,38.48898595412863,38.80887927170883,132.86487252268893,134.51332541732734,0.22323496373735194,2.473370964495098,0.7144014116580346,2.311572719607705,AMBER,0.21848075489035068,0.21848075489035068,NaN
977.0,378.48662357300975,0.9985569299241566,38.50752830244508,38.82308113488435,132.97772116277176,134.61290580621326,0.2268736716837395,2.43436973891432,0.7193957535398073,2.2531159279073636,AMBER,0.19453658611737978,0.19453658611737978,NaN
978.0,378.6326233077942,0.9987062358903759,38.532430460634295,38.83637435277929,133.09119437302073,134.7109421228013,0.23017894239174203,2.3965869946048826,0.7233705723399598,2.197279343973017,AMBER,0.174509956811022,0.174509956811022,NaN
979.0,378.79349191675664,0.998834884522327,38.55767108234486,38.849627410233964,133.2045437226898,134.81416653535646,0.23319151774314414,2.3601463875037467,0.726482064641693,2.1440950900323976,AMBER,0.1572572949482378,0.1572572949482378,NaN
980.0,378.9770315512899,0.9989426648751132,38.58266403284939,38.86323144651888,133.33560018723992,134.92672001532173,0.2359706441782184,2.3242303059152056,0.728934576220592,2.0927172321720695,AMBER,0.14281376236522192,0.14281376236522192,NaN
981.0,379.1831389837779,0.9990385948431288,38.596992032066815,38.87753104329365,133.46915142094358,135.04977302545916,0.23873193507498794,2.289146527584764,0.7314130329878992,2.0433512883179894,AMBER,0.12996249483367706,0.12996249483367706,NaN
982.0,379.4076097637849,0.9991201763946856,38.62021118205847,38.89221248195686,133.61647512113376,135.18074992464005,0.2412918951351866,2.2537986493276456,0.7333569034429807,1.9949444909413316,AMBER,0.11903994892480796,0.11903994892480796,NaN
983.0,379.6494991949573,0.9991913300517385,38.64009802390052,38.907378917526565,133.77364509896597,135.31968253042592,0.2437172564161832,2.2176917064477233,0.7349884422410359,1.947009451607824,AMBER,0.10951752420132266,0.10951752420132266,NaN
984.0,379.9240647279723,0.9992572475568131,38.68200606867812,38.92401311843392,133.94015074877666,135.47544231300915,0.245667552157908,2.182238010800762,0.7352930793780827,1.9007537538225836,AMBER,0.10069951057730009,0.10069951057730009,NaN
985.0,380.2118117383278,0.9993130438701638,38.702461295989316,38.94092472296033,134.1205533641103,135.6369543469773,0.24751928039160878,2.146853511224429,0.7354281095787487,1.8556012338487164,AMBER,0.09324068948416198,0.09324068948416198,NaN
986.0,380.51620510008325,0.9993591922300149,38.740947570217614,38.95830845553954,134.30756608020894,135.8061423559673,0.24902619445808255,2.112138044548601,0.7346688214724971,1.8120266576528874,AMBER,0.08708143369273103,0.08708143369273103,NaN
987.0,380.84514243593014,0.9994035420070515,38.76209834338999,38.97687322545454,134.52175150908445,135.988311542293,0.25048736450020126,2.0781473202160208,0.7339204455033791,1.7700251896554289,AMBER,0.08115972373286695,0.08115972373286695,NaN
988.0,381.1965766467748,0.9994410360748985,38.76049922217672,38.99631546056486,134.73962242866742,136.18169365302342,0.25224339796672085,2.0443236581555113,0.7341830533214367,1.7290662597352497,AMBER,0.07616322650727625,0.07616322650727625,NaN
989.0,381.5465291590941,0.9994732620714748,38.78271121685092,39.01546935693898,134.9691156525316,136.37366350338678,0.253926388010769,2.01116931548265,0.7343650647494323,1.68952692561758,AMBER,0.07187103822099061,0.07187103822099061,NaN
990.0,381.90970033341557,0.9995025431662485,38.797048525477585,39.03517674051887,135.18433873299176,136.57241963135192,0.25563367878729687,1.9795847704601925,0.7347505215393098,1.6521266050677772,AMBER,0.06797269693015551,0.06797269693015551,NaN
991.0,382.26531217383246,0.9995325750583246,38.822460808602344,39.05451957136685,135.40774682702806,136.7673256324869,0.25720348556784456,1.9487496158020523,0.7348737188036686,1.6161221654036686,AMBER,0.06395835493722757,0.06395835493722757,NaN
992.0,382.6347661513738,0.9995568184558601,38.85056565932032,39.07433554650174,135.6335170508598,136.96897110513984,0.25861161317158515,1.9198491229349328,0.734668978330529,1.5824483566703313,AMBER,0.060729034100745594,0.060729034100745594,NaN
993.0,382.9920974735086,0.9995777047763656,38.88595251408161,39.093393335655854,135.87803603151082,137.16374887246408,0.25978605578247793,1.8927025731870961,0.7339357185486883,1.550891179936169,AMBER,0.0579480671966337,0.0579480671966337,NaN
994.0,383.35545425006353,0.9995964830356856,38.930672767706234,39.11266827603692,136.12114274616889,137.3615730277457,0.2605722292738582,1.8665945428737942,0.7322370049687147,1.520801258073878,AMBER,0.05545010001770834,0.05545010001770834,NaN
995.0,383.7054785955151,0.9996181312558561,38.97178823393413,39.13136764505213,136.36371634956828,137.55272273523423,0.26109305021185675,1.8417533330378375,0.7299314275159696,1.4923205389406546,AMBER,0.05254715159929901,0.05254715159929901,NaN
996.0,384.0477558843466,0.9996406954209791,38.9851051903885,39.14970065437814,136.5961705755162,137.7399248744801,0.26159025389706647,1.8180212660232578,0.7277016025517441,1.4652706490235081,AMBER,0.049508374306981295,0.049508374306981295,NaN
997.0,384.36102469390124,0.9996637355999185,39.02997398535604,39.16656736702954,136.80097260778274,137.91167006895517,0.2615426595923626,1.7958952564199693,0.7240787269084631,1.4400089898307002,AMBER,0.04639038443474419,0.04639038443474419,NaN
998.0,384.6511364922703,0.9996831730620447,39.08466845256299,39.18210768466299,136.99702443277044,138.07052561209125,0.26087957140202855,1.775157713675982,0.7188800798005998,1.4163157396532633,AMBER,0.043758325667880626,0.043758325667880626,NaN
999.0,384.9352402570849,0.9997036652486616,39.13320300644267,39.197378466401084,137.18370850333568,138.22635582397524,0.2598661978634371,1.7555222042234018,0.7128566764108055,1.3939213929248304,AMBER,0.04097341462815507,0.04097341462815507,NaN
1000.0,385.19788440752814,0.9997287218942914,39.17420962419339,39.21173129728917,137.36895540810065,138.37131730593407,0.2588414832114466,1.7363806546555756,0.7069481469690909,1.3723036549548202,AMBER,0.03754729460212047,0.03754729460212047,NaN
1001.0,385.45415261932044,0.9997454531554218,39.21232510772102,39.22542916840925,137.54178289552263,138.51174386905163,0.2577044125875771,1.7179827280452598,0.7008689603469966,1.3516343795746109,AMBER,0.03526670436721702,0.03526670436721702,NaN
1002.0,385.6935292321478,0.9997636679698169,39.23936449143734,39.23832214909742,137.70580319341454,138.64331871420512,0.2566013439839039,1.7004617663216137,0.6950198538168411,1.3319941561065285,AMBER,0.0327736024350429,0.0327736024350429,NaN
1003.0,385.9079281065496,0.9997855188081136,39.26513656788374,39.25008434180787,137.841929641803,138.7619708261937,0.25539360026338215,1.6837111854519604,0.6890174497236888,1.313278819841527,AMBER,0.029768217614076775,0.029768217614076775,NaN
1004.0,386.0972093105746,0.9998115011132629,39.265776819946126,39.26072918413042,137.9712416833153,138.8676826678858,0.25402217405736727,1.6673596041817522,0.6827102027802306,1.29518035524309,AMBER,0.026181338739831972,0.026181338739831972,NaN
1005.0,386.2693513783046,0.9998381481724007,39.27997551044631,39.27052705218177,138.08672156264933,138.96426818008078,0.2524012805595911,1.650675098299749,0.675864894636827,1.277115621541067,AMBER,0.022495261675146594,0.022495261675146594,NaN
1006.0,386.42684627692245,0.9998634421310412,39.29798507411134,39.27952585854686,138.19417077528962,139.05278506958393,0.25056300252082164,1.6336954364244272,0.6685717975178908,1.2591103936886636,AMBER,0.01899134541957892,0.01899134541957892,NaN
1007.0,386.56280539981856,0.9998873663356396,39.28995427643206,39.28737526412342,138.28620700721686,139.1295062587407,0.24877510427281466,1.6166127638947458,0.661560054663882,1.2413116735157257,AMBER,0.01567243135397689,0.01567243135397689,NaN
1008.0,386.69811094025926,0.9999110490638408,39.28421707166463,39.29518108802963,138.37879917522596,139.2058573295025,0.2469802325230053,1.599763038885277,0.6546715601726252,1.2239732172711684,AMBER,0.012383592860430781,0.012383592860430781,NaN
1009.0,386.81424311680615,0.9999337603352733,39.26317698839103,39.301973815590785,138.47476718249285,139.27173419966277,0.245091397131516,1.582800473937988,0.6476765831681801,1.206820899130066,AMBER,0.00922592410137213,0.00922592410137213,NaN
1010.0,386.9109411610504,0.9999481281808674,39.274873340380054,39.307450767772885,138.56660166213535,139.32596330210467,0.2428696858068182,1.5657692580487477,0.6399339791753891,1.189885530869388,AMBER,0.007227466070702349,0.007227466070702349,NaN
1011.0,386.9807453934425,0.9999683747277018,39.25545907893302,39.31179237244555,138.6451180967743,139.36649135782557,0.24056420119640548,1.5481209223413355,0.6321156345571102,1.1727452372954565,AMBER,0.004407642631321096,0.004407642631321096,NaN
1012.0,387.03641629046734,0.9999814047385485,39.24442267198745,39.31513224633464,138.71380980168144,139.39838264813,0.2380773164840531,1.5297631946005632,0.6239610128994483,1.155328985653597,AMBER,0.00259219757387541,0.00259219757387541,NaN
1013.0,387.0815417592611,0.9999930649953516,39.2293271068638,39.31788256031115,138.77325489930544,139.42438826277356,0.23542220671598166,1.510842386078859,0.6155065512137985,1.1377493461345474,AMBER,0.0009669154862876894,0.0009669154862876894,NaN
1014.0,387.10345215024046,0.9999965650153056,39.23079098589021,39.31913293889055,138.82288915362855,139.43671444515903,0.23273098188152752,1.4913377765266718,0.6070952145006383,1.119989340726714,AMBER,0.0004789646251310842,0.0004789646251310842,NaN
1015.0,387.1184122021554,1.0,39.22756333186856,39.32002776148547,138.86121570315848,139.44527655058704,0.22998050858266508,1.4715330061254803,0.5986639029012706,1.102259983894573,AMBER,0.0,0.0,NaN
1016.0,387.122564423794,1.0,39.21640503304278,39.32023863369816,138.8941699596513,139.4475200860107,0.22740969659705873,1.451259186362924,0.5908344962170848,1.0844287088257558,AMBER,0.0,0.0,NaN
1017.0,387.1253463053177,1.0,39.23972873486119,39.32037991201529,138.9272338710648,139.44902320367504,0.2246585407202093,1.4302947777110264,0.5826564261999362,1.0663242380688536,AMBER,0.0,0.0,NaN
1018.0,387.0986890593994,0.9999932939815893,39.23118029310814,39.318762424348584,138.95357722872197,139.433684821897,0.22203524662303661,1.408329777878354,0.5749344763262332,1.0477099657527715,AMBER,0.0009350511279535567,0.0009350511279535567,NaN
1019.0,387.0726240705571,0.9999780934587658,39.22956633822082,39.31684100330537,138.96176272114056,139.4174828059995,0.2191689798990948,1.3854838204444608,0.5666970387198077,1.028670699972769,AMBER,0.0030542217432412144,0.0030542217432412144,NaN
1020.0,387.0250784613309,0.9999483960253773,39.181815513837016,39.31325864712242,138.95962548768136,139.3876561525036,0.21652747092081798,1.3616663795735482,0.5591605084416671,1.0091310413469554,AMBER,0.007193328275150179,0.007193328275150179,NaN
1021.0,386.9593097376369,0.9998924692592603,39.183186605674706,39.30771958529442,138.9485883288715,139.34433369083428,0.2135682658324756,1.3376573566618157,0.5509026793146922,0.9896638252960034,GREEN,0.01498541081195981,0.01498541081195981,0.01498541081195981
1022.0,386.87159152431894,0.9998115011132634,39.200836631771104,39.300081425535566,138.92341510254283,139.28567545669253,0.21029706840153325,1.3134308414415514,0.5419301139886058,0.9702373284058202,GREEN,0.026260144769992166,0.026260144769992166,0.026260144769992166
1023.0,386.772029803562,0.9996814161130908,39.18150784297696,39.28991148912572,138.8817269194144,139.21379559435894,0.20725573359753255,1.2889856509561715,0.5336408263217838,0.9508341323227332,GREEN,0.04436540621543372,0.04436540621543372,0.04436540621543372
1024.0,386.65451364305886,0.9994941317384359,39.17146206970499,39.27658253228501,138.82710727675203,139.12428369521504,0.20437894241454718,1.2643201023156752,0.5258528059195328,0.9314367033695359,GREEN,0.07041417983296583,0.07041417983296583,0.07041417983296583
1025.0,386.52808951580903,0.9992251256448914,39.17758121600393,39.259591631190354,138.76257687233138,139.01862937522904,0.2013207164951361,1.2397503506519267,0.5176597421626496,0.9122624466438906,GREEN,0.10780550650750342,0.10780550650750342,0.10780550650750342
1026.0,386.3978496054172,0.9988750487084905,39.19406807745234,39.23922463315311,138.67856396484703,138.899691855447,0.19763792125734267,1.215531081792044,0.5079077366983332,0.8934831073599946,GREEN,0.15643136540958835,0.15643136540958835,0.15643136540958835
1027.0,386.2614921333112,0.998430653034514,39.15207143983523,39.214846079482555,138.58113373235838,138.7644098150703,0.19372189006547355,1.1915055715087666,0.49760871619079894,0.8749653154514515,GREEN,0.21811179854995544,0.21811179854995544,0.21811179854995544
1028.0,386.1272775631657,0.9978906271563238,39.156371159285946,39.18682584883403,138.47176005192009,138.61707619492077,0.18938614668536438,1.167835012734808,0.4862661877609695,0.8568118221390107,GREEN,0.29301317021943873,0.29301317021943873,0.29301317021943873
1029.0,385.98156560325043,0.9972506925007572,39.14177661429101,39.15430595571249,138.34582688233422,138.4497761217957,0.18481212587573928,1.1445478690040107,0.47434383490934445,0.8390302811691226,GREEN,0.38169039201724786,0.38169039201724786,0.38169039201724786
1030.0,385.8305833250875,0.99650865635111,39.16260007477286,39.11751900970986,138.2066417480027,138.26559158715415,0.18048279269963705,1.1216167917866253,0.46306966826883184,0.8215880694414798,GREEN,0.4844239856535637,0.4844239856535637,0.4844239856535637
1031.0,385.6885414194671,0.9956804214546686,39.13076736831413,39.077811852118046,138.05313651103845,138.0743916203068,0.1763594974360005,1.0990169067225068,0.4523489104353051,0.8044556547503392,GREEN,0.5990106532690334,0.5990106532690334,0.5990106532690334
1032.0,385.54293871259483,0.9947652009314516,39.066553979017,39.034521757455494,137.88401478532074,137.8693666577187,0.1722312326736505,1.0766800918815171,0.4416414409097786,0.7875746211253202,GREEN,0.7255163645505718,0.7255163645505718,0.7255163645505718
1033.0,385.3935657510562,0.9937897833957265,39.004920165637294,38.98869144288369,137.69542827371004,137.65414189834235,0.16780057647506727,1.0542182300268907,0.4301794472909809,0.770656917929332,GREEN,0.8602040913955591,0.8602040913955591,0.8602040913955591
1034.0,385.24922564484433,0.9927668796654008,38.94297909060234,38.94126622616795,137.4842708848608,137.43520920160464,0.16258628877957046,1.03184764651271,0.41672518601094666,0.7538587580975312,GREEN,1.0013281332482507,1.0013281332482507,1.0013281332482507
1035.0,385.10277580105804,0.9917161436986801,38.88367503360881,38.89265662708743,137.2767932406096,137.21147176213822,0.1569452283266767,1.0093095010126394,0.40219465973884644,0.7369868472659725,GREEN,1.146134528707961,1.146134528707961,1.146134528707961
1036.0,384.94910599911606,0.9906438427795117,38.81626606171635,38.84285147002601,137.05629475290087,136.9810793222638,0.15145314627376152,0.9866661082084045,0.38806616637060204,0.72008558012887,GREEN,1.2937207692881714,1.2937207692881714,1.2937207692881714
1037.0,384.7921814347625,0.9895597400484111,38.78992017783719,38.79243483387628,136.83046403530653,136.74751488577294,0.14587186525668314,0.9638780376555995,0.37372026350703086,0.703124954176127,GREEN,1.4427422068235956,1.4427422068235956,1.4427422068235956
1038.0,384.6360814212941,0.9884911056846432,38.7229422520524,38.742681705951256,136.58579150584382,136.51672604425562,0.14051831558411484,0.9409643949476669,0.35997531286237294,0.68611851279902,GREEN,1.5894493772239286,1.5894493772239286,1.5894493772239286
1039.0,384.47741238863597,0.9874243087619612,38.656674756953436,38.69288671264782,136.3463686857516,136.28502140508996,0.13544966034266112,0.9177664685105663,0.34697592754446127,0.6689479750521721,GREEN,1.735706052961973,1.735706052961973,1.735706052961973
1040.0,384.33441397571687,0.9863860837706135,38.59734901210544,38.645014555154084,136.11256013374688,136.06577925560987,0.13066181280934563,0.8945039927858114,0.3347089932680733,0.6517723864510687,GREEN,1.8779544348304285,1.8779544348304285,1.8779544348304285
1041.0,384.1954742454786,0.9853642916643888,38.562321336858574,38.598003765847956,135.88213891321868,135.8511293540596,0.12562654035645499,0.8709270972425817,0.3218151835549136,0.6344073882879439,GREEN,2.0178095787609607,2.0178095787609607,2.0178095787609607
1042.0,384.06108400362876,0.984373830426718,38.51370386785601,38.55246158005467,135.6584982613668,135.64337301129228,0.12072276170523794,0.8471925561817744,0.30926732783834787,0.6169655395014727,GREEN,2.153233134253071,2.153233134253071,2.153233134253071
1043.0,383.9384812930114,0.9834002211883754,38.491956883288,38.50818280786259,135.43256842338573,135.4443308192374,0.11570532371468074,0.8233470334501466,0.29643241502717166,0.5994794004465163,GREEN,2.2862979735461693,2.2862979735461693,2.2862979735461693
1044.0,383.82437544616613,0.9824508151015033,38.44371526889552,38.465288591457586,135.2241828938534,135.2532505693077,0.1114421608032619,0.7991427176671081,0.28553941526280613,0.5817655764133123,GREEN,2.4159828317901884,2.4159828317901884,2.4159828317901884
1045.0,383.72327192679336,0.9815185982482381,38.40167576707546,38.42372846788411,135.0197208397249,135.07152644591332,0.10714342629393243,0.774822096484249,0.2745603748804011,0.5639989477049309,GREEN,2.543315175001169,2.543315175001169,2.543315175001169
1046.0,383.6353872167502,0.9806046156385027,38.33598673411388,38.383552309756084,134.8360593823049,134.89939129093,0.1035856776939138,0.7503247846588297,0.26548938442973147,0.5461321508510378,GREEN,2.668175840184034,2.668175840184034,2.668175840184034
1047.0,383.5483464643394,0.9797186734344692,38.25193437993646,38.34452348286632,134.6642044238946,134.7316486755583,0.10051899069445847,0.7260967261606978,0.2576856426001335,0.5284883590748405,GREEN,2.7891032799469997,2.7891032799469997,2.7891032799469997
1048.0,383.4816974958873,0.9788512818913122,38.21923180637116,38.307246504747695,134.51797679406766,134.57727859667366,0.09646945442787733,0.7018657828976719,0.24736165163827029,0.5108656410175934,GREEN,2.9076295669513286,2.9076295669513286,2.9076295669513286
1049.0,383.4249528991025,0.9780191792091404,38.19789019030953,38.27185035238581,134.3804562756992,134.4330330060219,0.09216607221512657,0.6780725659222522,0.2363862358914986,0.49358256710502724,GREEN,3.0213603881127824,3.0213603881127824,3.0213603881127824
1050.0,383.3711491320645,0.97721638537765,38.15417683624935,38.23775229927533,134.24933564626116,134.29441339089843,0.08755521146445193,0.653990414074147,0.22462209278745082,0.4761066946260316,GREEN,3.1310487691530113,3.1310487691530113,3.1310487691530113
1051.0,383.33544720493666,0.9764494049937986,38.066196269430286,38.205961812051875,134.13170624317854,134.1702664094831,0.08422569291330742,0.6300164026994993,0.2161501388316943,0.4587245758686787,GREEN,3.2359993154011875,3.2359993154011875,3.2359993154011875
1052.0,383.32315861337236,0.9757169585102435,38.00018861938021,38.176691128823435,134.0259677749905,134.06317691636974,0.0823324778195269,0.6059866204427049,0.21136842138886472,0.4413142156538522,GREEN,3.336481608641236,3.336481608641236,3.336481608641236
1053.0,383.33437580626804,0.9750207098936488,37.96688436130505,38.15000732209124,133.95090347517257,133.97339307803196,0.08136548598206707,0.5828183725395489,0.20896808334104128,0.4245410722146156,GREEN,3.432296584339639,3.432296584339639,3.432296584339639
1054.0,383.34916344436823,0.9743570397736568,37.9393711184287,38.12477498400215,133.8849387780062,133.88994813062268,0.08149363644511448,0.5603866690708572,0.2093860544736313,0.40831204786624875,GREEN,3.5236925218073054,3.5236925218073054,3.5236925218073054
1055.0,383.37244497224634,0.9737341111627066,37.91213546985951,38.10155788599862,133.8239173310437,133.81653871845285,0.08255180496170486,0.5389544104267878,0.21220115533312386,0.3928171119471412,GREEN,3.609620213852139,3.609620213852139,3.609620213852139
1056.0,383.40628538063584,0.973153521413284,37.88260699563747,38.08052037996886,133.77200314821206,133.7544583686693,0.08376217036722328,0.5183378131746387,0.21541417223901912,0.37792034936171354,GREEN,3.689896941704916,3.689896941704916,3.689896941704916
1057.0,383.466228987887,0.9726040779556291,37.86138179834183,38.06199512989907,133.72174464295114,133.71029171776337,0.08588306274223043,0.49811189561584224,0.220979232284417,0.3633095654845472,GREEN,3.7662979329982704,3.7662979329982704,3.7662979329982704
1058.0,383.52663599778606,0.9720894945301858,37.8376134955067,38.04485359325387,133.66569389982615,133.67112792179864,0.08907001760049701,0.4784445697576002,0.22930197249185924,0.349106116611464,GREEN,3.8379478103717872,3.8379478103717872,3.8379478103717872
1059.0,383.60161111440385,0.971601799640277,37.81776102686797,38.02948320637413,133.61545710208944,133.6432444868713,0.09280049153561779,0.4591334425369214,0.23904062712359286,0.33516082771230993,GREEN,3.9061554178540234,3.9061554178540234,3.9061554178540234
1060.0,383.68775862799794,0.971136999210792,37.796243606193535,38.015558406726946,133.5717399038951,133.62431194874313,0.09690261258399582,0.4405724595912979,0.24975484523226332,0.3217602249323291,GREEN,3.971425889826264,3.971425889826264,3.971425889826264
1061.0,383.76815486705317,0.9706952861452897,37.83355955468983,38.002248152658254,133.5349454905842,133.6055157824855,0.09930517829853854,0.42250052080735684,0.25609884871902827,0.3087124348436048,GREEN,4.033471126623709,4.033471126623709,4.033471126623709
1062.0,383.8653085119832,0.9702822962808175,37.85296471133003,37.99088771962125,133.5034070115956,133.59938868342027,0.10088878166515983,0.4049830970660439,0.26033795022612527,0.2960643299236147,GREEN,4.091867969946719,4.091867969946719,4.091867969946719
1063.0,383.95673447357916,0.969896906890911,37.845466289097374,37.98032011915579,133.48213555314666,133.59403726385486,0.10236143169543914,0.3874430011076181,0.2642994141819799,0.28339212046619117,GREEN,4.146413617777682,4.146413617777682,4.146413617777682
1064.0,384.0617170708137,0.9695374123750451,37.84592807671575,37.9714326932696,133.4772400275735,133.5992952833829,0.10363378568090971,0.37009043473835906,0.26774825724031115,0.27084810719070834,GREEN,4.197651567908736,4.197651567908736,4.197651567908736
1065.0,384.1671007288525,0.9692047578218758,37.81296340747515,37.96361184298776,133.47894167401918,133.60842937416552,0.10543587070128008,0.35272025723448014,0.2725763094571847,0.25828102508188294,GREEN,4.245237042441772,4.245237042441772,4.245237042441772
1066.0,384.27328206488056,0.9688906830732866,37.815959860784005,37.95655396755769,133.48494396410365,133.62051167080512,0.10696022080291166,0.3353071946873803,0.2766937964378223,0.24567142384611548,GREEN,4.290311505825741,4.290311505825741,4.290311505825741
1067.0,384.3805485253419,0.9685944525977246,37.805167595653074,37.950244686311805,133.4988262451249,133.63559354096918,0.10858714173280144,0.3176320343347826,0.28108239216182007,0.2328573922064524,GREEN,4.332978530205509,4.332978530205509,4.332978530205509
1068.0,384.5063295569241,0.9683215037774979,37.79105550311898,37.9457573312299,133.5431400810093,133.66351652109753,0.11039946308353571,0.29955166084534196,0.2859578721982642,0.2197324204632545,GREEN,4.3727823730876025,4.3727823730876025,4.3727823730876025
1069.0,384.6438037990798,0.9680739405104067,37.79323958259586,37.942837149598624,133.58934550417712,133.7010158414159,0.1119640362795391,0.28169681363345456,0.29019459657574853,0.20675870933962487,GREEN,4.409318758566712,4.409318758566712,4.409318758566712
1070.0,384.78843880058326,0.9678393794982537,37.81666558561462,37.94077502474341,133.6529349831877,133.74402138613326,0.1130264415454546,0.2643499045211085,0.29313284493551484,0.19414319050675935,GREEN,4.444219575366674,4.444219575366674,4.444219575366674
1071.0,384.9503419206926,0.9676206643337776,37.81634323453232,37.94018037216062,133.72135055561654,133.7981982834383,0.11391961976204139,0.2476011077227097,0.29563319307901675,0.18195224099413526,GREEN,4.477267728400676,4.477267728400676,4.477267728400676
1072.0,385.09783529754054,0.9673966824858254,37.83428891109772,37.93866409077552,133.79119228046935,133.84411364150915,0.11434998325550794,0.231392134737059,0.2969311312672529,0.1701434896959895,GREEN,4.510830162497797,4.510830162497797,4.510830162497797
1073.0,385.2536708250765,0.9671740315336446,37.830329240836974,37.93760600407301,133.85881217636387,133.89454129616902,0.11461685127903545,0.21563244630895803,0.2978044126810393,0.15865088304303257,GREEN,4.5443920608948645,4.5443920608948645,4.5443920608948645
1074.0,385.40412051253486,0.9669668100905251,37.82800270693861,37.936883106889134,133.92519697797113,133.9442775966918,0.11491097979600727,0.20055854072894488,0.29875011631451487,0.14764897976605476,GREEN,4.57575866406907,4.57575866406907,4.57575866406907
1075.0,385.55452897764457,0.9667576568362339,37.8430780675752,37.93607775747707,133.98502243611298,133.99370634943068,0.1149181787358704,0.18584814735023916,0.29894817338688057,0.13690125885171936,GREEN,4.607426418353356,4.607426418353356,4.607426418353356
1076.0,385.706547485684,0.9665459750187565,37.87898123649466,37.935247697547865,134.04521787985274,134.04360510300324,0.11436460453687573,0.1715701154590621,0.2976807192167035,0.12645891969985928,GREEN,4.639508341654164,4.639508341654164,4.639508341654164
1077.0,385.8386946433378,0.9663364803668015,37.903384062524964,37.93352194134616,134.10608689530267,134.0834298432626,0.113956091369736,0.15781991348260738,0.2967894543625424,0.1163930136512635,GREEN,4.670961165930493,4.670961165930493,4.670961165930493
1078.0,385.96440631082896,0.9661221117774627,37.90640440316409,37.931284669219835,134.14933802018106,134.11920545735714,0.11343925272603272,0.14519137806228222,0.2956133808717213,0.10714267302236986,GREEN,4.70300327007368,4.70300327007368,4.70300327007368
1079.0,386.0650652478869,0.9659047233453723,37.903564317239976,37.92769447566995,134.1920241109709,134.14148586008335,0.11292130304793974,0.13289754793802677,0.2944332131867222,0.09812811652270746,GREEN,4.73503334306298,4.73503334306298,4.73503334306298
1080.0,386.1642637406221,0.9656957838115696,37.90290304228092,37.92436150032098,134.2191415972522,134.16416220114507,0.1116733636590997,0.12107284163156616,0.29134123235300147,0.08944924129370396,GREEN,4.765886423074363,4.765886423074363,4.765886423074363
1081.0,386.2534630497818,0.965491544740728,37.91440461278447,37.92071957420634,134.24347844543846,134.18226557573328,0.11051303277449882,0.11004927704949782,0.2884732257274218,0.08135210694319343,GREEN,4.795922588272276,4.795922588272276,4.795922588272276
1082.0,386.3427256693842,0.9653002787811208,37.922118788248675,37.91758798855325,134.26849509028656,134.20219124416747,0.10976936608465167,0.09998451868235642,0.28669151430925716,0.07395431456786528,GREEN,4.82417619211239,4.82417619211239,4.82417619211239
1083.0,386.411307390788,0.9651223370449806,37.93664975304759,37.91396303299043,134.29005449266086,134.21318205041408,0.10891297448010064,0.09087115476194052,0.2846090464790275,0.06725161257689007,GREEN,4.850205977003327,4.850205977003327,4.850205977003327
1084.0,386.46867171173704,0.9649385998753235,37.928084943102476,37.90955868389232,134.3085137094133,134.21751309061298,0.10809063104893864,0.08320870297006694,0.2826131591449689,0.061615152791986955,GREEN,4.8768428693981605,4.8768428693981605,4.8768428693981605
1085.0,386.525840857653,0.9647715814766383,37.92387560676227,37.90580036370254,134.32672105503815,134.22405930869942,0.10759616454177827,0.0775024564039543,0.2814741052627243,0.057421173621131465,GREEN,4.90116150601591,4.90116150601591,4.90116150601591
1086.0,386.56240099941147,0.9646173349588574,37.9001798866288,37.90153239027002,134.3386127880035,134.2216408173666,0.1074382607352884,0.07361869586279231,0.28121967254064223,0.05457296138003719,GREEN,4.923319523918764,4.923319523918764,4.923319523918764
1087.0,386.6032093438278,0.9644650119254766,37.90116361497137,37.89754755940653,134.33687634567326,134.22169716148917,0.10713318912024301,0.07128100083558744,0.28057425929974356,0.05286776880721894,GREEN,4.945297495503496,4.945297495503496,4.945297495503496
1088.0,386.6167645453942,0.9643120171991302,37.91586439976287,37.89220008350052,134.32970935114145,134.20746347141088,0.10710460030682775,0.07055566815192653,0.2806513505496058,0.05235661057577467,GREEN,4.966850524198151,4.966850524198151,4.966850524198151
1089.0,386.6419561400605,0.9641633551699689,37.916041483140674,37.887592777116325,134.3201122311864,134.19988898022328,0.10715534431306754,0.07098524778541557,0.28093470434052525,0.05270162436156159,GREEN,4.98802794342464,4.98802794342464,4.98802794342464
1090.0,386.6510665372187,0.9640148596762531,37.86485538444912,37.88220382342603,134.31035182595676,134.18396270256682,0.10702061598891778,0.07243772626248333,0.28074067714069817,0.053805929876516854,GREEN,5.008873751873381,5.008873751873381,5.008873751873381
1091.0,386.65260395318444,0.9638633429519903,37.82127568690719,37.87632508124865,134.29833894585207,134.1636728556473,0.10703822400748653,0.07444423274569789,0.2809477149000778,0.05532205610085411,GREEN,5.029993795009801,5.029993795009801,5.029993795009801
1092.0,386.64313215127373,0.9636992347602221,37.766084445071336,37.86941237525573,134.2858730807917,134.13590100703783,0.10778694122037209,0.0768975164975577,0.28307394498595756,0.05717065330658582,GREEN,5.052650948606441,5.052650948606441,5.052650948606441
1093.0,386.627209633743,0.963522818211207,37.750991028272885,37.861700307604536,134.2724152137934,134.10306158259505,0.10871021532393335,0.07976734609878473,0.2856554633312173,0.05932943721284144,GREEN,5.076892485912822,5.076892485912822,5.076892485912822
1094.0,386.6194145048608,0.963344279723052,37.74132105846039,37.85430301192118,134.24634782900037,134.07415772251568,0.10968414066839095,0.08256433392874923,0.28836638193346087,0.06143444246424421,GREEN,5.101587174272538,5.101587174272538,5.101587174272538
1095.0,386.60341880022264,0.9631519659779308,37.72696574482247,37.8459631755976,134.22181050544262,134.0390734338871,0.11074869166717571,0.08545350548659784,0.2913128022360411,0.06360831483378158,GREEN,5.128034321316676,5.128034321316676,5.128034321316676
1096.0,386.58967231512395,0.9629486969760612,37.709569374552345,37.837303241137974,134.19692905377894,134.0036375918964,0.11191704659384953,0.08849127303748247,0.29452893521316675,0.06589288701704267,GREEN,5.156047667252693,5.156047667252693,5.156047667252693
1097.0,386.56475591099223,0.9627349209753511,37.69656740349385,37.82768421491288,134.17789889721436,133.96093651019254,0.11318942926491934,0.0921985574906605,0.29802034672989247,0.06867603454423167,GREEN,5.185295325332987,5.185295325332987,5.185295325332987
1098.0,386.5434640899742,0.9625171439605537,37.7087968470379,37.81808579722938,134.14034663592258,133.9195685487521,0.11403692694567702,0.09609087417576712,0.300385433010112,0.07159704464435794,GREEN,5.215167272888891,5.215167272888891,5.215167272888891
1099.0,386.50333532687785,0.9622716984692163,37.699791067768686,37.80647946255182,134.0956746258871,133.86457025231232,0.11477052106116002,0.10030396374957865,0.30244485192482906,0.07475710047021183,GREEN,5.248499855916265,5.248499855916265,5.248499855916265
1100.0,386.45495709065676,0.961995767276713,37.72518821031579,37.793272967921695,134.03930401600698,133.80105906858154,0.11494200570310396,0.10473978176470558,0.3030128211881958,0.07808324939831639,GREEN,5.285892891046359,5.285892891046359,5.285892891046359
1101.0,386.41434793361896,0.9616808168292375,37.745194437658654,37.778914640446175,133.9720732594084,133.7361710622981,0.11493213191855098,0.10900409525099794,0.30309560953373965,0.08128157474151543,GREEN,5.328858334087556,5.328858334087556,5.328858334087556
1102.0,386.36810513873627,0.9613388862517319,37.769331075965646,37.76322235831523,133.89743257554272,133.66462311253764,0.114825872013312,0.11305493058422356,0.3029144894978702,0.08432063409252886,GREEN,5.375443844180467,5.375443844180467,5.375443844180467
1103.0,386.3089941170562,0.9609477569401232,37.76630004485107,37.74497039356827,133.81085849941877,133.57957980039194,0.11483978160990176,0.11692137831548662,0.3030478712556955,0.08722195970139705,GREEN,5.4285804618680515,5.4285804618680515,5.4285804618680515
1104.0,386.23597090110394,0.9605066503412029,37.759512615960844,37.72407825272866,133.71392067658064,133.48040613786185,0.11489710703232836,0.12068696646478458,0.303290412331424,0.09004795231114557,GREEN,5.488341335615132,5.488341335615132,5.488341335615132
1105.0,386.1567748938688,0.9600095975470306,37.73598738077774,37.70069063542815,133.598081984639,133.37030031659737,0.11495218215147963,0.12403771603371327,0.30352468458917203,0.09256440537409157,GREEN,5.555706941432732,5.555706941432732,5.555706941432732
1106.0,386.08201267545064,0.9594655054283715,37.694396111667025,37.67567586104159,133.4585886353852,133.2560036866622,0.11481348749751502,0.1265010560384517,0.3032440893941702,0.09441887420921967,GREEN,5.629660188421582,5.629660188421582,5.629660188421582
1107.0,386.01375634502773,0.9588734302843636,37.64793561232324,37.649098157332304,133.32300407703366,133.13845834998259,0.1141896685497469,0.1284302293738345,0.3016766753487872,0.09587478210009456,GREEN,5.710376277230978,5.710376277230978,5.710376277230978
1108.0,385.94245993294743,0.9582376798318742,37.591711997924044,37.62066138990679,133.20290049502273,133.01332545881823,0.11368438066095697,0.13051701163581203,0.3004247690626343,0.09744853585969017,GREEN,5.797043052421884,5.797043052421884,5.797043052421884
1109.0,385.8634931108587,0.9575715991113027,37.560477241981374,37.590664625906186,133.08015418154184,132.88007367427304,0.11334971525841285,0.13287521190940013,0.2996244917642995,0.09922530561578985,GREEN,5.887694498462622,5.887694498462622,5.887694498462622
1110.0,385.79465372264224,0.956881701046378,37.50859856416345,37.560230932697614,132.9520248808758,132.7488058633306,0.11303174483378825,0.13531538976458732,0.29886898359315267,0.10106384004371373,GREEN,5.981828987524949,5.981828987524949,5.981828987524949
1111.0,385.703630079933,0.9561910174892669,37.46222742491817,37.52869170198912,132.82185475369678,132.60604283136038,0.11191169239125505,0.13806418687369215,0.2959862154744474,0.10313366699104567,GREEN,6.075497160044961,6.075497160044961,6.075497160044961
1112.0,385.6150605274208,0.9554944718844604,37.39364224497468,37.49704761647436,132.68631760074757,132.46380499829536,0.11037762066709338,0.14093914288760143,0.29200694600988664,0.10529881565785604,GREEN,6.169969341649846,6.169969341649846,6.169969341649846
1113.0,385.5293085925758,0.9548122150209113,37.33721085683757,37.4661069017797,132.55817154059582,132.32506979610125,0.10909272205195816,0.14408684654998558,0.2886878626204538,0.10766920850971033,GREEN,6.262463662719455,6.262463662719455,6.262463662719455
1114.0,385.4447688968994,0.954151643848008,37.317086113554105,37.43608138276209,132.4395833353184,132.19003057426883,0.1075374819157373,0.14764330032530917,0.28465041430698934,0.11034663952732596,GREEN,6.351920725168554,6.351920725168554,6.351920725168554
1115.0,385.3571556819842,0.9535278492527391,37.27911528392377,37.40735469064098,132.32540351323044,132.05856985573,0.10602068152848387,0.15160576092331582,0.28071385589487863,0.11332928411138762,GREEN,6.436147376935736,6.436147376935736,6.436147376935736
1116.0,385.2578333831421,0.9529483683518264,37.27151768067738,37.37980329367686,132.22327759208346,131.9272937863205,0.10384115762315535,0.15633068576434297,0.2750172337706048,0.11688384239271359,GREEN,6.513883267684633,6.513883267684633,6.513883267684633
1117.0,385.14772201729085,0.9524154174544966,37.26049738617087,37.3535588742069,132.1130606700944,131.7969874746458,0.10127470009401872,0.1615615514326105,0.2682912811943693,0.12081902584955849,GREEN,6.5848415668214955,6.5848415668214955,6.5848415668214955
1118.0,385.04223655717675,0.9519305050943301,37.222944814998165,37.32942769955153,131.99737233468142,131.67577023319487,0.09863941397302906,0.16680959590525607,0.2613809647732654,0.12476956447957208,GREEN,6.649212030239028,6.649212030239028,6.649212030239028
1119.0,384.94098374493313,0.9514968856514976,37.15448122003129,37.30751729114259,131.87390887482766,131.56387763279739,0.09681406553310476,0.17150673987953116,0.2566192132571815,0.12831077220638817,GREEN,6.706546177065633,6.706546177065633,6.706546177065633
1120.0,384.8283592180097,0.9511107926493323,37.14354205037666,37.28692303042738,131.7509300035313,131.45278137350533,0.09441371023410687,0.17564179908425198,0.25032891738974655,0.13143420898021121,GREEN,6.756964945681915,6.756964945681915,6.756964945681915
1121.0,384.7114741195472,0.9507586506734025,37.1236806303829,37.26745684445039,131.63068452454158,131.34424880529377,0.09372412331387103,0.17926087834471566,0.24857852175283918,0.13417426169325913,GREEN,6.802533989967003,6.802533989967003,6.802533989967003
1122.0,384.6008836284735,0.9504430743302091,37.09662579918532,37.24973188635985,131.51375024107915,131.24404080792155,0.0941161866321815,0.18219030560117966,0.24970184953172864,0.13640075240168267,GREEN,6.843178040415154,6.843178040415154,6.843178040415154
1123.0,384.5075225525571,0.9501659676750172,37.08874523081875,37.2343514277919,131.39996227172776,131.15800392039247,0.09438282014280774,0.18428330988926364,0.2504930792023027,0.1380035805996468,GREEN,6.8789373955820565,6.8789373955820565,6.8789373955820565
1124.0,384.41518868579504,0.9499131030295651,37.06310297459561,37.219972646847204,131.28231674761608,131.0758711473977,0.09516158972878451,0.18553268349104834,0.2526474270578333,0.13897726744526634,GREEN,6.911351820004711,6.911351820004711,6.911351820004711
1125.0,384.3224945563274,0.9496703748415867,37.067436913797835,37.205975394565115,131.17309501984784,130.99498319474534,0.09485441907764763,0.18620326511438703,0.25191501371653857,0.13951974522072366,GREEN,6.942333441668069,6.942333441668069,6.942333441668069
1126.0,384.25362210245027,0.9494364466641277,37.05029486431178,37.193477534581326,131.0757235253662,130.9275136166934,0.09491893236858387,0.18636375408879013,0.25217181203340844,0.13968202319966536,GREEN,6.972726127326325,6.972726127326325,6.972726127326325
1127.0,384.18866537173267,0.9492081418335593,37.0424097946924,37.18139076950183,130.97594026108854,130.86284045449122,0.09476678149053487,0.18609913143822984,0.25185265174789284,0.13952765809463963,GREEN,7.00243343760485,7.00243343760485,7.00243343760485
1128.0,384.1258135684422,0.9489824696508317,37.03194294967978,37.16951020597103,130.88757004694247,130.79962405124004,0.09432538248240588,0.18579635869034997,0.2507639037000075,0.13934689470276812,GREEN,7.0318198735001545,7.0318198735001545,7.0318198735001545
1129.0,384.07987433028455,0.9487603210805794,37.047882499706326,37.158586969850504,130.80983907353223,130.74554686303793,0.09342668377609312,0.1854220608174231,0.24845676850994255,0.13911450563019315,GREEN,7.061172028965103,7.061172028965103,7.061172028965103
1130.0,384.03781189865265,0.948544586900585,37.02191395380466,37.14810335154494,130.7470628286123,130.69434485606365,0.09347310894093887,0.18517392230436078,0.2486678255947211,0.1389788368147851,GREEN,7.089736842313528,7.089736842313528,7.089736842313528
1131.0,384.0133573731135,0.9483439491587602,36.99417145393833,37.13906320664121,130.69390078236134,130.65421959609185,0.0939761768615164,0.1849789138148487,0.2500973145277185,0.13888507251148682,GREEN,7.1167017157278,7.1167017157278,7.1167017157278
1132.0,383.9913629248579,0.9481529399412988,37.020153247845435,37.130519525193556,130.6503197350364,130.61668162865107,0.09409019131426775,0.18490370309587986,0.2504911936954186,0.13888318922573356,GREEN,7.142403563594058,7.142403563594058,7.142403563594058
1133.0,383.9582718724825,0.9479747595043523,37.04185874927671,37.121942195558816,130.60925995281372,130.57525504802808,0.09363785741989797,0.1848982841393968,0.2493742134495635,0.13893563740679907,GREEN,7.16602312302706,7.16602312302706,7.16602312302706
1134.0,383.94637420163133,0.9478185950533535,37.03891748746545,37.115251862720996,130.58307477277847,130.54767662312045,0.09309984746529017,0.18493834502567041,0.24802826838644504,0.13902392889038773,GREEN,7.187199337792521,7.187199337792521,7.187199337792521
1135.0,383.9554042725979,0.9476803484285365,37.05130918071325,37.11027471038221,130.56709564067788,130.53324014138906,0.09263574609286582,0.18498658834861606,0.24687864375438426,0.13911976975133084,GREEN,7.206494947390638,7.206494947390638,7.206494947390638
1136.0,383.9462758411786,0.947556421076476,37.04301408788287,37.10498074327391,130.55003512271577,130.51151597071288,0.09269635366721238,0.1850532984554034,0.24713192967999875,0.13923093553483828,GREEN,7.223307062246619,7.223307062246619,7.223307062246619
1137.0,383.95683930874856,0.9474491084107337,37.04456180274296,37.101288900873676,130.53740357816838,130.50212082813317,0.09290375942467792,0.1850862378548793,0.24777943593544904,0.13931806378670913,GREEN,7.238386466279223,7.238386466279223,7.238386466279223
1138.0,383.9612594528573,0.9473546953030714,37.059126015432,37.09780529982617,130.52301404338064,130.49136962814399,0.09298239710796039,0.18509044294928312,0.24808260057741827,0.13938463989366062,GREEN,7.251516193937732,7.251516193937732,7.251516193937732
1139.0,383.9663940144282,0.9472620363687725,37.06488910240312,37.09442485711563,130.5083724778512,130.481223785835,0.09300839268377235,0.1850086151572915,0.24824453846852265,0.13938746238400565,GREEN,7.2644250169195175,7.2644250169195175,7.2644250169195175
1140.0,383.9837707497908,0.9471740001808925,37.044486713661904,37.09181667596317,130.49092888593077,130.47795402406942,0.09316770957857937,0.18488000045025357,0.24876475739784673,0.1393558015352688,GREEN,7.277045584398081,7.277045584398081,7.277045584398081
1141.0,384.0127517423575,0.9470687136964087,37.03628195279143,37.08909316517528,130.47885567167765,130.4782205634664,0.09341328170222933,0.18471104740170266,0.24951795886138772,0.13929432864094962,GREEN,7.29237482893123,7.29237482893123,7.29237482893123
1142.0,384.0435836307948,0.9469470304094817,37.02262341262909,37.08581650234727,130.4660822301516,130.47716837296502,0.09376702604016805,0.18451815468431723,0.25056318827084817,0.13921539715798287,GREEN,7.310019487525665,7.310019487525665,7.310019487525665
1143.0,384.085555545939,0.9468139103008074,37.01291881386028,37.08262924917914,130.45380407133084,130.48021337348567,0.0941523736530707,0.18428262005904852,0.2516964570366022,0.13910479443793455,GREEN,7.32956313479508,7.32956313479508,7.32956313479508
1144.0,384.12109050667055,0.9466551243043317,37.00571491678343,37.0781253689593,130.44391134597126,130.47643621327938,0.09458507803158295,0.1839556920257806,0.25295715599483204,0.13892555951833804,GREEN,7.352465636443952,7.352465636443952,7.352465636443952
1145.0,384.16412431197784,0.9464794266333243,36.99136134226591,37.07332025070885,130.42850746326476,130.474142820067,0.09514644567156536,0.183572190584076,0.2545642804635968,0.13870399151538523,GREEN,7.377921523444627,7.377921523444627,7.377921523444627
1146.0,384.2147785516127,0.9462806346593589,37.00101259095874,37.06797719854665,130.41621222573,130.4725400108006,0.0955382294197138,0.18309448047417384,0.25571502760604914,0.1384114102484344,GREEN,7.406790107550563,7.406790107550563,7.406790107550563
1147.0,384.25787358297225,0.946069208196231,37.013258607297246,37.06177346217601,130.41594072206206,130.46533584760164,0.09574217218875666,0.1826010661142762,0.25636243797820685,0.1381066365564095,GREEN,7.437192548123107,7.437192548123107,7.437192548123107
1148.0,384.3214917977543,0.9458485293012888,37.0058228445498,37.05619563447542,130.41683887088018,130.46729745972792,0.09591413088678319,0.1820343820473493,0.25692722522883626,0.13774597786612183,GREEN,7.469479326409186,7.469479326409186,7.469479326409186
1149.0,384.3857747183073,0.9456175723937436,37.00188286727012,37.0502454541746,130.4240264556374,130.46816699008158,0.09604693654351608,0.18146100276875343,0.2573880221786087,0.13737960330143315,GREEN,7.503218905184212,7.503218905184212,7.503218905184212
1150.0,384.4489235366787,0.9453848391081097,37.02014685402041,37.04416925634898,130.44038020214637,130.46820080823773,0.09607088950720645,0.18076160668877786,0.25754937917305276,0.13691696586038196,GREEN,7.537186427846336,7.537186427846336,7.537186427846336
1151.0,384.5109926560566,0.9451664278708225,37.002400050988484,37.03860055333636,130.45493876831821,130.46964891164612,0.09592158161707139,0.17993364238093404,0.2572432300790086,0.13635598758606993,GREEN,7.569161042231798,7.569161042231798,7.569161042231798
1152.0,384.5730507589751,0.9449700978458652,36.97610035610129,37.033895071789,130.4741679637269,130.47412816047444,0.09528208621425659,0.17888894685001522,0.2556184846876175,0.13562959978105799,GREEN,7.59810127609785,7.59810127609785,7.59810127609785
1153.0,384.6445908864107,0.944777326128268,36.9594740581168,37.029783991467674,130.4928259000952,130.4839131421502,0.09464032785570614,0.17755159358904524,0.2539866921389809,0.13467997159697018,GREEN,7.626845375815094,7.626845375815094,7.626845375815094
1154.0,384.70926863912644,0.9446049785953141,36.97056366168655,37.026141538157475,130.50766315257172,130.49301665844067,0.09378445837338353,0.17616465736064896,0.2517765905519271,0.1336911151331807,GREEN,7.652578183216747,7.652578183216747,7.652578183216747
1155.0,384.7530412748536,0.9444462592130157,36.99957786777443,37.02202616053079,130.52156458729087,130.4933586205244,0.09256304295451179,0.17461586074486643,0.24857844446468913,0.1325777843880165,GREEN,7.675814424071405,7.675814424071405,7.675814424071405
1156.0,384.80876002979693,0.9443065609542294,37.01936348257873,37.01923024287859,130.5401872489322,130.50239993256088,0.09108229724996236,0.17289246279417386,0.24467748262047048,0.13133005836475378,GREEN,7.6967880522045675,7.6967880522045675,7.6967880522045675
1157.0,384.86392149105563,0.9441817523521007,37.01129099716031,37.01699029225259,130.55315877161752,130.5132096154503,0.08949859925046186,0.17068643175710405,0.24049692837227016,0.12971387024674363,GREEN,7.7156952435156825,7.7156952435156825,7.7156952435156825
1158.0,384.89397830453044,0.9440732531213067,36.98881833902761,37.0141818085316,130.56478362972527,130.513499511075,0.08844011034018175,0.16842003919810275,0.23772925647806142,0.12804950643010832,GREEN,7.73159860982787,7.73159860982787,7.73159860982787
1159.0,384.91580666687713,0.9439844911164412,37.003681782727675,37.01175119868341,130.57314358040904,130.51233036463088,0.08736722201064845,0.1659421381052901,0.23491856715610765,0.12622190262508115,GREEN,7.744528294429529,7.744528294429529,7.744528294429529
1160.0,384.9420905026659,0.943909390569321,37.00478024186643,37.010070200731214,130.57341332832135,130.51531434405155,0.08692662982443036,0.16323921245301026,0.23380935927463847,0.12422053474595036,GREEN,7.755705785678259,7.755705785678259,7.755705785678259
1161.0,384.9650841697021,0.9438417744026983,37.04041563739397,37.008524276821134,130.56637051359763,130.51765839143943,0.08691512576082178,0.1604963890133995,0.23385230074339006,0.12218609900054551,GREEN,7.765750895076167,7.765750895076167,7.765750895076167
1162.0,384.98987638075084,0.9437751741022955,37.07511027108309,37.007104437886724,130.56174824744807,130.52105622769258,0.08735386101737456,0.15774457452833326,0.23510594483008204,0.12014198854508112,GREEN,7.775711698887193,7.775711698887193,7.775711698887193
1163.0,385.01526858291004,0.9437165203182522,37.096223346263145,37.00602483379898,130.56702828350691,130.52585688281607,0.08808354364895762,0.15498420861487772,0.2371411063961526,0.11808825312457466,GREEN,7.784593419355701,7.784593419355701,7.784593419355701
1164.0,385.04321796359864,0.9436583258944807,37.09440340790891,37.005085932016264,130.57397117977317,130.5320202460019,0.0887172152692318,0.1521204093391167,0.23891839803785697,0.11595245254091302,GREEN,7.793490867644465,7.793490867644465,7.793490867644465
1165.0,385.0749330702127,0.9436076741386126,37.060861248392335,37.004623546801085,130.5846209550428,130.5411407068507,0.08889708243765425,0.14935657445283068,0.23947535277859364,0.11388934389354174,GREEN,7.80146108050468,7.80146108050468,7.80146108050468
1166.0,385.1095693880918,0.9435484111123964,37.04317326855061,37.00396356604455,130.59066809670327,130.55055406274224,0.08900827947844332,0.1471400497376883,0.23984502740041821,0.11224007960041046,GREEN,7.810713388102897,7.810713388102897,7.810713388102897
1167.0,385.14053627830697,0.9434896018952699,37.017143035025136,37.003144826282806,130.59713119283668,130.558162951903,0.08902649673738115,0.1452855265008195,0.23996209585496006,0.11086384883790548,GREEN,7.8197934025066616,7.8197934025066616,7.8197934025066616
1168.0,385.19098519387603,0.9434204563781353,36.99952518265625,37.00285621012332,130.60512706364588,130.5742460900771,0.08894905430710245,0.14326478939443077,0.2398171560538399,0.10935800355865485,GREEN,7.8309000007356815,7.8309000007356815,7.8309000007356815
1169.0,385.2521863116534,0.9433360090291146,36.9650281437356,37.00248323633326,130.61531236174102,130.593676050889,0.08899509926029138,0.14094466487314433,0.24000551620575222,0.10762073565130194,GREEN,7.844457128503308,7.844457128503308,7.844457128503308
1170.0,385.307117311607,0.9432325641491035,36.95302979860315,37.0010632042984,130.63127984200872,130.60728422332505,0.08896150554436301,0.13851604804715806,0.23997484425343765,0.10579756962788633,GREEN,7.860458714649923,7.860458714649923,7.860458714649923
1171.0,385.3643718351648,0.943119396374643,36.98981204173721,36.999372512052645,130.65561876517896,130.6207230143206,0.08855533774513276,0.13575987757812155,0.2389299478151717,0.10372102831481422,GREEN,7.877884390454938,7.877884390454938,7.877884390454938
1172.0,385.413385527375,0.9429960990816858,36.99589159747161,36.99688800902046,130.6741731119644,130.62856411207935,0.08754343613032518,0.13281647640146477,0.23624200434778478,0.10149826467127908,GREEN,7.896467157179217,7.896467157179217,7.896467157179217
1173.0,385.4497743075288,0.9428727448891181,36.97463284538227,36.993794671580915,130.68273593223196,130.62997441660073,0.0859829612725493,0.12954152091558271,0.2320687995472654,0.0990191983201,GREEN,7.914675563670812,7.914675563670812,7.914675563670812
1174.0,385.48362723547956,0.9427406614635949,36.9484589809715,36.9902366180462,130.68828938732858,130.62888220537567,0.08477122886701859,0.1257055402642401,0.22883626862813294,0.0961084867338862,GREEN,7.934020133615121,7.934020133615121,7.934020133615121
1175.0,385.50540064259104,0.9426022399765605,36.94889197080199,36.98584988384463,130.69153577951118,130.62076818916358,0.08327566836705196,0.12123811434913388,0.22483247118830307,0.09271220735961148,GREEN,7.9538740612215975,7.9538740612215975,7.9538740612215975
1176.0,385.5004876460458,0.9424710891495343,36.93717909716911,36.980468137121285,130.6856375578521,130.60009736018938,0.08228389712007862,0.11558773971881434,0.2221882567401703,0.08840862553892379,GREEN,7.971895843379485,7.971895843379485,7.971895843379485
1177.0,385.48971493779106,0.9423304346997298,36.91343954097127,36.97443253837414,130.67952018596603,130.57513307065872,0.08178203640294607,0.10898210398649157,0.22086759784135976,0.08337146389005545,GREEN,7.991051637432548,7.991051637432548,7.991051637432548
1178.0,385.466932608761,0.9421851769326411,36.94390197400191,36.96764058971398,130.67147866551014,130.54343178332695,0.08067661844940863,0.10211056358310978,0.21790958079023887,0.07812793341431576,GREEN,8.010469274978249,8.010469274978249,8.010469274978249
1179.0,385.4353571854572,0.9420421965377749,36.94996306436965,36.960516702828244,130.65994223364117,130.5075839076579,0.07823195703477162,0.09597636168845666,0.21132594504582247,0.07344583678350503,GREEN,8.029293089257663,8.029293089257663,8.029293089257663
1180.0,385.4234478745751,0.941902585710097,36.977494874913866,36.954468218415634,130.6447120111291,130.48219490211235,0.07606866060327815,0.0903886907854079,0.20549765110167842,0.06917963640111922,GREEN,8.048261306097658,8.048261306097658,8.048261306097658
1181.0,385.39832356632985,0.941756244074815,36.942066588166426,36.94752237806524,130.62538417417613,130.44916585179607,0.07377269520520915,0.08555840122351539,0.19931145387520074,0.06549113774585667,GREEN,8.067745156264039,8.067745156264039,8.067745156264039
1182.0,385.3731080869026,0.9416085201953317,36.93968143568027,36.940518275835416,130.59685011231983,130.41590345568352,0.07107553022923249,0.08156928705187858,0.1920381031230744,0.06244495333599199,GREEN,8.087413643262664,8.087413643262664,8.087413643262664
1183.0,385.34634947099215,0.9414489084606021,36.91170691669154,36.93297420282311,130.56457948322836,130.38021597797817,0.06859968327239946,0.07902098599911647,0.18536342032290554,0.06050056299434641,GREEN,8.108675778418501,8.108675778418501,8.108675778418501
1184.0,385.3176374033127,0.9412777183489976,36.91081259959808,36.924882717704186,130.53417410508564,130.34193907048092,0.06556737843058955,0.07842124461057536,0.1771819717125516,0.06004711755518127,GREEN,8.131474811131852,8.131474811131852,8.131474811131852
1185.0,385.28719354210483,0.9411044548710917,36.868089316554894,36.916627383227286,130.502163008601,130.302502402101,0.06339136378069644,0.07928156909846815,0.1713171336538124,0.06071106589937492,GREEN,8.154500673024415,8.154500673024415,8.154500673024415
1186.0,385.26351015498886,0.9409261814518554,36.86148290963869,36.90849984174564,130.47057377231292,130.2658072269184,0.060939480218468595,0.08135285213264051,0.16470484934174756,0.062301994165394496,GREEN,8.178429733219502,8.178429733219502,8.178429733219502
1187.0,385.2361504267892,0.9407498689874942,36.90352103039254,36.900273541967366,130.43919841898494,130.2275242676304,0.058239741554474395,0.08456866767172418,0.1574179496954463,0.06476918120147634,GREEN,8.201965398725918,8.201965398725918,8.201965398725918
1188.0,385.20980043348567,0.9405763459918515,36.879717280191485,36.89220545000176,130.4007157668169,130.1901449976734,0.05548922630589751,0.08810194131079256,0.1499937852332147,0.0674794270493062,GREEN,8.225142131821684,8.225142131821684,8.225142131821684
1189.0,385.1759231718324,0.9404031088820575,36.87461802570943,36.883788595936274,130.36193719001608,130.1489955228886,0.053630195756061524,0.0919173350564337,0.1449799280072151,0.0704057557913814,GREEN,8.248032617106077,8.248032617106077,8.248032617106077
1190.0,385.11979112188396,0.9402321657980306,36.82945219920668,36.874396829936735,130.31401894741208,130.0968936124971,0.05142439912781616,0.09585510032204043,0.13902899541405608,0.07342601797721487,GREEN,8.26988253589829,8.26988253589829,8.26988253589829
1191.0,385.0719798849714,0.9400654471631472,36.799759633859274,36.86556981555568,130.25821592544685,130.04960374789488,0.048649338733604094,0.09943477422780948,0.13153797342183549,0.07617232289763959,GREEN,8.291406593829663,8.291406593829663,8.291406593829663
1192.0,385.03224830383715,0.9398935631538513,36.75196139286911,36.85692762989208,130.21049767937197,130.00570163635894,0.048449748071600955,0.10279805093618688,0.1310141544940621,0.07875319399142622,GREEN,8.31389829804155,8.31389829804155,8.31389829804155
1193.0,385.0023306468311,0.9397155062306944,36.769702569335024,36.848513637446004,130.16727384851313,129.96592354442043,0.048414961768113086,0.10594274931816358,0.1309361482793429,0.08116691597667655,GREEN,8.337555202810762,8.337555202810762,8.337555202810762
1194.0,384.9752055406646,0.939544539554147,36.76687046290453,36.84051176475631,130.12401985058,129.9285459933435,0.048345392037097853,0.10881091917091594,0.13076403468845435,0.08336922077631977,GREEN,8.360316879511828,8.360316879511828,8.360316879511828
1195.0,384.95153642765564,0.9393733563815195,36.77314316330519,36.8326671672978,130.08338192855393,129.89289319994944,0.04835679704643597,0.11146963179437683,0.1308112861218431,0.08541156050074834,GREEN,8.383216418806228,8.383216418806228,8.383216418806228
1196.0,384.93246190030226,0.9392022786813403,36.75990804781111,36.82504685721064,130.04593836449789,129.8595847391996,0.04842623038275973,0.11392780442991315,0.1310158349413668,0.08730071024304868,GREEN,8.406247538725808,8.406247538725808,8.406247538725808
1197.0,384.913006214416,0.9390406588066925,36.762000874617264,36.81777944891425,130.00667503952562,129.82739478930623,0.048407863175542055,0.11616577328699372,0.13098283150772325,0.08902165721871547,GREEN,8.427955042177473,8.427955042177473,8.427955042177473
1198.0,384.8917128995227,0.9388847968950869,36.77208987014639,36.81065021475495,129.97338256065038,129.79507494278425,0.048406281646153806,0.1183540909429085,0.13099550883410785,0.09070500459812449,GREEN,8.448802657555547,8.448802657555547,8.448802657555547
1199.0,384.87247675985776,0.9387423008408096,36.77345681878547,36.804143668966745,129.94191989838274,129.76564697572064,0.048418214227020126,0.12047105754502348,0.13104502549251582,0.09233410041401639,GREEN,8.46786701368049,8.46786701368049,8.46786701368049
1200.0,384.8579109635253,0.9386073557812077,36.77473814131985,36.79815669273303,129.91949411040608,129.73962755278507,0.048126172947587975,0.12267709470197856,0.13027046028885775,0.09403176422539458,GREEN,8.486039179607133,8.486039179607133,8.486039179607133
1201.0,384.84072676533873,0.9384828011456344,36.78093212094685,36.79245208792488,129.89646003290636,129.7137226958852,0.04766399704189588,0.12492482438452336,0.12903428282771073,0.09576176959193261,GREEN,8.502686318259435,8.502686318259435,8.502686318259435
1202.0,384.8088711941359,0.9383752636570397,36.79267358776523,36.786713545673706,129.87227705275998,129.68275565690095,0.04696693027265638,0.12729023016818145,0.12716040153132177,0.09758238661406325,GREEN,8.516492212763467,8.516492212763467,8.516492212763467
1203.0,384.7636151492423,0.9382971293892132,36.783256608821205,36.78148741950154,129.8451100860924,129.6490828245238,0.046097204830788045,0.12973674613192043,0.12481860266749285,0.09946565401026371,GREEN,8.525786056210364,8.525786056210364,8.525786056210364
1204.0,384.71257151092175,0.9382403796604349,36.78167416270359,36.77682312332374,129.8163696431411,129.61544452975647,0.045143732786041155,0.13223781809106344,0.12224922179891108,0.10139128844660833,GREEN,8.531929362493258,8.531929362493258,8.531929362493258
1205.0,384.66372856891286,0.9382049228762093,36.79878669829335,36.773098729842786,129.78889605769268,129.58586410307254,0.04401136323750335,0.13468171249378544,0.11919312493899012,0.10327354753461397,GREEN,8.535201927797829,8.535201927797829,8.535201927797829
1206.0,384.61412724024393,0.9381930516745084,36.82332323199251,36.77026249475829,129.76234025360282,129.55916095463076,0.04369423852329643,0.13701939211752343,0.11834376826718486,0.1050748540377195,GREEN,8.535190440735704,8.535190440735704,8.535190440735704
1207.0,384.57033323451174,0.9381922703457077,36.80740291459163,36.768138395512125,129.73789231396864,129.53692536645872,0.04353910122378122,0.13930821132413101,0.11793454533976482,0.10683931951312674,GREEN,8.533840574435885,8.533840574435885,8.533840574435885
1208.0,384.544909173824,0.9382132427095271,36.83717133627909,36.767744887404156,129.71526509293554,129.52697537416597,0.04397382061351445,0.14126297070508506,0.11912114119296473,0.10834819477544858,GREEN,8.530098943071977,8.530098943071977,8.530098943071977
1209.0,384.5231486932546,0.9382449274659032,36.86439077010804,36.76794623549713,129.69231289749445,129.52035502860028,0.04527405850395906,0.14288309530516835,0.1226509828094424,0.10960107631642313,GREEN,8.525000972865769,8.525000972865769,8.525000972865769
1210.0,384.49200453346754,0.9382848959729171,36.88256734048264,36.768023432027,129.66341730958996,129.5101365398204,0.04752677377995344,0.1442021580800723,0.12876176409055884,0.11062387573698182,GREEN,8.518448483420372,8.518448483420372,8.518448483420372
1211.0,384.4616070752048,0.9383318506418863,36.87996761122874,36.76840989878061,129.63683357302392,129.5012587965654,0.04944058730642835,0.14524805652125272,0.13395416286271966,0.11143788734468549,GREEN,8.510957998566568,8.510957998566568,8.510957998566568
1212.0,384.4314711920122,0.9383895912565676,36.89390077896342,36.76923130102405,129.60880053998227,129.49400070465515,0.05145621924842619,0.14600221893284684,0.13942048442989724,0.11202889590668051,GREEN,8.501989352367815,8.501989352367815,8.501989352367815
1213.0,384.4113555653169,0.938442492628751,36.89541493902979,36.77034209929138,129.5843636137244,129.49113665519076,0.0531608061252133,0.14649292955305296,0.1440432247635628,0.11241848347391699,GREEN,8.494022448658143,8.494022448658143,8.494022448658143
1214.0,384.39292178043104,0.9385043799760355,36.906585053644214,36.77188529040567,129.56268721417868,129.49036140121873,0.05547062350717015,0.14677801878869842,0.15030619237072534,0.11265087581695728,GREEN,8.48487256042273,8.48487256042273,8.48487256042273
1215.0,384.40466746401296,0.9385627811813192,36.92237191912923,36.7747353693384,129.54247718982248,129.50435488473207,0.05858214024241494,0.14681535691452177,0.15874286075762972,0.11269364628471668,GREEN,8.477203175488228,8.477203175488228,8.477203175488228
1216.0,384.42434297664965,0.9386183318548871,36.93258060706277,36.77785314354669,129.53305101662147,129.52196346813838,0.06189407612152379,0.14674126856529507,0.1677239473589043,0.11265129145407927,GREEN,8.470188477347847,8.470188477347847,8.470188477347847
1217.0,384.4503735357118,0.9386805259049505,36.9450969543232,36.78153532350786,129.52944293877655,129.5437023513692,0.06539272699705,0.14666216222882997,0.17721008043362713,0.11260531187170966,GREEN,8.462465643306558,8.462465643306558,8.462465643306558
1218.0,384.45682197519824,0.9387424909687766,36.911018378462586,36.78427187086235,129.52909354340372,129.55551342295516,0.06732927746656972,0.1465523421277597,0.18246441912177502,0.11253590797930461,GREEN,8.454126781202064,8.454126781202064,8.454126781202064
1219.0,384.4689402230828,0.9387987730105114,36.89862540644979,36.78705701991697,129.52865827561857,129.56940677283487,0.06884478746304244,0.14643642145996455,0.1865803513923828,0.1124619271142265,GREEN,8.446758669452208,8.446758669452208,8.446758669452208
1220.0,384.48438331147054,0.9388615693637715,36.862205258414356,36.790256571024685,129.53546613831452,129.58588096976555,0.06946520899008782,0.14638896218961067,0.18827391752723432,0.11244041715615993,GREEN,8.438600166021786,8.438600166021786,8.438600166021786
1221.0,384.4917261248985,0.938925842331318,36.849530241992184,36.79312650260292,129.5480424563662,129.59846469630386,0.06972436668053482,0.1463986126125205,0.1889926177297221,0.11246249040406915,GREEN,8.429970408342683,8.429970408342683,8.429970408342683
1222.0,384.50409406455896,0.9389841450031294,36.83669164595065,36.79600296856425,129.55426629088984,129.6127657492801,0.06936858242494977,0.146499122446315,0.18804849479531438,0.11255421981700871,GREEN,8.42232934686561,8.42232934686561,8.42232934686561
1223.0,384.51777207294214,0.9390485206675342,36.825961375347134,36.79918017314283,129.51863259167266,129.62856848065402,0.0684715847145835,0.14708899732835792,0.1856395277426885,0.11302258924600755,GREEN,8.413892188477234,8.413892188477234,8.413892188477234
1224.0,384.53600827692827,0.93909504650773,36.787682158748346,36.8018760701369,129.50133313132903,129.64421326751713,0.06751855676037702,0.1481421187338108,0.18308106157929124,0.11384744251183117,GREEN,8.408067755189762,8.408067755189762,8.408067755189762
1225.0,384.53286614022454,0.9391441036867035,36.76536576569918,36.80364818854685,129.49887459458736,129.6493966118907,0.06730876555584181,0.14930570352394273,0.18253657517280747,0.11475761810038781,GREEN,8.401192326419306,8.401192326419306,8.401192326419306
1226.0,384.5398087012013,0.9391999971457314,36.73407791543352,36.80617082393246,129.49581271636126,129.66062410043284,0.06776038443469998,0.1507252048644449,0.18378700979640042,0.1158649091004541,GREEN,8.393703512937009,8.393703512937009,8.393703512937009
1227.0,384.54298619088496,0.9392562070221059,36.720459988847715,36.808525699790714,129.49760007560516,129.66999131406638,0.06868379254722348,0.15227636379198073,0.18631656471702557,0.11707380245217838,GREEN,8.386047437258583,8.386047437258583,8.386047437258583
1228.0,384.5604091441106,0.9393112400479965,36.7205416252056,36.81151629343804,129.4967344880735,129.686402244017,0.069679396289508,0.15418093706738079,0.1890411546865302,0.11855492303685201,GREEN,8.379019220960203,8.379019220960203,8.379019220960203
1229.0,384.5732644771533,0.9393776169133429,36.711315079946026,36.81473291422076,129.5066053462946,129.70206996865628,0.0707819963598084,0.1562073392399902,0.19205455647348063,0.12013016095655493,GREEN,8.370274563927211,8.370274563927211,8.370274563927211
1230.0,384.586338822986,0.9394458090150498,36.75479539187181,36.81803123648948,129.51836364183106,129.71810017462255,0.07098086884302249,0.1582910222112948,0.19261142893486558,0.12174996999786054,GREEN,8.361285490660123,8.361285490660123,8.361285490660123
1231.0,384.5978258507548,0.9395250229876836,36.751635103190594,36.82168562149605,129.53049766907506,129.7348502577751,0.07154400708944024,0.1604111971279973,0.19416045759642805,0.12339850626924855,GREEN,8.350721795664327,8.350721795664327,8.350721795664327
1232.0,384.6117496802174,0.9396171670498957,36.7568393187042,36.825963512318495,129.55160791723327,129.75462008282472,0.07209829613470814,0.16243146700223282,0.19568587944720608,0.12497061285456897,GREEN,8.338450832656378,8.338450832656378,8.338450832656378
1233.0,384.62280091033875,0.9397218789870908,36.77330546415955,36.830596560904354,129.61411186041445,129.77467318989918,0.07243444766530167,0.16360700124302158,0.19661615274740094,0.1258922896613028,GREEN,8.324349607974739,8.324349607974739,8.324349607974739
1234.0,384.6413665825315,0.9398496588591333,36.80289644441501,36.83649366111245,129.6588220182316,129.8017171560175,0.07236347542382936,0.16446503470744722,0.19643644144380829,0.12656923951340887,GREEN,8.30730478434424,8.30730478434424,8.30730478434424
1235.0,384.6776544132023,0.9399893113206718,36.80648532397509,36.843705034775304,129.69515801970573,129.83937621138173,0.0723657117310509,0.16526320892473315,0.19645516949632752,0.1271997555812476,GREEN,8.289190409188933,8.289190409188933,8.289190409188933
1236.0,384.70047170550566,0.9401225646577026,36.8179426492095,36.85002085357788,129.7288455436005,129.86933631617677,0.07226834764450385,0.16588832715659962,0.19620143485982966,0.127696569590186,GREEN,8.271520204442993,8.271520204442993,8.271520204442993
1237.0,384.7218011573787,0.9402599064399302,36.82002319987161,36.856425941826664,129.75200252399512,129.89911132865979,0.0719916497664453,0.16642718907361007,0.19545848932103832,0.1281266182653481,GREEN,8.25323403773129,8.25323403773129,8.25323403773129
1238.0,384.7362071863334,0.9403915901803833,36.81782607699169,36.86227783804608,129.77575709976475,129.92460100606604,0.07215496002246169,0.16671527925292187,0.1959130560755583,0.12836316196721123,GREEN,8.235504170059869,8.235504170059869,8.235504170059869
1239.0,384.7627600649775,0.9405151122961917,36.796574281383975,36.868391949116294,129.7937749833944,129.95511910957893,0.07273544453066166,0.16685612204034792,0.19750288001432822,0.1284858858953534,GREEN,8.219289159421663,8.219289159421663,8.219289159421663
1240.0,384.7939408764298,0.9406332456025305,36.77702089030446,36.87451684702861,129.80970878507662,129.98724157412533,0.07375657350732052,0.16711094160291967,0.20029378422985114,0.12869589875523185,GREEN,8.203963320892939,8.203963320892939,8.203963320892939
1241.0,384.84258703347473,0.9407338912992553,36.79757933952681,36.88079337778457,129.8280808525036,130.0258030783653,0.0745315077279614,0.16751145183052038,0.2024114368611612,0.12901754395134296,GREEN,8.191608116192185,8.191608116192185,8.191608116192185
1242.0,384.89229928259147,0.9408129345730573,36.80954980758218,36.88627438372225,129.8470624863667,130.06192539565902,0.07518673408416969,0.16817795965899868,0.20420291763924542,0.12954335744790027,GREEN,8.182268126915545,8.182268126915545,8.182268126915545
1243.0,384.9434596744431,0.940866958671705,36.810780235269384,36.8908440417357,129.85953792827596,130.09532826834499,0.07584420595109116,0.16924522392599245,0.205997985104679,0.13037724573302964,GREEN,8.176429570840526,8.176429570840526,8.176429570840526
1244.0,384.99135408185697,0.9408908232011018,36.81289454532762,36.89407470987939,129.87101242985506,130.12290899023245,0.07654332819545458,0.17054492652993428,0.20790606383916926,0.13138965242202558,GREEN,8.174655170854663,8.174655170854663,8.174655170854663
1245.0,385.0160801533161,0.9408894256911517,36.82427703723397,36.89520465119733,129.87492441304025,130.1352516172939,0.07683398206311086,0.1719030838094834,0.20869967365818273,0.13244665851513152,GREEN,8.17563600023891,8.17563600023891,8.17563600023891
1246.0,385.03065552370686,0.9408641955710988,36.83267039036729,36.89491363637452,129.87741614952495,130.13915159114282,0.07701420623811701,0.17318661980066086,0.20919193471733055,0.13344575252695504,GREEN,8.179590054827855,8.179590054827855,8.179590054827855
1247.0,385.0589265183811,0.9407982988829544,36.829000999762535,36.89368396357524,129.88512631100693,130.14436936440032,0.0774644668407993,0.17426117042434616,0.2104220661756111,0.13428328259947436,GREEN,8.189606705630524,8.189606705630524,8.189606705630524
1248.0,385.07705199424754,0.9407172363668709,36.84969024106953,36.89137331684708,129.89504633038595,130.1423442051383,0.07763441481250698,0.17506348948782027,0.21088657436546615,0.13491030030249984,GREEN,8.201399455559368,8.201399455559368,8.201399455559368
1249.0,385.0806183457233,0.9406251450408836,36.84911367150436,36.887932658932634,129.90716136354615,130.13141172342455,0.077786990795751,0.17529867804244348,0.21130347250762624,0.13509943647907688,GREEN,8.214253826233346,8.214253826233346,8.214253826233346
1250.0,385.0809612402766,0.9405264616868293,36.835779937653136,36.88407907465106,129.9187708986955,130.11793310396118,0.07782049248396147,0.17494283658527054,0.2113938721336422,0.13483204128026846,GREEN,8.227917230324266,8.227917230324266,8.227917230324266
1251.0,385.0806337392704,0.9404259228503488,36.85221344902557,36.88012061880601,129.92576646763106,130.1038579982093,0.0774391775456733,0.17437972535966648,0.21035306159990705,0.13440377949574217,GREEN,8.241815846973395,8.241815846973395,8.241815846973395
1252.0,385.0757272231473,0.9403249718386398,36.855327088359424,36.87592675330091,129.93621113871885,130.08740555416335,0.0762906731322118,0.17346544559933602,0.20722360721826102,0.1337038061858177,GREEN,8.255624196285964,8.255624196285964,8.255624196285964
1253.0,385.0667898065475,0.9402294679238073,36.85847259451719,36.871753562285015,129.95141454605388,130.06966484326125,0.07562861099544443,0.17218482496288598,0.2054170339990569,0.13272040894007636,GREEN,8.26854862549763,8.26854862549763,8.26854862549763
1254.0,385.05849182413067,0.9401367937237594,36.86103764366416,36.86772203275154,129.9697136698146,130.0526404999662,0.07503364220857446,0.170661637319095,0.20379233492197224,0.1315489405725396,GREEN,8.281101321630445,8.281101321630445,8.281101321630445
1255.0,385.0510510430064,0.9400521520833846,36.861898201361505,36.86404660631427,129.98926512619067,130.03716240207453,0.07463961820838307,0.16899368136401813,0.20271401631466343,0.13026482633613923,GREEN,8.292569745105283,8.292569745105283,8.292569745105283
1256.0,385.0601830881869,0.9399821558476809,36.86335988091211,36.86173881834263,130.01787117402833,130.0321055548991,0.07416467260219624,0.16728253566918624,0.20141467802565777,0.12894629466030866,GREEN,8.30254765735836,8.30254765735836,8.30254765735836
1257.0,385.07095078461185,0.939938343147457,36.85517813781171,36.86053605467232,130.04020725885314,130.03149878671638,0.07381749766077803,0.16567745942860296,0.20046337396724764,0.12770850456328842,GREEN,8.308956983282059,8.308956983282059,8.308956983282059
1258.0,385.08487594099637,0.9399083764817637,36.84206261242083,36.860027343292636,130.0581539545722,130.03440643377715,0.07368595626405611,0.16409913527691128,0.20009981475517893,0.1264905135978075,GREEN,8.313553524317854,8.313553524317854,8.313553524317854
1259.0,385.10301174096605,0.9398813561056677,36.87329506658651,36.85983563275893,130.07348313785684,130.03985413484776,0.07359989612966111,0.16257154007274,0.19985708109885814,0.12531089822766248,GREEN,8.317879306805736,8.317879306805736,8.317879306805736
1260.0,385.12066729880894,0.9398593581610608,36.9013487667043,36.8598178420065,130.08879460397097,130.04575321640846,0.07373297224600144,0.16100056526765283,0.20020697104429974,0.12409728448433363,GREEN,8.321495124723583,8.321495124723583,8.321495124723583
1261.0,385.1383330849484,0.9398453900005367,36.91467866426052,36.860115404615335,130.10633619897905,130.05276840067478,0.07405375428674656,0.15941285475476374,0.20106581988620953,0.12287018367799261,GREEN,8.324000570443502,8.324000570443502,8.324000570443502
1262.0,385.15845179161715,0.939841252982502,36.906782597262094,36.860915878886985,130.11651319713843,130.0623864907205,0.07428612983934473,0.157678937323236,0.20168633605507078,0.12152992418371372,GREEN,8.325225329870676,8.325225329870676,8.325225329870676
1263.0,385.1709367612305,0.9398376502656894,36.89022970038885,36.86137199797997,130.12880795583075,130.0682119343183,0.07437913934116536,0.15583132050757886,0.20192908180033353,0.1201015097469599,GREEN,8.326128723930907,8.326128723930907,8.326128723930907
1264.0,385.16824179345514,0.9398470692329504,36.907784228314725,36.86161246176816,130.1356190108097,130.06815036098405,0.07461497633305204,0.1539039280735888,0.2025577883011785,0.1186111757631688,GREEN,8.324737821492562,8.324737821492562,8.324737821492562
1265.0,385.17244668518293,0.9398531297353848,36.92134558233673,36.862051370239456,130.1369297622038,130.07111904704553,0.07493326068976691,0.1518932860169485,0.2034105575252259,0.1170563747738012,GREEN,8.324035399763574,8.324035399763574,8.324035399763574
1266.0,385.1729449947703,0.9398494048925777,36.91080538736345,36.861929122584876,130.1224016823345,130.07085596151626,0.07488580872222507,0.14975921529939792,0.20327370107432224,0.1154064186104584,GREEN,8.324567054560475,8.324567054560475,8.324567054560475
1267.0,385.16537901401097,0.9398339559543807,36.93013867741041,36.86096116157596,130.1112738626877,130.06488549377377,0.07524591762097821,0.14761625479626353,0.20423985752124182,0.11374957018357763,GREEN,8.326459774971852,8.326459774971852,8.326459774971852
1268.0,385.1554124275993,0.9397998980679003,36.942614257642504,36.85914849169476,130.10076726131,130.05512403034226,0.07548326408319946,0.1457202689598223,0.20487431396722244,0.11228300954538281,GREEN,8.330849726111381,8.330849726111381,8.330849726111381
1269.0,385.13356901177,0.9397469411839022,36.937368200937954,36.85602635462772,130.0824668606361,130.0367325472089,0.07518625063845161,0.1441403208620803,0.2040614328551495,0.11106003480978524,GREEN,8.337468898328495,8.337468898328495,8.337468898328495
1270.0,385.1090684606657,0.9396731451644409,36.93701418763414,36.85195990339103,130.06421737687575,130.01411368222176,0.07453100712767124,0.14292196657210285,0.20227806825046973,0.11011562594402677,GREEN,8.346883810655982,8.346883810655982,8.346883810655982
1271.0,385.08229453086295,0.9395852283269642,36.92737444782635,36.84723106266549,130.0421650860084,129.98839247226692,0.07385459818524963,0.14201597830919396,0.20043798792747092,0.10941190369562824,GREEN,8.358176368247626,8.358176368247626,8.358176368247626
1272.0,385.04934190349604,0.9394808799921593,36.94199784175979,36.841562465903046,130.02149968248435,129.95727321309937,0.0732364761554527,0.14148370476757932,0.1987561090781627,0.10899605377677592,GREEN,8.371537921602993,8.371537921602993,8.371537921602993
1273.0,385.0361004993685,0.9393686462039915,36.947144717450605,36.8365278401777,129.9994676626139,129.93504528328188,0.07284775959463574,0.1412159870580605,0.1976965473904381,0.1087840117565698,GREEN,8.386630459624968,8.386630459624968,8.386630459624968
1274.0,385.0285368207195,0.9392378659183324,36.92133289698788,36.83103764335698,129.9769751559228,129.91312740587784,0.07169576594765079,0.14114784282283727,0.19456893282345192,0.10872573452495232,GREEN,8.404472554656422,8.404472554656422,8.404472554656422
1275.0,385.01701081793414,0.9390932090666444,36.89322722786031,36.82481390985111,129.95547896075163,129.88728624740156,0.06967792602827506,0.14133646309551906,0.18909538443653837,0.1088652558322586,GREEN,8.424102860070832,8.424102860070832,8.424102860070832
1276.0,384.99561277548474,0.9389402656887276,36.889961159737936,36.81779336482792,129.939224015401,129.85530625597406,0.06740034683295555,0.1417438419965712,0.18291790407029293,0.10917334925570038,GREEN,8.444552639440474,8.444552639440474,8.444552639440474
1277.0,384.9682078635788,0.938775743933935,36.8798691463234,36.81003194275711,129.91961254410472,129.81869047802564,0.0646391564919115,0.1423294849525283,0.17542948120079313,0.10961893037241156,GREEN,8.46640190625456,8.46640190625456,8.46640190625456
1278.0,384.94265291602386,0.9386107114704418,36.86350964986942,36.802339341540986,129.8999019524218,129.7829450050701,0.0630304638714868,0.14308749390433775,0.17106719520456284,0.11019748643377249,GREEN,8.488378152695844,8.488378152695844,8.488378152695844
1279.0,384.9343003352324,0.938444502156465,36.85775919709654,36.79542317363683,129.87851700831266,129.75573970060864,0.061888156850149485,0.14386658645953274,0.16797003334299998,0.1107925219005251,GREEN,8.51108311357072,8.51108311357072,8.51108311357072
1280.0,384.9208517879527,0.9382811308840455,36.86784420287886,36.78837489842111,129.846992256141,129.72635215322174,0.06204130267174488,0.1445607174150493,0.16838525538849297,0.11132262511587984,GREEN,8.533224729661924,8.533224729661924,8.533224729661924
1281.0,384.9015480993621,0.9381113577115262,36.85195830983189,36.780796078191585,129.81423464428002,129.6931226560127,0.062293669505464194,0.14525803320269756,0.16907001426978907,0.11185578920305474,GREEN,8.556053830233395,8.556053830233395,8.556053830233395
1282.0,384.8886412325324,0.9379409211728138,36.82257003940493,36.77349714825118,129.78719584777443,129.66303770412787,0.06239426466779528,0.14594444323079267,0.16934411935380506,0.11238099891601205,GREEN,8.579184995778945,8.579184995778945,8.579184995778945
1283.0,384.8624108316588,0.9377762314947798,36.82419258759308,36.76578735224337,129.7631126264714,129.62701826486682,0.06275303372890169,0.14631146037199783,0.1703179898480547,0.11266007679289457,GREEN,8.601072735313721,8.601072735313721,8.601072735313721
1284.0,384.8381741073054,0.9376165323289418,36.816360765748485,36.75836881595551,129.73411328936987,129.59270073273942,0.06317148534625486,0.14628769508670428,0.17145148505597657,0.11263841257630733,GREEN,8.62233309441018,8.62233309441018,8.62233309441018
1285.0,384.8068069159271,0.9374737476132252,36.79505838219719,36.751273232828225,129.70554251625921,129.5571243115585,0.06323102996911407,0.14625186436534462,0.17161078804992122,0.11260783713756248,GREEN,8.641011520411581,8.641011520411581,8.641011520411581
1286.0,384.78555466989434,0.9373481937649764,36.775618647751266,36.74533647939889,129.67061654617996,129.5290417495572,0.06266437203089498,0.14584564332080313,0.17006966683313926,0.112292544931904,GREEN,8.65764555741626,8.65764555741626,8.65764555741626
1287.0,384.7556123591968,0.9372362958232905,36.764685360415655,36.7395203894576,129.6335428081078,129.49846197658687,0.061709955658306385,0.14518868140490657,0.16747605244789895,0.11178477295128342,GREEN,8.67209602856633,8.67209602856633,8.67209602856633
1288.0,384.7375146732951,0.9371376554908928,36.77287677097949,36.73478972883146,129.5906369286343,129.47569705935427,0.06078121285405431,0.14387624939458696,0.1649516114473098,0.11077296054530805,GREEN,8.685112402017893,8.685112402017893,8.685112402017893
1289.0,384.7195931400175,0.9370531984273038,36.784220951086304,36.73062359457282,129.55861210533283,129.45498262465637,0.059699075696327174,0.14227644212714238,0.16200950188701824,0.10954050860024293,GREEN,8.696173405680156,8.696173405680156,8.696173405680156
1290.0,384.728778100041,0.9369849716307125,36.7648164594039,36.728387666466205,129.54099836472926,129.4501926993471,0.05932496147633746,0.1404104783242937,0.1609935126090916,0.10810356448443025,GREEN,8.705910780150731,8.705910780150731,8.705910780150731
1291.0,384.7386941626953,0.9369254352088063,36.787848040144716,36.72652721777999,129.5339312886548,129.44697179928698,0.05916364753669248,0.13836594701961674,0.16055311614663106,0.10652941051277856,GREEN,8.714473001747763,8.714473001747763,8.714473001747763
1292.0,384.74226288137146,0.9368871792412944,36.79916403627084,36.72519794731444,129.52102121741694,129.44348729606995,0.05926115360045989,0.13622932181065361,0.1608146410973976,0.10488481175311677,GREEN,8.71987982449977,8.71987982449977,8.71987982449977
1293.0,384.75415446764384,0.9368480836575761,36.809759934247694,36.72423295478348,129.50762176919733,129.4440867595609,0.05982553161951944,0.13489270082693122,0.16234349469402326,0.10385714821506821,GREEN,8.725685925669382,8.725685925669382,8.725685925669382
1294.0,384.77245803347984,0.9368239485080802,36.81183322152459,36.72416035406199,129.50280445455732,129.44998877526507,0.06073211845648974,0.13379916042083925,0.16480295675412415,0.10301726748059636,GREEN,8.729643568056247,8.729643568056247,8.729643568056247
1295.0,384.7932680788594,0.9368026833194353,36.82280098436472,36.72431980298592,129.50033825633642,129.45755202864802,0.06186229990154193,0.13261251161616158,0.16786858362676724,0.10210617225999506,GREEN,8.733290433429943,8.733290433429943,8.733290433429943
1296.0,384.80847537086305,0.9367882419206857,36.83509099021938,36.724479341355625,129.50910075390473,129.4632306930333,0.06335384421582183,0.13149975282195192,0.17191468199328303,0.10125224903730361,GREEN,8.735803944289245,8.735803944289245,8.735803944289245
1297.0,384.8235728696818,0.9367857230720668,36.84911356920316,36.72510100752811,129.51701697725346,129.4705016466093,0.06517623933698534,0.13025959818180605,0.17685754014217336,0.10030037874308843,GREEN,8.736666180444729,8.736666180444729,8.736666180444729
1298.0,384.8419453776027,0.9367841659656474,36.84019822419505,36.72591662921765,129.5291350430825,129.47955844129797,0.06657838166858436,0.12899335293666675,0.18066046449295084,0.09932850890490462,GREEN,8.737507074352607,8.737507074352607,8.737507074352607
1299.0,384.8550319642353,0.9367884861726724,36.805359192361635,36.72671043137534,129.5427983334909,129.48676010112626,0.0667069092551678,0.12750591244741766,0.18100850500647198,0.09818630046872273,GREEN,8.737355600973416,8.737355600973416,8.737355600973416
1300.0,384.8523882209515,0.9367962411732693,36.790197642963754,36.72688831803993,129.5490817040923,129.48649776578955,0.06601657791638212,0.12568905552254597,0.17913423060282563,0.09679046207147599,GREEN,8.736193652802285,8.736193652802285,8.736193652802285
1301.0,384.8425496153507,0.9367991874628663,36.74973178935809,36.72653436769396,129.54956581380708,129.4819396160475,0.06520542638411889,0.12337905985975987,0.17693702117871515,0.09501498010372326,GREEN,8.735451420257192,8.735451420257192,8.735451420257192
1302.0,384.8466156212017,0.9367948519900918,36.7342188864876,36.72655841201416,129.55209505961693,129.48339241210581,0.06445630045249898,0.1205471919138012,0.17491020285801756,0.09283765579001306,GREEN,8.736189107835486,8.736189107835486,8.736189107835486
1303.0,384.85560835907853,0.936781891369015,36.73465162056508,36.7264793851485,129.55359495377786,129.48613943548352,0.06363089558896133,0.11696514375207812,0.1726763092855169,0.09008253132074705,GREEN,8.738286792752177,8.738286792752177,8.738286792752177
1304.0,384.86364342399935,0.9367489006971836,36.77750968543974,36.725569362363224,129.55501663700576,129.48563433957912,0.06311907139840787,0.11271000526741902,0.171290104088139,0.08680889109300781,GREEN,8.743120712290477,8.743120712290477,8.743120712290477
1305.0,384.8855993891734,0.9367025844140902,36.791042906631645,36.72480102223525,129.55331754438643,129.49031218554788,0.06303415625379737,0.10788976930265037,0.17106223597668005,0.08309979117823608,GREEN,8.750271688301922,8.750271688301922,8.750271688301922
1306.0,384.90465268976067,0.936628223561909,36.790852831001395,36.72279452100684,129.55339671300447,129.48964724779344,0.06313424891497578,0.10279191700765652,0.17133710835407528,0.07917657263273191,GREEN,8.761201904879414,8.761201904879414,8.761201904879414
1307.0,384.9299119253148,0.9365242554830394,36.75642259476458,36.7199230056977,129.55675371779256,129.48801893719968,0.0627567177490376,0.0975950990450647,0.17031813522240613,0.07517683716850813,GREEN,8.776439435437482,8.776439435437482,8.776439435437482
1308.0,384.94310912673865,0.9363977676484981,36.75937198952127,36.71559295395696,129.55758163638498,129.4771885071765,0.06278049889716375,0.0928075982722557,0.17038963683915131,0.07149215543227154,GREEN,8.79438045685717,8.79438045685717,8.79438045685717
1309.0,384.95423169045756,0.9362496385327632,36.78342555925358,36.71031524373885,129.55325689100968,129.46231729441868,0.06328792235441584,0.08895474543706733,0.1717719152286134,0.06852731434043029,GREEN,8.815244550416395,8.815244550416395,8.815244550416395
1310.0,384.9632076129856,0.936074822111824,36.788422103330475,36.703888600217404,129.5407844817692,129.442671268272,0.06391853845196731,0.08609465941652716,0.1734872084979289,0.06632723300932028,GREEN,8.839726901827163,8.839726901827163,8.839726901827163
1311.0,384.972812797864,0.9358956077673177,36.79355107631123,36.69731933748851,129.52885523947876,129.42273275157132,0.06501493557917132,0.08409149897372081,0.17646772409366687,0.06478730213551606,GREEN,8.864840859681749,8.864840859681749,8.864840859681749
1312.0,384.9793075369108,0.9357036881560853,36.81069210278528,36.690103483612646,129.51722926407203,129.39946716355342,0.06679992262721186,0.08319565023042419,0.18131631197803247,0.06410055465853969,GREEN,8.891605962972733,8.891605962972733,8.891605962972733
1313.0,384.9778261374985,0.9355224115476408,36.78059994894931,36.682924824597706,129.50527177007714,129.37365147901616,0.06795805392450315,0.08352960964683241,0.18446634846396048,0.06436155090490671,GREEN,8.916623432722702,8.916623432722702,8.916623432722702
1314.0,384.96936076006386,0.9353495519181916,36.74648572112038,36.67574355404984,129.4905693915568,129.3454802390164,0.06856354701257143,0.0849319084415104,0.18611955325360566,0.06544608250757354,GREEN,8.940233346624268,8.940233346624268,8.940233346624268
1315.0,384.9533724238062,0.9351809264524535,36.75254430510871,36.6683701565396,129.47577762911277,129.31410542421375,0.06941880993652445,0.08724004213383924,0.18845053542583914,0.06722909737399718,GREEN,8.962993441305457,8.962993441305457,8.962993441305457
1316.0,384.94539251364967,0.9350365527110232,36.76204788201883,36.66232927085693,129.45627613196544,129.29012154887675,0.07060210619478734,0.08981965495493764,0.19167160363893285,0.06922199676730122,GREEN,8.982677705886033,8.982677705886033,8.982677705886033
1317.0,384.9384396221942,0.9349205815898899,36.784313329070216,36.65745104120608,129.43867101052587,129.27058348641404,0.07247353272717787,0.09239695190215332,0.19675848793805498,0.07121376414944695,GREEN,8.998469556125116,8.998469556125116,8.998469556125116
1318.0,384.93506862000703,0.9348291008938706,36.76588560924876,36.653703666043626,129.42606149273118,129.25623662483164,0.07387002477137614,0.0949129727927742,0.20055673895722248,0.07315889516468597,GREEN,9.011000136666922,9.011000136666922,9.011000136666922
1319.0,384.9224340982448,0.9347628295009737,36.7686738796149,36.65050373681466,129.41438045044293,129.24071020137012,0.0754088699329521,0.09742850283082308,0.20474438849394158,0.07510422435217655,GREEN,9.019719206553276,9.019719206553276,9.019719206553276
1320.0,384.9002175967761,0.9347211998028873,36.76827459802993,36.64781386169372,129.41267210020303,129.22376607565099,0.07680883533881387,0.10028058260867286,0.20855802646211888,0.07730950848334579,GREEN,9.024693575099974,9.024693575099974,9.024693575099974
1321.0,384.8899118804009,0.934692836040861,36.75474393436804,36.6462111859881,129.39872581390787,129.21465506539113,0.07775796200755435,0.1028254383526145,0.21115046036966953,0.0792786271762959,GREEN,9.028252211735321,9.028252211735321,9.028252211735321
1322.0,384.8824777006298,0.9346648372690199,36.7343927473776,36.64475954347891,129.38253247961887,129.2070408767241,0.07839094279323533,0.10505965358494845,0.2128859186518097,0.08100885226861058,GREEN,9.031861160343851,9.031861160343851,9.031861160343851
1323.0,384.8807611689188,0.9346321477487862,36.74264149776422,36.64339619506267,129.3627709710222,129.201657571657,0.0793436888732326,0.1068127253900674,0.215487681491036,0.08236871058773912,GREEN,9.03631967196793,9.03631967196793,9.03631967196793
1324.0,384.86673732942364,0.9345936225489703,36.69358249678095,36.6412182041136,129.34563463633918,129.1892707307785,0.07940774993257495,0.1083539839729124,0.21568257549552672,0.08356573792725203,GREEN,9.041151148661783,9.041151148661783,9.041151148661783
1325.0,384.8579377087337,0.9345575162765053,36.65473387170101,36.63938376940972,129.33389645218548,129.17984925286993,0.07906276694430597,0.10983583507182074,0.21477147465784588,0.08471732907189862,GREEN,9.045831888246454,9.045831888246454,9.045831888246454
1326.0,384.8587579470943,0.9345018157210365,36.62918404461238,36.637239067740204,129.32444905030258,129.17256295806195,0.07881743262674218,0.11137377486321377,0.21413233426105407,0.08591236804328835,GREEN,9.053560078837506,9.053560078837506,9.053560078837506
1327.0,384.8577538953231,0.9344371833144859,36.62814399945902,36.634657359769314,129.31531273639658,129.1631236120663,0.07831434056818373,0.11293484201305568,0.21279462489236248,0.08712547191654434,GREEN,9.06245850135042,9.06245850135042,9.06245850135042
1328.0,384.86217761684827,0.9343695269017969,36.63499945864748,36.63221541811552,129.30879712720804,129.15599859543082,0.07757033078806702,0.11449314384210449,0.21080237838925725,0.08833664521423819,GREEN,9.071966761796858,9.071966761796858,9.071966761796858
1329.0,384.8821215741785,0.9342952798488368,36.62250551534993,36.63025361388017,129.3005466718307,129.15577440542438,0.07686274673987452,0.1158582597333694,0.2089092656268879,0.08939888280414529,GREEN,9.082935765862118,9.082935765862118,9.082935765862118
1330.0,384.9176240855035,0.9342238569594793,36.63308524973713,36.62914265325755,129.28986976215563,129.1637705317357,0.0760760828581907,0.11681743709746494,0.20679962249109476,0.09014798329566884,GREEN,9.094067318939096,9.094067318939096,9.094067318939096
1331.0,384.9504790569086,0.9341533652808236,36.659376146721094,36.627941912966534,129.2935080070748,129.1705609350418,0.07547840440036169,0.11768625699531964,0.20519985229213555,0.09082719709350841,GREEN,9.104978966493292,9.104978966493292,9.104978966493292
1332.0,384.98320665978594,0.9340974593316372,36.684481935449604,36.6273067387058,129.30026734706937,129.179302549251,0.07472182972517459,0.11842794912770704,0.20316669173302027,0.09140809587799528,GREEN,9.113871528838246,9.113871528838246,9.113871528838246
1333.0,385.0032442632468,0.9340564694072214,36.68775767103541,36.62665259941555,129.31291692801557,129.1837188964209,0.07376752294525678,0.11930721104811864,0.2005955355598476,0.09209488404030099,GREEN,9.120252145506043,9.120252145506043,9.120252145506043
1334.0,385.0459151698977,0.934034118962588,36.72823825601393,36.62780579206286,129.3251759331384,129.20210447151717,0.07398561723692815,0.12007793899273682,0.20120620617823498,0.09269759278604423,GREEN,9.124860088427624,9.124860088427624,9.124860088427624
1335.0,385.08524629595917,0.9340238909106194,36.73570281654928,36.62927533717343,129.33723398404734,129.22048627587668,0.07473048460534949,0.12069952134492656,0.2032464078868773,0.09318485344472127,GREEN,9.127673266267522,9.127673266267522,9.127673266267522
1336.0,385.10840830642144,0.9340463190717951,36.748985911306335,36.63125648831957,129.34869316266807,129.23524810787836,0.07568913904645816,0.12110120129342668,0.20586684022900895,0.09350207122357404,GREEN,9.125393617368616,9.125393617368616,9.125393617368616
1337.0,385.1296168762296,0.9340895724904799,36.772815697162876,36.63396149829768,129.36998473249986,129.2519091247465,0.0772586564423021,0.12135942780348222,0.21014596777149624,0.09370807532463105,GREEN,9.120162388838281,9.120162388838281,9.120162388838281
1338.0,385.1462786856405,0.9341533944245276,36.77904261777638,36.63725701465164,129.38509875591126,129.2691286730194,0.079003728851727,0.12134364257481278,0.21490084845566343,0.09370209458157383,GREEN,9.111922495406645,9.111922495406645,9.111922495406645
1339.0,385.15670849315495,0.9342463142643582,36.76290393846336,36.64139742363195,129.40073806948809,129.28723851130067,0.080142935192311,0.12119300433751168,0.21800901916246157,0.09359152606178558,GREEN,9.099433758424766,9.099433758424766,9.099433758424766
1340.0,385.1567886284494,0.9343647362321363,36.74947828698362,36.64604577804994,129.41695438821452,129.3036668875094,0.08059738594061797,0.12107467953049841,0.2192570061939903,0.09350532498813614,GREEN,9.083048571093713,9.083048571093713,9.083048571093713
1341.0,385.14887436644705,0.934507955327808,36.74168493039035,36.651286306972715,129.42616524192823,129.31950048935056,0.08091808256208145,0.12084797178998383,0.22014043535989986,0.09333490195653135,GREEN,9.062949603316355,9.062949603316355,9.062949603316355
1342.0,385.1257272630394,0.9346812729297339,36.71457516344818,36.656982226260475,129.4349641315226,129.33182463706257,0.08101162086383545,0.12051807940643025,0.22040570220860703,0.09308433556072028,GREEN,9.038150650529701,9.038150650529701,9.038150650529701
1343.0,385.10781352061053,0.9348716201687984,36.69603373584253,36.66359468189849,129.44457258408218,129.3491376341999,0.08076860813497602,0.11986538298075253,0.2197573160646592,0.09258400998885223,GREEN,9.011183551766663,9.011183551766663,9.011183551766663
1344.0,385.0779668169893,0.935087999673646,36.719442552259636,36.670659495871035,129.46044190164804,129.36403551846107,0.08066709407119908,0.11911893788519244,0.2194907605072061,0.09201069746510566,GREEN,8.980201134784693,8.980201134784693,8.980201134784693
1345.0,385.03588143138353,0.9353401162973866,36.74850207777928,36.67854209493025,129.47681655761065,129.37770186072154,0.08097407649452536,0.11826207066135073,0.22033069473854558,0.0913515198963582,GREEN,8.94385583411227,8.94385583411227,8.94385583411227
1346.0,384.9979251216968,0.9356091293299079,36.73569539971225,36.6872827802555,129.4888327896124,129.39577631692487,0.08112077784092647,0.11745716421295083,0.22073386595696126,0.09073189343434128,GREEN,8.905328557499956,8.905328557499956,8.905328557499956
1347.0,384.97021725477924,0.9358931152868112,36.70394059561759,36.69709789582755,129.48855154948137,129.4210791976538,0.08106051059014636,0.116481530203551,0.2205759521131919,0.08997992708470907,GREEN,8.865095883345418,8.865095883345418,8.865095883345418
1348.0,384.94055975090737,0.9361898342663478,36.690607322121764,36.707318459167794,129.4913800718211,129.44715128045868,0.08094000061258333,0.11567352226193328,0.2202562471145511,0.08935689709922755,GREEN,8.82304408210993,8.82304408210993,8.82304408210993
1349.0,384.91016450509795,0.9364829213853689,36.69489312860923,36.7173604872512,129.49293854437485,129.47234010485596,0.08069584123206233,0.11492802469330236,0.21960073042744774,0.08878175670440978,GREEN,8.781478676295364,8.781478676295364,8.781478676295364
1350.0,384.87360604836545,0.9367684089368753,36.70621321678337,36.726809537716896,129.50275098381726,129.4933588964577,0.08060255155288322,0.11433500441201516,0.21935268796435717,0.08832408420977277,GREEN,8.740763498230905,8.740763498230905,8.740763498230905
1351.0,384.8431578634718,0.9370423611331637,36.702697329129734,36.73609684638068,129.5162401351889,129.51585749769444,0.0803286544460964,0.11378252558089874,0.21861574461354075,0.08789749310342147,GREEN,8.701861220028348,8.701861220028348,8.701861220028348
1352.0,384.8153707506097,0.9373022549622264,36.74087802967259,36.744959170503506,129.52868860230694,129.53774849987428,0.07976081294535117,0.11334742758723146,0.21707609369495892,0.08756129158270821,GREEN,8.665000735050654,8.665000735050654,8.665000735050654
1353.0,384.7838832013273,0.937562554027542,36.789593554375685,36.75365986877321,129.53447956325772,129.5578193009397,0.07912896671962208,0.11309040678030732,0.21535843838876537,0.08736243999823273,GREEN,8.627967604041373,8.627967604041373,8.627967604041373
1354.0,384.7626161028069,0.9378023095578107,36.770034076374756,36.76204262878897,129.52786722789466,129.58020647115882,0.07832208436878944,0.11308671501333872,0.2131664584269315,0.08735930621082447,GREEN,8.594124249201599,8.594124249201599,8.594124249201599
1355.0,384.7630852289142,0.9380029237071142,36.767497876166274,36.76992916058677,129.52564603739302,129.60816323590655,0.0772839248108854,0.11345298097458724,0.21034621288682093,0.08764196050928168,GREEN,8.566420190419677,8.566420190419677,8.566420190419677
1356.0,384.7746497765113,0.9381824572445583,36.79441731172519,36.77751960160177,129.52585465308613,129.63881467913382,0.0759845266916816,0.11423299570917533,0.2068134138796315,0.0882443283313078,GREEN,8.541998315262816,8.541998315262816,8.541998315262816
1357.0,384.78110751183937,0.9383417345206003,36.79690875515852,36.78407207372222,129.52611163186643,129.66408793426345,0.07429721425134558,0.11545738193230778,0.2022257041485716,0.08919005517029618,GREEN,8.520203741209116,8.520203741209116,8.520203741209116
1358.0,384.7925130124224,0.938463927128433,36.78140025123965,36.789407399111255,129.52622240408604,129.68673898955083,0.07282494927302048,0.11712757697802144,0.19822371031386657,0.0904803036000727,GREEN,8.503696722106156,8.503696722106156,8.503696722106156
1359.0,384.8022781841067,0.9385627312206852,36.78083871995093,36.79374755278319,129.52918548115366,129.70533005941036,0.0721329102603303,0.11909511508924399,0.19634221932336368,0.09200037544232383,GREEN,8.490366130994403,8.490366130994403,8.490366130994403
1360.0,384.82211086918625,0.938625982770831,36.74604705357328,36.7971753796886,129.52758758390502,129.72409946316418,0.07197168883972559,0.12149889955905659,0.19590730646239665,0.09385754655222424,GREEN,8.482280761062782,8.482280761062782,8.482280761062782
1361.0,384.83440557927867,0.9386634310414309,36.7169478351879,36.79923130965355,129.52762972204044,129.73549219805741,0.07268973901278551,0.12412040269809196,0.19786478556529122,0.09588292090138205,GREEN,8.477511427872827,8.477511427872827,8.477511427872827
1362.0,384.85863651162987,0.9386749830501943,36.70508120285089,36.80084271289198,129.5293565875218,129.7493422885206,0.07372691428519655,0.12701877268243306,0.20069067690436537,0.09812219686854216,GREEN,8.476715326122843,8.476715326122843,8.476715326122843
1363.0,384.8771286294493,0.9386390183328581,36.65029328349741,36.80031679221261,129.53410861997477,129.7537222935367,0.07622114111108097,0.129852867731913,0.20748810678209323,0.1003117913138368,GREEN,8.482297900888824,8.482297900888824,8.482297900888824
1364.0,384.8932574848973,0.9385787297258541,36.626605798610555,36.7987241435419,129.54338172320664,129.75354408559411,0.0791103310401714,0.1323543445238443,0.21536776363175167,0.10224434398568248,GREEN,8.491165682645914,8.491165682645914,8.491165682645914
1365.0,384.9001725762515,0.9384923394632976,36.60585625074595,36.795667588442576,129.5452109013576,129.74509756103512,0.08237586876698448,0.13460097525246334,0.22427661739189123,0.10397998515383727,GREEN,8.503337834008619,8.503337834008619,8.503337834008619
1366.0,384.89257958204547,0.9383709476134006,36.56341675123253,36.790545260330376,129.54536397132674,129.7244765863024,0.08699640331575227,0.13632453232779845,0.23688093588897355,0.10531155128042373,GREEN,8.519867951682613,8.519867951682613,8.519867951682613
1367.0,384.8812454037067,0.9382173200523607,36.5558380225576,36.78398039879479,129.54522606470172,129.6975093054831,0.09172596644586901,0.13744868146713912,0.24978171507937066,0.10618012109249306,GREEN,8.54072882280559,8.54072882280559,8.54072882280559
1368.0,384.8671029873105,0.9380395226469397,36.545538849212356,36.7763339400562,129.538929446126,129.66578374602588,0.09627815131416517,0.13803123803463613,0.26220335210367623,0.10663040641348738,GREEN,8.564835130391799,8.564835130391799,8.564835130391799
1369.0,384.8453307225477,0.9378454963623172,36.557735760974694,36.76768700324537,129.53142406959765,129.62796284584417,0.09957437347068217,0.138094598343159,0.2712080468297991,0.10667965271460082,GREEN,8.590926458034374,8.590926458034374,8.590926458034374
1370.0,384.83190752670004,0.9376421926655629,36.58888003150567,36.75907551505323,129.51930744029596,129.5930819347299,0.10138408328366569,0.13784191179631208,0.2761621199500393,0.10648474392698078,GREEN,8.618575932668364,8.618575932668364,8.618575932668364
1371.0,384.8249969004291,0.9374207463197743,36.629250744995005,36.750064016892026,129.5017430204645,129.5589855529053,0.1018216774321472,0.13735830783879988,0.27737478077866,0.10611152372920164,GREEN,8.64894942350918,8.64894942350918,8.64894942350918
1372.0,384.8155904145423,0.9371828323939777,36.62587188979924,36.74028794665964,129.48149197527198,129.52135487444113,0.10170288906903392,0.13661133569070605,0.2770744365745523,0.10553496120788187,GREEN,8.681512695792236,8.681512695792236,8.681512695792236
1373.0,384.82234511166774,0.9369487099251655,36.65269255354922,36.73143203671254,129.46151035876352,129.4924078881067,0.10142880384708432,0.1356091306323964,0.27634378138340576,0.10476132823043613,GREEN,8.714098526155112,8.714098526155112,8.714098526155112
1374.0,384.82354027841325,0.9367037890204829,36.67306742326755,36.72188736649771,129.4423903394329,129.45916132726234,0.10121322934331745,0.1343267522685107,0.2757656400266076,0.10377130369527003,GREEN,8.747988942342715,8.747988942342715,8.747988942342715
1375.0,384.81883057363723,0.9364560078695168,36.651704733158645,36.711948872008584,129.4244308745819,129.4225402363841,0.10092828614290243,0.1326955321513775,0.2750018762536071,0.10251181666564227,GREEN,8.782072846110509,8.782072846110509,8.782072846110509
1376.0,384.8112240000363,0.9362160386187585,36.67548321496321,36.70217859639915,129.4009782887828,129.3855390089366,0.10016319838165515,0.1309654713437242,0.2729279511339632,0.10117600614999182,GREEN,8.814976333467541,8.814976333467541,8.814976333467541
1377.0,384.81467802258413,0.9359839645359307,36.6710680997585,36.69324534631608,129.37432847195896,129.35520784838891,0.0988566107033584,0.12917878202583516,0.26938157243420235,0.09979654475743635,GREEN,8.847168206765446,8.847168206765446,8.847168206765446
1378.0,384.81189449392923,0.9357570030912921,36.708051108998255,36.68421513229349,129.34999114493021,129.32243805827147,0.09783839857894164,0.12735437110467412,0.2666139750662989,0.09838806716657088,GREEN,8.878438484519279,8.878438484519279,8.878438484519279
1379.0,384.8157997500792,0.9355338039599359,36.66631912458645,36.67565122000726,129.32680192247742,129.29355991753616,0.09664919723282972,0.12543868527741117,0.2633855926324017,0.09690919014338557,GREEN,8.909420424019913,8.909420424019913,8.909420424019913
1380.0,384.8094062150676,0.9353274582157037,36.625587697064674,36.667257257067384,129.30805970983826,129.2618208165118,0.0955414048791746,0.12318985178654969,0.2603835438589737,0.0951731083069851,GREEN,8.937715272272243,8.937715272272243,8.937715272272243
1381.0,384.7980077119511,0.9351477026309983,36.604761423299806,36.65966740978744,129.28937080832495,129.2312364957134,0.09477384595784322,0.12110889953775943,0.258309276464262,0.09356673903914065,GREEN,8.962159191542014,8.962159191542014,8.962159191542014
1382.0,384.7834747059758,0.9349834889667802,36.59268645456829,36.65253774048628,129.2656930069611,129.2012234213153,0.09438158169926958,0.11926168409717028,0.2572567069895584,0.09214099707953742,GREEN,8.984343431946826,8.984343431946826,8.984343431946826
1383.0,384.7624354358284,0.9348209614739525,36.5959336481192,36.64516456976712,129.24123293665158,129.16816971775063,0.0937236213005501,0.11781211483563925,0.2554803255808766,0.09102249141571132,GREEN,9.006063682074313,9.006063682074313,9.006063682074313
1384.0,384.7537237649313,0.9346767514923779,36.58207904770639,36.63909671774121,129.21444633050183,129.1438574376298,0.09376886716202629,0.11642700037344282,0.2556166097922694,0.08995386154731501,GREEN,9.025683241999474,9.025683241999474,9.025683241999474
1385.0,384.75205260946007,0.9345412166197387,36.58437622116025,36.63370422592347,129.19023669479253,129.12428937617727,0.09396396945501252,0.11503139384337906,0.25615665255954134,0.08887723178671192,GREEN,9.044351107356846,9.044351107356846,9.044351107356846
1386.0,384.7557798910665,0.9344171449369584,36.556498734860064,36.62901807764077,129.17147804189597,129.1090226512475,0.094423498578153,0.11363425136360064,0.25741788328168647,0.08779948071789374,GREEN,9.06162559810366,9.06162559810366,9.06162559810366
1387.0,384.73973304212126,0.9342982247506375,36.56610839811494,36.62359267704369,129.15553753641956,129.08451543986632,0.094710950043253,0.11229775848255379,0.25820881323792433,0.0867686250393379,GREEN,9.077488961157513,9.077488961157513,9.077488961157513
1388.0,384.7294197037192,0.9341869860117592,36.52880262858808,36.61874141426264,129.14563331884128,129.06395676362908,0.09541934445494303,0.1110533551924791,0.2601526499261553,0.08580892031644605,GREEN,9.092492315832288,9.092492315832288,9.092492315832288
1389.0,384.7211960069094,0.9340753586901734,36.54373241461658,36.61397446601884,129.1334378401498,129.04439707966185,0.09584405654734393,0.11007119740409473,0.2613199448446792,0.08505185508933459,GREEN,9.107622325514455,9.107622325514455,9.107622325514455
1390.0,384.72149338179287,0.9339583578248662,36.58746080695321,36.60940240383924,129.12179542448567,129.0283827747674,0.09588455559803291,0.1095266342869137,0.26143578622426306,0.08463290384649316,GREEN,9.123796809841565,9.123796809841565,9.123796809841565
1391.0,384.7363099071757,0.93384693173361,36.584441642777875,36.60573957766729,129.11452132885958,129.02044197751405,0.09583809012363452,0.10904891554720382,0.261317993425606,0.08426570568207106,GREEN,9.139718529731226,9.139718529731226,9.139718529731226
1392.0,384.75649323478495,0.9337317655337984,36.59977122189734,36.60218523381435,129.11397002158787,129.01468212708625,0.09555392852935594,0.10868345186861077,0.26055321137444015,0.08398531486490085,GREEN,9.156350378518539,9.156350378518539,9.156350378518539
1393.0,384.7846176114328,0.9336316222190023,36.57999302393005,36.599597205620796,129.11414208564082,129.01498975766685,0.0952613676161268,0.1081561075004799,0.2597681883022102,0.08357994834010271,GREEN,9.171192765833553,9.171192765833553,9.171192765833553
1394.0,384.8085480323887,0.9335227163641617,36.57146519586887,36.596465897427194,129.1087464889379,129.01197475459162,0.0944300486134945,0.10770970238578949,0.2575196132811005,0.08323729947401597,GREEN,9.187099025916979,9.187099025916979,9.187099025916979
1395.0,384.83478583370413,0.9334176519269393,36.586095085928534,36.59359458990354,129.09628700844348,129.01064852295525,0.09343014137689463,0.1072214781123428,0.2548100991622812,0.082862574725006,GREEN,9.20255995518616,9.20255995518616,9.20255995518616
1396.0,384.85224510297843,0.9333058483553397,36.624398138707,36.59004144026842,129.08382720872083,129.0039743158259,0.09229225723692412,0.10671562101860459,0.2517210263963148,0.08247445344902796,GREEN,9.218639999894009,9.218639999894009,9.218639999894009
1397.0,384.8770598199557,0.9332010434358532,36.61033555995388,36.58711207250577,129.07392905648024,129.0019636908098,0.09058425972356267,0.1060291304998257,0.24708082529973374,0.08194702882316247,GREEN,9.234019432238625,9.234019432238625,9.234019432238625
1398.0,384.90215756115435,0.9330952864887345,36.61762047958141,36.584158525802444,129.06298782577403,128.9999613318313,0.08882070251140868,0.10528167533539991,0.24228826432737327,0.08137271737260655,GREEN,9.249543514840923,9.249543514840923,9.249543514840923
1399.0,384.9178913602329,0.9329997562057895,36.63034173614614,36.581160688571785,129.05280731610335,128.9946633628771,0.08765481294745935,0.10452690556931193,0.23912232081967,0.0807929732661531,GREEN,9.263318490684156,9.263318490684156,9.263318490684156
1400.0,384.92934035393597,0.9328905575261226,36.60796472963577,36.577423181414176,129.03949948640542,128.98532036686308,0.08672143874063105,0.10373473851223614,0.23659129871608925,0.08018457503595454,GREEN,9.278830048499287,9.278830048499287,9.278830048499287
1401.0,384.9407638695078,0.932766556620907,36.598046065605224,36.57310394387891,129.02689379935026,128.97391659614846,0.08599289452769807,0.10304392049580526,0.2346190257309393,0.07965468581774612,GREEN,9.296388745175818,9.296388745175818,9.296388745175818
1402.0,384.94926738673985,0.9326494364051973,36.579785199041545,36.56891565002174,129.01475227024127,128.96199547420946,0.08568234699916268,0.10240674597561271,0.233786071575572,0.07916642513299099,GREEN,9.312891573683288,9.312891573683288,9.312891573683288
1403.0,384.95081250031114,0.9325268260709548,36.57618573130723,36.56418151478191,129.00214083707672,128.94581788639303,0.08559397216224762,0.1019225966435237,0.23355766818488424,0.07879664102957155,GREEN,9.329901676211506,9.329901676211506,9.329901676211506
1404.0,384.953308511977,0.9324042809630949,36.57781257614579,36.559495071632284,128.99755592063812,128.93012683295146,0.085394713791476,0.10153369174323103,0.23302896738019163,0.07850065959726776,GREEN,9.3469375964155,9.3469375964155,9.3469375964155
1405.0,384.9441252088019,0.9322832874104726,36.58260149993658,36.55431490351585,128.99750995176308,128.9087832620299,0.08499423126978667,0.10137341333506812,0.2319536140725154,0.07838158157340706,GREEN,9.363333167397172,9.363333167397172,9.363333167397172
1406.0,384.9301339609164,0.9321678797342651,36.582954387927195,36.54912560338274,128.99728393812765,128.8857985197724,0.0848765540740993,0.10168280969670294,0.23164856029556222,0.07862578626828945,GREEN,9.378779483617024,9.378779483617024,9.378779483617024
1407.0,384.9149993074941,0.9320488443609273,36.585333095437726,36.54373994352421,128.9922098043214,128.8617399066012,0.0850416499560945,0.10269968380500878,0.23211166947515086,0.07941715968160505,GREEN,9.394683762865526,9.394683762865526,9.394683762865526
1408.0,384.8924019820118,0.93194416295523,36.58184462450579,36.53856301080672,128.98387299768922,128.83592078103362,0.08519770826517958,0.10430461604093803,0.23254911875597958,0.08066352197833246,GREEN,9.408328072342016,9.408328072342016,9.408328072342016
1409.0,384.89254399549844,0.9318394496302395,36.56676102862257,36.53446427482203,128.97497035889788,128.8215160628227,0.08525034386245657,0.10613600558718411,0.23270635327365025,0.08208529926311948,GREEN,9.422809302389055,9.422809302389055,9.422809302389055
1410.0,384.8953906054917,0.9317535506472486,36.562887342520725,36.531231537730804,128.96950437235512,128.81107000492779,0.08530681384087732,0.10808209367554027,0.23287568319131735,0.08359614452156748,GREEN,9.434789015891965,9.434789015891965,9.434789015891965
1411.0,384.8882917345057,0.9316772038598747,36.56096121552053,36.52790135334826,128.96287831017517,128.79695206916784,0.08530460870660102,0.11018436893382119,0.23288468143141022,0.08522822986112812,GREEN,9.445082334562244,9.445082334562244,9.445082334562244
1412.0,384.88057975211296,0.9316014080272678,36.54151176246057,36.524563730290836,128.95650699217754,128.78260318879293,0.08533103734663053,0.11244229338705,0.23297796667644352,0.08698116324408245,GREEN,9.45527631538181,9.45527631538181,9.45527631538181
1413.0,384.889944321196,0.9315354988489645,36.54101033312706,36.5224239882972,128.9497010448514,128.77819187400738,0.08523862373090035,0.11456197833901265,0.23275197949572304,0.08862755441194632,GREEN,9.464732881012594,9.464732881012594,9.464732881012594
1414.0,384.89537248403747,0.9314725317968725,36.543324795483784,36.52021278097547,128.94290994164106,128.7722112183717,0.08528459029551162,0.11646640936318875,0.2329015251139459,0.09010765842997913,GREEN,9.47363803921354,9.47363803921354,9.47363803921354
1415.0,384.9172058648659,0.9314150715168581,36.550232632886825,36.51899567267854,128.93629265823935,128.7752240539125,0.08537930243444222,0.11782752068500467,0.23318323096605295,0.09116765047635646,GREEN,9.482388466996497,9.482388466996497,9.482388466996497
1416.0,384.94572310961536,0.931362809918347,36.5341554877458,36.518299280739214,128.929899153875,128.7823087488236,0.08537597278554991,0.11846394937033623,0.23320176434259599,0.09166712446905935,GREEN,9.490668631617439,9.490668631617439,9.490668631617439
1417.0,384.9792706126332,0.9313049790969661,36.54205984114145,36.517622888245135,128.92601685892157,128.79114643839813,0.08541816629785662,0.11840432201670052,0.23334408684392394,0.09162807624236836,GREEN,9.499906792391698,9.499906792391698,9.499906792391698
1418.0,385.0220455912196,0.9312400052927515,36.58090012867356,36.51710372024846,128.9288094680777,128.80362518344984,0.08580808580122296,0.11769172579544306,0.23443066371414126,0.09108364647501539,GREEN,9.510476929203861,9.510476929203861,9.510476929203861
1419.0,385.0520842061451,0.9311728054647432,36.62392095475797,36.5158929487567,128.93532922723418,128.80940319009187,0.08691807133231093,0.11661267752862618,0.2374801507924265,0.09025546600389184,GREEN,9.520885703819545,9.520885703819545,9.520885703819545
1420.0,385.06160609897415,0.9311092666409534,36.64363429376423,36.51385274140582,128.9353758345658,128.80539151116093,0.08827175964494768,0.11504998908190413,0.24118998653986015,0.08905278495839059,GREEN,9.530028536623632,9.530028536623632,9.530028536623632
1421.0,385.0648968463369,0.9310520492251313,36.644407435085874,36.51176494997623,128.93573991444038,128.79912737974286,0.08928770648255072,0.11325827232225695,0.24397397582392594,0.08767262688286222,GREEN,9.538065999441471,9.538065999441471,9.538065999441471
1422.0,385.067738197753,0.9310037928040931,36.689387789512395,36.51000724637402,128.9351803072329,128.79387724247422,0.09140977192347616,0.11114697644947484,0.24977419347509303,0.08604488000317069,GREEN,9.54484730187977,9.54484730187977,9.54484730187977
1423.0,385.0638243087249,0.9309553698476094,36.68946973277387,36.50792276651729,128.93545069360187,128.78521495773177,0.09235773131108777,0.1092061989349104,0.2523599588510745,0.08454895001475116,GREEN,9.551400447164553,9.551400447164553,9.551400447164553
1424.0,385.06900534306106,0.9309166253761225,36.69638907906195,36.50664897695871,128.93876651793943,128.78245428714146,0.09293130201571033,0.10768974944111627,0.2539191245358238,0.08338139899657808,GREEN,9.556953106199387,9.556953106199387,9.556953106199387
1425.0,385.05656654542844,0.9308853458559977,36.71491265510814,36.50483270726579,128.9389703452081,128.77188731086127,0.09365529476288482,0.10675415618224013,0.2558846047223964,0.08266346022539035,GREEN,9.560817016381947,9.560817016381947,9.560817016381947
1426.0,385.0462829827052,0.9308568141707303,36.71876884770473,36.50322638338645,128.9389714625071,128.76278204377357,0.09319782262359626,0.10667304987368138,0.2546166891477897,0.08260712149374469,GREEN,9.564380720226893,9.564380720226893,9.564380720226893
1427.0,385.03380874612117,0.9308425712267202,36.707683540785396,36.50207656314597,128.93561525578977,128.7545547664806,0.09231967413338178,0.10741982200127805,0.2522001480157139,0.08319196395200268,GREEN,9.565886032440034,9.565886032440034,9.565886032440034
1428.0,385.0210492848919,0.9308355642478345,36.69250147999685,36.50119697799548,128.92389510803497,128.74718555084408,0.0908025671859928,0.1085875486820569,0.2480390976181181,0.08410299392029948,GREEN,9.566379697255087,9.566379697255087,9.566379697255087
1429.0,385.0038095982864,0.9308315646215423,36.67011756815545,36.50022294549933,128.9087823615367,128.7379853142273,0.08939528614813981,0.1101005025554017,0.24418243184536548,0.0852816581622136,GREEN,9.566290354131297,9.566290354131297,9.566290354131297
1430.0,385.0036674873693,0.9308303586273547,36.63415076788937,36.50016891907195,128.8994291320018,128.73774724137317,0.0883624792472284,0.11165613862102033,0.2413563547304921,0.08649354447943308,GREEN,9.566451851591296,9.566451851591296,9.566451851591296
1431.0,385.0099973539092,0.9308301296411167,36.62498754707282,36.50045998929163,128.88958046014756,128.7408904604918,0.0884483776281865,0.11305290840890804,0.2415914494358349,0.08758246318038064,GREEN,9.566719446944319,9.566719446944319,9.566719446944319
1432.0,385.0114353820935,0.9308185429374685,36.58847809008949,36.500073806593434,128.8772793168893,128.74000920168456,0.08794991127307117,0.11431765974547463,0.24023400796299862,0.08856917989533393,GREEN,9.568375583397255,9.568375583397255,9.568375583397255
1433.0,384.9959195319614,0.9308101620411544,36.57850244429035,36.49900969550306,128.86462047832242,128.73106792390246,0.08796120399333238,0.11554171449116774,0.24027296906876364,0.08952443322803487,GREEN,9.568956263210822,9.568956263210822,9.568956263210822
1434.0,384.9715063476691,0.9307990485757324,36.53987427829717,36.49741667958011,128.84889417503433,128.71728671870648,0.08790616828084555,0.11676418713100241,0.24013719610032735,0.09047856823229133,GREEN,9.56958295059971,9.56958295059971,9.56958295059971
1435.0,384.9480666562753,0.9307850956809576,36.50061107760282,36.49575846868896,128.83664777942926,128.70360179203658,0.08756367748261075,0.1180204914432463,0.23921805490846443,0.09145899962031381,GREEN,9.570638297591927,9.570638297591927,9.570638297591927
1436.0,384.9265607428918,0.9307756156506998,36.50046760016933,36.494367300953314,128.8156487823331,128.69150577246006,0.08749937400892599,0.11908703396875286,0.23906143260061402,0.09229248514627952,GREEN,9.571147017914711,9.571147017914711,9.571147017914711
1437.0,384.903966646309,0.9307601056495052,36.49097655515625,36.49268812045294,128.79991753100634,128.6780309344418,0.0874527992984524,0.12009676957526604,0.2389537791852971,0.09308193672132349,GREEN,9.572448596637145,9.572448596637145,9.572448596637145
1438.0,384.8740476816688,0.9307495417510541,36.470959074681346,36.49085561964137,128.78870240241986,128.66156752702793,0.087436381160247,0.12116092244761169,0.23893471663444155,0.09391352591313747,GREEN,9.572792798277334,9.572792798277334,9.572792798277334
1439.0,384.8552157552916,0.9307425042406697,36.45771204109742,36.4896869530351,128.7795371983529,128.6511517527786,0.08752547743490452,0.12221401579770967,0.23920091353780468,0.09473649105273635,GREEN,9.573062964627468,9.573062964627468,9.573062964627468
1440.0,384.83700430212724,0.9307339706868636,36.48402968984528,36.48848904248831,128.7698966633493,128.64084068968035,0.08736189917117324,0.12319992887766859,0.23876926112440885,0.09550738052884189,GREEN,9.573562932813303,9.573562932813303,9.573562932813303
1441.0,384.82836017108633,0.9307238342293905,36.508035689519424,36.48768185649726,128.76280197402707,128.63510549993728,0.08711349845404445,0.12407122549298737,0.23810084661916314,0.09618937365029646,GREEN,9.574641332691101,9.574641332691101,9.574641332691101
1442.0,384.82688161429473,0.9307195140223647,36.52320368389293,36.48744239425838,128.76305831435087,128.63376706207762,0.08689288330893936,0.12491197168145689,0.23750537317400233,0.09684747344548167,GREEN,9.57518324363889,9.57518324363889,9.57518324363889
1443.0,384.83445602260105,0.9307127512954658,36.52714591179902,36.487536352029174,128.76344809210346,128.636630161643,0.08681086949640526,0.12562673505873445,0.23728863959417631,0.09740766185887051,GREEN,9.576400639313306,9.576400639313306,9.576400639313306
1444.0,384.84148878090116,0.9307033170624561,36.55505531607373,36.48749988926751,128.76779630075865,128.63885241387652,0.0869367916705469,0.12639675153120167,0.23763576054574695,0.09801036952194261,GREEN,9.577967119865434,9.577967119865434,9.577967119865434
1445.0,384.8566452666472,0.9307020194737736,36.56171916511392,36.488167516800694,128.7742996196577,128.6462725424888,0.08722164655574863,0.1271881946509643,0.23841685276701283,0.09862937084044761,GREEN,9.578712308437446,9.578712308437446,9.578712308437446
1446.0,384.8640242348307,0.9307006760878435,36.53440996198168,36.48846464629532,128.78752955765074,128.64978672387724,0.08692035191579411,0.12817193036108418,0.23759566697712084,0.09939715100180604,GREEN,9.579173487745862,9.579173487745862,9.579173487745862
1447.0,384.8680906181884,0.9307031186077169,36.53506172292911,36.48875317048416,128.79649300943302,128.6521632869781,0.08680907156278063,0.12919426938621645,0.2372948399246143,0.10019462314596282,GREEN,9.578987672776918,9.578987672776918,9.578987672776918
1448.0,384.87801526842736,0.9307057748480781,36.542594569515686,36.48932777866193,128.80067011172022,128.65750686689995,0.08630346267432942,0.13008293569427376,0.2359112626313245,0.10088831305265608,GREEN,9.578991007953277,9.578991007953277,9.578991007953277
1449.0,384.88719426184286,0.9307150564235953,36.548953663280045,36.4901267933991,128.8002487303661,128.6633925409256,0.08616108121899298,0.13077305845690157,0.23552150145006367,0.10142791933504493,GREEN,9.578050587041957,9.578050587041957,9.578050587041957
1450.0,384.8847860591675,0.930730123718063,36.532199795698716,36.4906033703813,128.8008843139086,128.6642678958279,0.08628178099834985,0.13140482561231326,0.23585737250629543,0.10192214762170916,GREEN,9.575877788768963,9.575877788768963,9.575877788768963
1451.0,384.8759306369913,0.930747877784391,36.53111934157122,36.49087964590792,128.79970269036133,128.66228170366927,0.08639428752444166,0.13203959601106863,0.23617065446495397,0.10241866576552672,GREEN,9.573093068223585,9.573093068223585,9.573093068223585
1452.0,384.8557111049907,0.930780943397173,36.5113020133948,36.49121744117526,128.7941896176445,128.65671336696377,0.08643262670996604,0.13260900726023064,0.23628498386374927,0.10286459135777722,GREEN,9.567768214482555,9.567768214482555,9.567768214482555
1453.0,384.82798984075674,0.9308284046114564,36.53418469473851,36.491763828591765,128.78806554196416,128.64937244179492,0.08656896514185825,0.13319869370508922,0.23666263820256048,0.10332636601871772,GREEN,9.560174886635963,9.560174886635963,9.560174886635963
1454.0,384.8090718141542,0.9308978637703471,36.52296685661411,36.49358983320379,128.77844847024053,128.64948522354396,0.08659187009278815,0.13365255146053545,0.23673048701492258,0.10368286522987638,GREEN,9.549870721354637,9.549870721354637,9.549870721354637
1455.0,384.77622038499794,0.9309702706066302,36.513520517225594,36.49487047085092,128.76103297041038,128.64301652232953,0.08661992646420764,0.13406305746025926,0.23681502038968683,0.1040058293628625,GREEN,9.538642531621065,9.538642531621065,9.538642531621065
1456.0,384.75275207866684,0.9310510888707266,36.493308306415834,36.496925556542855,128.74405098260974,128.6424139720204,0.08650755279268649,0.13430858746145105,0.2365219237745438,0.10420088885727982,GREEN,9.526603292167579,9.526603292167579,9.526603292167579
1457.0,384.73269898063324,0.9311387947633059,36.47776276946244,36.49941239977409,128.7296429325807,128.6444742367764,0.08650074927750094,0.134437252577943,0.23651761056936188,0.10430535482986492,GREEN,9.513741230422141,9.513741230422141,9.513741230422141
1458.0,384.71638556724093,0.9312336880481703,36.491210773754446,36.50235818131838,128.71916266753763,128.64940161336017,0.08640479730883344,0.13449267381432434,0.23626886130400737,0.10435299388414818,GREEN,9.500026682134944,9.500026682134944,9.500026682134944
1459.0,384.69536467308734,0.9313287492562762,36.477060676324434,36.5050870168553,128.7125627820782,128.65198923224514,0.0862471294403352,0.134510544458181,0.23585420365858067,0.10437145200908488,GREEN,9.48611649570725,9.48611649570725,9.48611649570725
1460.0,384.6838215242432,0.9314338331226343,36.489703774772096,36.508658215160835,128.70188044552202,128.66071422135943,0.08619169767100103,0.13443365620530692,0.23571532320612443,0.10431634634891507,GREEN,9.47117410614959,9.47117410614959,9.47117410614959
1461.0,384.6626367068152,0.9315439532984349,36.48959354522872,36.51196909472523,128.68896510701728,128.66529606054127,0.08617995519295803,0.13429433563045995,0.23569486105113335,0.1042127923896014,GREEN,9.455181888953092,9.455181888953092,9.455181888953092
1462.0,384.66415494110913,0.9316401261306423,36.49632174172394,36.51581066196083,128.67598480555364,128.67934132575456,0.08620525424239145,0.13412221427028873,0.23577302161012356,0.10408378605311314,GREEN,9.441954351145114,9.441954351145114,9.441954351145114
1463.0,384.6660321303475,0.9317360713644064,36.477640110323215,36.5196603624972,128.66387535888865,128.693535450822,0.08636186966461717,0.13397969671593846,0.23621197859576387,0.10397773631188112,GREEN,9.42877129036387,9.42877129036387,9.42877129036387
1464.0,384.66056519081275,0.931825634127207,36.47516743916015,36.52291126276083,128.65597270274264,128.70316229039406,0.08654924355903884,0.1338353293692256,0.23673555002030408,0.10387028623369275,GREEN,9.416199934432086,9.416199934432086,9.416199934432086
1465.0,384.66738451078766,0.9319117995669114,36.467768862899035,36.52661228799699,128.65443466080004,128.71848624095645,0.08680521401186098,0.13360039313138733,0.23744812866352952,0.1036925525862994,GREEN,9.404548901184654,9.404548901184654,9.404548901184654
1466.0,384.669894089689,0.9319952699079839,36.49006837625014,36.53000309821965,128.65473138350353,128.73127517625528,0.08684844137286192,0.13318995560193056,0.23757643399194336,0.10337857662869737,GREEN,9.393111644897743,9.393111644897743,9.393111644897743
1467.0,384.67313141384,0.9320789373160003,36.48867452239538,36.53343621152956,128.657580974911,128.74445690965536,0.08687469181353207,0.13259580751424235,0.23765871615084885,0.10292186966800718,GREEN,9.38167356635978,9.38167356635978,9.38167356635978
1468.0,384.6723897920125,0.9321592420958051,36.46146414222267,36.53654858930754,128.65752303497487,128.75517675132292,0.08723503699502629,0.13181712585526212,0.23865759337624629,0.1023217710141734,GREEN,9.370554279180254,9.370554279180254,9.370554279180254
1469.0,384.6766120515577,0.9322348935976925,36.452997439128694,36.539714328780086,128.6577618177422,128.7677462213103,0.08785156415000768,0.13109116599837561,0.2403567561014302,0.10176242784727951,GREEN,9.36025896884965,9.36025896884965,9.36025896884965
1470.0,384.6819776112836,0.9322956831988284,36.45330413812734,36.542351875242396,128.6616634260077,128.77883727687427,0.08850623790865336,0.13036627188512784,0.24216000578850283,0.10120374344803994,GREEN,9.352057886146582,9.352057886146582,9.352057886146582
1471.0,384.7078458554404,0.9323356100719815,36.46341589567354,36.54514554448422,128.67162909503344,128.79734293860201,0.08903070911511905,0.12961445030831423,0.24360583618812104,0.10062389381791849,GREEN,9.34748554076728,9.34748554076728,9.34748554076728
1472.0,384.73140911953465,0.9323715081751384,36.46116168872383,36.54767187401345,128.68406862375917,128.81413592267484,0.08970180287085237,0.12875489072517934,0.24545107689253395,0.09996011352617899,GREEN,9.343384757888685,9.343384757888685,9.343384757888685
1473.0,384.7521989997353,0.9323898076450516,36.41265132907803,36.54937666428379,128.69627639274015,128.82710564709822,0.09139047829413709,0.12795638653147018,0.2500864396806047,0.09934344463326934,GREEN,9.341613691949902,9.341613691949902,9.341613691949902
1474.0,384.7745883493532,0.9323891262375187,36.4120287751233,36.550413370605455,128.70369270457323,128.83825663814994,0.09307248988664665,0.12723597560866362,0.25470445004330405,0.09878718612598332,GREEN,9.342523266537029,9.342523266537029,9.342523266537029
1475.0,384.804862194482,0.9323718037755553,36.421205090493494,36.55117214382616,128.7094392927905,128.85106840424072,0.0944867706516736,0.12684999798027077,0.2585900233623792,0.09849040073479504,GREEN,9.346019798630664,9.346019798630664,9.346019798630664
1476.0,384.8370583610696,0.9323367439008086,36.43166063122348,36.55132672124455,128.71498923637586,128.86239418598007,0.09571951590377771,0.12684640388807927,0.26197603034748046,0.09849034923142919,GREEN,9.352038559459146,9.352038559459146,9.352038559459146
1477.0,384.8651409712344,0.9322843060522833,36.44627543185609,36.550604473683954,128.72206237778792,128.86925114322537,0.09661098348471887,0.12707446065851144,0.2644274533950133,0.09867002898655801,GREEN,9.36031070461533,9.36031070461533,9.36031070461533
1478.0,384.8885148452462,0.9322150883697888,36.45137432828394,36.549000572872366,128.7383671227531,128.8714223736355,0.09708087948523246,0.12720768502523006,0.2657292751691233,0.09877590864911776,GREEN,9.370732233623016,9.370732233623016,9.370732233623016
1479.0,384.9099813667054,0.9321317956665259,36.47662170187373,36.54675407250411,128.75488686797738,128.8706883841,0.09649959663363017,0.1270472570919065,0.264155941486029,0.0986536412062647,GREEN,9.383031726316688,9.383031726316688,9.383031726316688
1480.0,384.9270585463216,0.9320393865353961,36.45890062759369,36.543941561780315,128.77349213167645,128.8664880705432,0.09566600216220796,0.12650511533724013,0.2618961505956851,0.09823472005469412,GREEN,9.39643293064907,9.39643293064907,9.39643293064907
1481.0,384.93483714403493,0.9319533376705036,36.42568434855083,36.540936911549196,128.78880264010564,128.8584965590594,0.09528974783990884,0.1255923903010554,0.26089214930785887,0.09752781849425643,GREEN,9.408615484502917,9.408615484502917,9.408615484502917
1482.0,384.9336821029301,0.9318567776433846,36.42208718259352,36.53709607467814,128.80125653410485,128.84456556146262,0.09361782492359728,0.12438622819216735,0.25634588779265055,0.09659285668904986,GREEN,9.421924153087218,9.421924153087218,9.421924153087218
1483.0,384.94307750408416,0.9317559987183035,36.45263565093365,36.533590486980465,128.80724030894794,128.83534795890438,0.09123707334264916,0.12291835294794128,0.24985387931879666,0.09545455348889445,GREEN,9.436203966842868,9.436203966842868,9.436203966842868
1484.0,384.95442732856594,0.9316462615740281,36.447136910264234,36.52982627828341,128.81307468494734,128.82587175840428,0.08853327419348969,0.12126180637214297,0.24247707616027217,0.09416966311870852,GREEN,9.451795497783024,9.451795497783024,9.451795497783024
1485.0,384.9533034694906,0.9315304444981827,36.422082937093705,36.525231776583645,128.81335033858315,128.80929276089114,0.08532238246476873,0.11932904540585022,0.23371424826686524,0.09267022363311246,GREEN,9.467768951548067,9.467768951548067,9.467768951548067
1486.0,384.95697314043645,0.9314034459549404,36.4104781958296,36.520426243344644,128.8139771433474,128.793573392635,0.0818967394747627,0.11717073485714176,0.22436233773962405,0.09099556471175088,GREEN,9.485465569462463,9.485465569462463,9.485465569462463
1487.0,384.9653704555653,0.9312688173126854,36.41723892410653,36.51554570232033,128.8129876952359,128.77917067333217,0.07850844430002286,0.11489847377861585,0.21510837255108514,0.08923232810246377,GREEN,9.504392868442636,9.504392868442636,9.504392868442636
1488.0,384.9732175363484,0.9311206868091555,36.39407225463065,36.5101095292998,128.80240144639774,128.76262357834543,0.07601335257826279,0.11272795924876722,0.20830035976784664,0.08754804221749458,GREEN,9.525168114480408,9.525168114480408,9.525168114480408
1489.0,384.9813183391049,0.9309687523584824,36.36348030828037,36.5045361054227,128.78543398348467,128.74567649006025,0.0750238119211973,0.11066952265621614,0.20561750499633158,0.08595076857613917,GREEN,9.546480109074423,9.546480109074423,9.546480109074423
1490.0,384.98446865641665,0.9308040488024948,36.384519010487764,36.498227189912356,128.7671833824254,128.72447930017805,0.07446394603729961,0.10882303674472459,0.20410635621553128,0.08451815402148463,GREEN,9.569374777686818,9.569374777686818,9.569374777686818
1491.0,384.9896050276953,0.9306362823820983,36.37899791700607,36.4918922467972,128.74820685621503,128.7038538967047,0.07415420561447081,0.1072695723089204,0.20328019883263876,0.08331316988162947,GREEN,9.592767815989077,9.592767815989077,9.592767815989077
1492.0,384.997604028534,0.9304628371029969,36.37971970312514,36.48547017788218,128.7293883480125,128.6838774297846,0.07453171787788081,0.10595862618257731,0.20433456888241391,0.08229657146203574,GREEN,9.617054427357374,9.617054427357374,9.617054427357374
1493.0,385.0090449461667,0.9302852242743622,36.39826675729681,36.479047602022675,128.7201037525618,128.6650484777514,0.07455479706839196,0.10478777172952171,0.20441467688064435,0.08138870787871741,GREEN,9.642048228113453,9.642048228113453,9.642048228113453
1494.0,385.00471503356295,0.9301111517117486,36.411468982954986,36.4720166484235,128.71432907225426,128.63880291796602,0.07476278464354381,0.10385986581790417,0.20499696676108883,0.0806694081712958,GREEN,9.665960637683298,9.665960637683298,9.665960637683298
1495.0,385.0123705198657,0.9299484896027687,36.41771196485695,36.466000796746265,128.71449411328462,128.6201421287877,0.07501963093432927,0.1031514554655755,0.20570902356312615,0.0801204429084611,GREEN,9.688746553561032,9.688746553561032,9.688746553561032
1496.0,385.0098924005779,0.9298007657232858,36.40448421504928,36.46009077362683,128.71396387508068,128.5984690135571,0.07535820871430134,0.10298389372599387,0.2066464919390406,0.07999134627785474,GREEN,9.709084340113492,9.709084340113492,9.709084340113492
1497.0,385.01392265186223,0.929665182277808,36.38243303786203,36.45496496945794,128.70790125084778,128.5817357467693,0.07593742257970937,0.10306974451112354,0.2082451367306029,0.08005898338176651,GREEN,9.72798930039906,9.72798930039906,9.72798930039906
1498.0,385.0292129654443,0.9295487184893141,36.41806751267876,36.4511218566425,128.70154365966698,128.57328646646351,0.07601384150671597,0.10309291643001847,0.20845974168048226,0.08007788561858725,GREEN,9.74467784144116,9.74467784144116,9.74467784144116
1499.0,385.04294023835627,0.9294401998293853,36.42493284393305,36.447516135502575,128.702191533499,128.56515159299894,0.07595764785953424,0.10327843335209183,0.2083087576093244,0.0802227899993053,GREEN,9.760209862852975,9.75,9.75
1500.0,385.0621682016133,0.9293481862199386,36.3947575703718,36.44481781130985,128.70184389388177,128.56205321804111,0.076229915168736,0.10351103616298558,0.20906396305825817,0.0804041754577737,GREEN,9.77366973737631,9.75,9.75
1501.0,385.08104893579844,0.9292523797657122,36.398616269347805,36.44195411242345,128.70181229028023,128.55825456920834,0.07638977768891557,0.10385683304726785,0.20951287189837395,0.08067341677843352,GREEN,9.787643023888023,9.75,9.75
1502.0,385.0919916500028,0.9291647224459714,36.38385231356508,36.43903423256606,128.69820245667967,128.5516068534345,0.07658220664423525,0.10423919202271571,0.21005402365843093,0.08097110363079474,GREEN,9.80018777242043,9.75,9.75
1503.0,385.09050037811,0.9290725589546242,36.37815531316939,36.43534931048025,128.68205397396665,128.53810921807172,0.07676721289861263,0.1046092614188863,0.2105758116290458,0.08125942306726291,GREEN,9.81288175587386,9.75,9.75
1504.0,385.09763996346095,0.928963478237565,36.3973582714871,36.4314092172972,128.66347600428716,128.52659203820338,0.07639677456027921,0.10477726762700407,0.20957479240787744,0.08139102785454666,GREEN,9.828246498662253,9.75,9.75
1505.0,385.0983387330293,0.9288328519971938,36.412294246738206,36.426319461288564,128.64454784116404,128.50886903898498,0.07582599504418415,0.10493762858282188,0.20802321817855932,0.0815169656819769,GREEN,9.846346070668801,9.75,9.75
1506.0,385.1098733681661,0.928678479190033,36.422033934818735,36.42081080995825,128.62273241769424,128.4932835710811,0.07559380656589791,0.10476149652016682,0.20739688221350266,0.08138188029186773,GREEN,9.868147699673983,9.75,9.75
1507.0,385.12178314963097,0.9284993425620683,36.4271107853379,36.41434850534848,128.60364272505205,128.47445747878209,0.07537504109764775,0.10443147899129936,0.20680689225378898,0.08112753839812448,GREEN,9.893392221869533,9.75,9.75
1508.0,385.1250667654605,0.9283035190824253,36.41270872005143,36.406823807324784,128.58482022649582,128.4490045555672,0.07506453783448257,0.10426778106242715,0.2059671962053074,0.08100263354226003,GREEN,9.920614771667118,9.75,9.75
1509.0,385.12710174162595,0.9280989663698268,36.397541595238124,36.398897687558545,128.56386193100775,128.42171852606268,0.07467957426952608,0.10438561052192824,0.20492509644966822,0.08109665397937099,GREEN,9.948997506918516,9.75,9.75
1510.0,385.13802442154065,0.9278695277104304,36.40976397999935,36.39041541366338,128.5414838676617,128.39543292024769,0.0745281192128995,0.10459829305438575,0.20452094714760782,0.08126461546639839,GREEN,9.981169700888643,9.75,9.75
1511.0,385.1410557585417,0.9276367361373904,36.40396063750589,36.38142865987337,128.5116961962768,128.36473549440134,0.07440372863793931,0.10481420823738356,0.20419146850885822,0.08143540149126559,GREEN,10.01350082782804,9.75,9.75
1512.0,385.14620229135295,0.9273896447207294,36.40785498845022,36.371980875365146,128.48992849743766,128.3331156965865,0.07450262322698055,0.10526566628577845,0.20447254685460498,0.08178938427521953,GREEN,10.04789429973735,9.75,9.75
1513.0,385.15277873282304,0.9271451762373414,36.41999486729336,36.36270333088557,128.469391902532,128.30257201544117,0.07466829339612749,0.1059437530492619,0.20493793324134016,0.0823196416613179,GREEN,10.08198231739263,9.75,9.75
1514.0,385.16430058072933,0.9269058384334825,36.396567994714395,36.35386023505648,128.4401130810551,128.2752071753852,0.07477546228007757,0.10677134192095371,0.2052439409504824,0.08296632390729153,GREEN,10.115556866167026,9.75,9.75
1515.0,385.17367603748676,0.9266768535831761,36.39090587902802,36.345321638529654,128.40623306249626,128.2482002648527,0.07496802477323176,0.10763004927756789,0.2057840300054491,0.08363742275074156,GREEN,10.147616754808581,9.75,9.75
1516.0,385.17729949148395,0.9264682776517641,36.36773634511854,36.33731197018947,128.37840417595154,128.2211435341146,0.07506939482853367,0.1087393272923014,0.20607412508693296,0.08450342500030326,GREEN,10.176626391807986,9.75,9.75
1517.0,385.1692777948308,0.9262919596362209,36.37335089074675,36.33001823415838,128.35163321198843,128.19273679969683,0.07522564445605315,0.11010970598249355,0.2065129135020764,0.08557256228005755,GREEN,10.200709743919361,9.75,9.75
1518.0,385.1638188177406,0.9261459732765568,36.365617278054486,36.3240351038178,128.3295129254935,128.169808383438,0.07540321252534767,0.1116607792353157,0.20701227735724204,0.08678237008183773,GREEN,10.220696009723326,9.75,9.75
1519.0,385.1563732118862,0.9260242414167912,36.38307559170143,36.318909657021614,128.31314529255343,128.14924587853187,0.07577053725540324,0.11337854295408703,0.2080296783344039,0.08812196930565147,GREEN,10.237245691566898,9.75,9.75
1520.0,385.1402247917487,0.9259424336545874,36.384682129751724,36.314939824768615,128.29795864470407,128.12986623117854,0.07626436228150228,0.11531421144106925,0.2093955486420094,0.08963113181588409,GREEN,10.247922251270438,9.75,9.75
1521.0,385.1243438872652,0.9258898653532965,36.395025548366114,36.3121294537953,128.29074504284065,128.11466750096318,0.07695737722186183,0.11749362526034253,0.21130747222632823,0.09132985246485241,GREEN,10.254562247628769,9.75,9.75
1522.0,385.10416934926155,0.9258708095349,36.37265365691576,36.310431021889904,128.2791323154083,128.10196427095707,0.07733456674623118,0.11969839656095953,0.2123551670030062,0.09304844374351423,GREEN,10.256393020064479,9.75,9.75
1523.0,385.0939520551986,0.9258807322718844,36.342580889157254,36.310338478944544,128.27521346881466,128.0982390863289,0.0772562817568035,0.12179919125064025,0.21215331534334086,0.09468628012198332,GREEN,10.254612011465554,9.75,9.75
1524.0,385.0856456611509,0.9259386990972135,36.336270593065464,36.31222013881381,128.2795238489165,128.1021141473905,0.07707257790668212,0.12378408112323666,0.2116623021066498,0.09623402062401731,GREEN,10.246260612504017,9.75,9.75
1525.0,385.07716955533874,0.9260205554322556,36.34711421339897,36.315030599617145,128.28623961424836,128.1092090113832,0.07680904303389213,0.12560434930113618,0.2109502132744182,0.09765381884532734,GREEN,10.234598002256263,9.75,9.75
1526.0,385.0617569915213,0.9261238948398178,36.37374214168749,36.31835634523511,128.2864661067262,128.11581331526438,0.07696866786089214,0.12713841386631886,0.21139986713949138,0.09885122764289651,GREEN,10.219688045947436,9.75,9.75
1527.0,385.04305059029406,0.9262384545730464,36.38933821543385,36.32196655813739,128.2876617763186,128.12232410221046,0.07724267832935651,0.1284289489217281,0.2121621037012038,0.09985941677559228,GREEN,10.203096818980924,9.75,9.75
1528.0,385.03335225088813,0.926358179680689,36.38615879642818,36.3262040219463,128.28760575175215,128.1340438776219,0.07702194299015025,0.12933707229162872,0.21156310429133415,0.10057034561458107,GREEN,10.186150932758096,9.75,9.75
1529.0,385.02120946854154,0.9264882119446369,36.389180620434715,36.33073021236704,128.28074777021337,128.14596772487687,0.07657669503740935,0.12972752134961438,0.21034624697323198,0.10087888121506494,GREEN,10.16768383892125,9.75,9.75
1530.0,385.02146017994943,0.9266222091399925,36.376915627223546,36.33599652502831,128.27538393672614,128.16462655017912,0.07589293849565285,0.12963353958233587,0.20847534716381655,0.10081084590560474,GREEN,10.149160110654321,9.75,9.75
1531.0,385.0249288214912,0.9267612953810155,36.36634146825176,36.34161426671219,128.27066622131522,128.18559630300993,0.07522366491687286,0.12908164054933008,0.2066460592195795,0.10038687297301346,GREEN,10.130059456340177,9.75,9.75
1532.0,385.0240676103645,0.9269101142310553,36.37785700286917,36.34740933394232,128.26774959196504,128.20575012901745,0.0744937395798904,0.1282348513972808,0.20464869525816584,0.09973370634048144,GREEN,10.109441560712014,9.75,9.75
1533.0,385.0114176649,0.9270730483479303,36.39488662333604,36.35320134840055,128.26534787786056,128.2219670441373,0.07257213412129015,0.12724099376849143,0.199371295453333,0.09896626904226873,GREEN,10.086408194073329,9.75,9.75
1534.0,384.9951432518071,0.9272232452787851,36.39334151715656,36.35832254557835,128.25599480793983,128.2346094023317,0.0704839120129251,0.12607974414796524,0.19363615601563888,0.09806875676726139,GREEN,10.064996496543102,9.75,9.75
1535.0,384.9781532785002,0.9273766494047683,36.38885341004539,36.36353544108677,128.24649090264808,128.24733526304388,0.06853569334769544,0.12474694523977219,0.18828672269068925,0.09703788803438146,GREEN,10.04311592025769,9.75,9.75
1536.0,384.9687734464438,0.9275248284811367,36.392012675714604,36.368902653291364,128.23925016637924,128.26313925480474,0.06683843402744068,0.12332548332071422,0.1836272100937437,0.09593808151601384,GREEN,10.022257875578617,9.75,9.75
1537.0,384.9657334962373,0.9276634650764559,36.382675031351454,36.37419507460752,128.2313422429663,128.28079118040915,0.06547645079111655,0.12201988601047055,0.17989063194866683,0.09492846334449513,GREEN,10.002967973387626,9.75,9.75
1538.0,384.9568821125378,0.9277952959232195,36.39748164673472,36.378946003210764,128.22354301678902,128.29459636850748,0.06429652957722501,0.12115252328666382,0.1766532644028057,0.09425996870154306,GREEN,9.98439354687639,9.75,9.75
1539.0,384.95058089160506,0.9279147851056473,36.385566063273345,36.38333340944647,128.22093045239328,128.30796880691696,0.0636565076894961,0.12075054989146226,0.17490211134606937,0.09395372767360632,GREEN,9.967625963683133,9.75,9.75
1540.0,384.93956178326096,0.9280243626534534,36.38677306398568,36.38710912399254,128.21415850288088,128.31761092396687,0.06270263294875361,0.12089223001832912,0.17228694329329544,0.09407078968779554,GREEN,9.952046735746706,9.75,9.75
1541.0,384.9139913293891,0.9281172242058785,36.40838429486083,36.38954146507135,128.20649989676915,128.31766412428865,0.06096024793245056,0.12140813535818977,0.1675007490564626,0.09447936998130148,GREEN,9.938216466743995,9.75,9.75
1542.0,384.89754984025,0.9281893104614279,36.395907845068535,36.39159056386821,128.1917410148399,128.31940834473798,0.05912708112441401,0.1223941307921383,0.16246569610035466,0.09525419825261972,GREEN,9.927614001325196,9.75,9.75
1543.0,384.8634264643674,0.9282260093225213,36.362608446300385,36.39141615779627,128.16947436217,128.30741717900517,0.0583147925915666,0.12362966040235714,0.16024034693733763,0.09622371897198728,GREEN,9.921220987094244,9.75,9.75
1544.0,384.838811796904,0.9282416261839598,36.35263111253145,36.390864643086275,128.15195351700132,128.29726665135303,0.05754145945535303,0.12503397656891674,0.15812218662850236,0.09732507621550406,GREEN,9.918110716271059,9.75,9.75
1545.0,384.816786085328,0.9282315202579847,36.33419710118616,36.38942705579046,128.1366837101802,128.28485576235437,0.05643164569822414,0.12648769445463623,0.15507869417414208,0.0984652780485236,GREEN,9.918655929103807,9.75,9.75
1546.0,384.79957156778465,0.9282114305320283,36.325992544918094,36.38782555934514,128.12230774259518,128.27347147042173,0.05519761267382221,0.12795717841490625,0.1516933421815812,0.0996181483204826,GREEN,9.920766664416277,9.75,9.75
1547.0,384.7781828483689,0.9281849902544017,36.308050193141696,36.38577776863156,128.10793959610345,128.25912309068786,0.05464795513742378,0.12936352065262754,0.15019029197094655,0.10072223844619554,GREEN,9.923593110674034,9.75,9.75
1548.0,384.76441518546085,0.9281463068459123,36.30038149056105,36.38361040600056,128.0992907438095,128.24689424379963,0.05364176595631218,0.13065857179184737,0.147431285075188,0.10173984603270896,GREEN,9.92840559617568,9.75,9.75
1549.0,384.7569956152396,0.9280984334564002,36.30891029048364,36.38138297129099,128.09209390143164,128.23656997677983,0.051316322102987325,0.13188330833390455,0.14104346308473859,0.10270275227666553,GREEN,9.93473314589059,9.75,9.75
1550.0,384.75767962072194,0.9280450033341764,36.33569412580149,36.37932085165543,128.0921676431686,128.2295294083415,0.0494933726188555,0.13295594739841274,0.1360361094034146,0.10354713056190223,GREEN,9.942142167554948,9.75,9.75
1551.0,384.76803877808123,0.9279789789688572,36.30823658592873,36.377222397132414,128.09523143676444,128.22558502642465,0.048129954020300375,0.13389435575834574,0.13229294324330654,0.10428680936732716,GREEN,9.951666756697762,9.75,9.75
1552.0,384.782729131505,0.9279082513649864,36.33586271817967,36.37514421838743,128.1007445094813,128.22315502500703,0.04643084854329201,0.13469564462581773,0.12762524189090552,0.10491947432228908,GREEN,9.962010196216283,9.75,9.75
1553.0,384.8271245232362,0.9278253736125426,36.36298721649468,36.37399350304319,128.1132296878537,128.2338923688581,0.04526680447744809,0.13540700376842876,0.12442762572996817,0.10548188907055091,GREEN,9.975188796460657,9.75,9.75
1554.0,384.8555650914513,0.9277399437043906,36.384124843962816,36.3719883100287,128.12789375897827,128.23629978198534,0.04461432709310206,0.13577868426322998,0.12263565762423491,0.10577948163347474,GREEN,9.98810313630247,9.75,9.75
1555.0,384.8825451702118,0.9276480994059819,36.39178387908002,36.36966233001051,128.1430952509435,128.23708845843274,0.04426884581098731,0.13577453689179247,0.12168744572540582,0.10578409894001727,GREEN,10.001849928385667,9.75,9.75
1556.0,384.9093272795902,0.927544275657831,36.38656938229578,36.366857014134894,128.15850184709063,128.23611980387562,0.0437569671915018,0.13532485459490726,0.12028136661601842,0.10544134961411719,GREEN,10.017247899707314,9.75,9.75
1557.0,384.9407096115787,0.9274320737889568,36.39787238616946,36.36394015666474,128.17351962317,128.2362889135104,0.04296720566626309,0.13458524099732183,0.11810959471606833,0.10487234105027421,GREEN,10.033987193730866,9.75,9.75
1558.0,384.96783903038477,0.9273131966242927,36.42419960007955,36.36056029073923,128.18000889602402,128.23340677591256,0.04353699917014192,0.1337405854397853,0.11967552465663188,0.10422122247889112,GREEN,10.051486874605843,9.75,9.75
1559.0,384.98124782356035,0.9271900630911909,36.413057874048214,36.35636529064584,128.18155922825613,128.22307817296974,0.04405153454746255,0.13267356739409109,0.12109055034924393,0.10339670942819917,GREEN,10.069040430504543,9.75,9.75
1560.0,384.98375792489594,0.9270643982193116,36.38567818538893,36.351556309171436,128.17539828170723,128.20695357717926,0.04379698172115738,0.13150353814788945,0.12039132654498126,0.1024918769334263,GREEN,10.086517538135723,9.75,9.75
1561.0,384.9845321000351,0.9269562431617725,36.40232417635449,36.347351936479185,128.1658011617522,128.19238311662053,0.044014072557812346,0.13023623495850872,0.1209878711305772,0.10151122778717868,GREEN,10.101505146504735,9.75,9.75
1562.0,384.9781626029227,0.9268553157425845,36.381450230230264,36.34309377162014,128.1570906983966,128.17524445241554,0.04371507915276332,0.12887512700700096,0.12016611679266058,0.10045738843086637,GREEN,10.115211755113677,9.75,9.75
1563.0,384.96338102189674,0.9267775825476234,36.35649395470607,36.33934810007253,128.15119487094972,128.15711327859685,0.04314381294435727,0.1275305738809108,0.11859696965409582,0.0994161737612689,GREEN,10.12537832667607,9.75,9.75
1564.0,384.9599914713635,0.9267143212829102,36.3704454343556,36.33670762768575,128.14536049495038,128.14667286346366,0.043139712642179924,0.12630039183127093,0.11858716061441171,0.09846381628143089,GREEN,10.133992407859637,9.75,9.75
1565.0,384.9498504841858,0.9266812459555611,36.36646059799957,36.334932141207545,128.13992291972616,128.1370357544915,0.043293460891050364,0.1250804365842438,0.11901229972792644,0.09751913297057305,GREEN,10.138165468946568,9.75,9.75
1566.0,384.9284640933316,0.9266604789854588,36.381479283771164,36.333108565012715,128.133739148354,128.12348635499424,0.043741219262513904,0.12396606073495191,0.12024540698862653,0.09665644993946611,GREEN,10.140191939852656,9.75,9.75
1567.0,384.9151422076991,0.9266543268885289,36.39694221250527,36.33223862692849,128.1310300173979,128.1159845582561,0.0445011861171966,0.12285442542805575,0.1223362606603648,0.09579559027375853,GREEN,10.14051610303926,9.75,9.75
1568.0,384.8952322684668,0.9266606288673601,36.38883468892573,36.33154604408224,128.13312463387913,128.10691560818572,0.045105190126423035,0.12164385224864903,0.12399805796780955,0.09485721555734214,GREEN,10.138858105939136,9.75,9.75
1569.0,384.8811275679266,0.9266777958962404,36.40545960584402,36.33155339777438,128.1355212403309,128.10224698733518,0.04610296071210219,0.1203284418952638,0.12674055556545663,0.09383668955861117,GREEN,10.135927656140069,9.75,9.75
1570.0,384.8697940896991,0.926698725238403,36.41245117677955,36.33183902046122,128.139859712523,128.09948185303415,0.047196915844211,0.11895626143201284,0.12974776191878357,0.09277145380959527,GREEN,10.132586848775276,9.75,9.75
1571.0,384.8662048304821,0.9267216391279628,36.39905959159952,36.33256795649308,128.1430430571166,128.10085728182187,0.047882909170083414,0.11755975216702741,0.13163390316604395,0.09168673938303804,GREEN,10.129277715741893,9.75,9.75
1572.0,384.8676021408118,0.9267484735394775,36.41398042627298,36.33368596958642,128.15150069165975,128.10526425897302,0.04877270876565717,0.11595726748614366,0.13407965630464613,0.09044091441099338,GREEN,10.125623534893975,9.75,9.75
1573.0,384.86207001908065,0.9267781362779816,36.44959357128944,36.33458777249815,128.15773362418997,128.10660239218282,0.05044314304773143,0.11413083144128591,0.1386699187597732,0.08901999139729647,GREEN,10.121304997464534,9.75,9.75
1574.0,384.86050325247135,0.926803555138206,36.43828540120515,36.33551036496331,128.16195446075406,128.1093336878469,0.05186671960765505,0.11233326823528912,0.14258065396942415,0.08762109285629721,GREEN,10.117729617648422,9.75,9.75
1575.0,384.87925659094554,0.9268269158978779,36.43347453380689,36.337311511107714,128.16576269474223,128.12192682259482,0.053006100297414746,0.11060990067960762,0.14570994859512165,0.08627954585059501,GREEN,10.115239820839065,9.75,9.75
1576.0,384.9062982503503,0.9268442106039341,36.41812152771255,36.33926610305464,128.1722063179495,128.13782087415785,0.053831734062807564,0.10882129517201868,0.1479761403859308,0.08488664727874876,GREEN,10.113914863246094,9.75,9.75
1577.0,384.92779202391006,0.9268499893839065,36.40327097396373,36.34050728777735,128.1750032366877,128.14935314369896,0.05414993024144891,0.10692164688890388,0.1488487781758081,0.08340673154470842,GREEN,10.113963047179027,9.75,9.75
1578.0,384.9486568499571,0.9268504140492938,36.380347116386886,36.34150883529509,128.17461521469073,128.15983141649738,0.05411596061131785,0.1049323063012526,0.1487543977082692,0.08185654836483335,GREEN,10.114726671666034,9.75,9.75
1579.0,384.9740323546765,0.9268333538806577,36.374224031491735,36.34203767120673,128.30033306478919,128.1701446937449,0.053639370830918,0.10414199668245819,0.1474449417190329,0.08124017177396986,GREEN,10.118086040610535,9.75,9.75
1580.0,384.97468348291545,0.9268271323939585,36.3427998648766,36.3418244541065,128.26172623281298,128.16960950537603,0.05287845946287544,0.10254785552522973,0.145356122872845,0.07999697440861937,GREEN,10.118972071124517,9.75,9.75
1581.0,384.98563449588755,0.9268071689573821,36.3576437178968,36.34155854372212,128.28716984551048,128.17231759175914,0.051825807413416816,0.10109001762517988,0.14246495690317196,0.07885976035828471,GREEN,10.122164674651714,9.75,9.75
1582.0,384.98766963502607,0.9267738119075697,36.34822576709137,36.34034661374582,128.28383662323066,128.16872079136888,0.05120958302099263,0.09958368663073482,0.14077258132785905,0.07768463241507786,GREEN,10.126858070058375,9.75,9.75
1583.0,385.00015600624477,0.9267279605359292,36.331793994839344,36.33913798742197,128.2768190275425,128.1686148686571,0.05104893808914559,0.09792878760626578,0.14033166998238572,0.07639363973534341,GREEN,10.133692093719247,9.75,9.75
1584.0,384.99367271762213,0.926675661466942,36.33043318427229,36.33678126627718,128.2724366614593,128.15814450081496,0.050961017552176566,0.0963493074106908,0.14009035429866096,0.07516156628994027,GREEN,10.14066902142494,9.75,9.75
1585.0,384.9821179396944,0.9266036668058877,36.35807353639007,36.33341296567138,128.2679170272077,128.1424186191206,0.05089209239034841,0.09499134683334565,0.1399001785756508,0.07410240521979265,GREEN,10.150168826429507,9.75,9.75
1586.0,384.9740188583026,0.9265266261208228,36.36112374897971,36.33000994045213,128.26170324837545,128.12772111669025,0.05054713752272759,0.09400622273463005,0.13895271576257742,0.07333414958688889,GREEN,10.160502345526709,9.75,9.75
1587.0,384.9681343532867,0.9264467210260886,36.364500865055064,36.32659914641568,128.2544642678622,128.1137337109153,0.05003305353687685,0.09333619679676475,0.13754107792437906,0.07281177737137763,GREEN,10.171319064729033,9.75,9.75
1588.0,384.9713841112266,0.9263480015893546,36.36931694981455,36.32288160205736,128.24216472074548,128.10170435176067,0.04979291336987589,0.09299163080783289,0.13688198781344377,0.07254340926156712,GREEN,10.18509945412427,9.75,9.75
1589.0,384.9820806251712,0.9262380840316794,36.37469057611593,36.319076198704465,128.10097770575345,128.0918426083292,0.04973874446934113,0.0913568455200138,0.13673398389094296,0.07126976785173642,GREEN,10.200724731137058,9.75,9.75
1590.0,385.003058234307,0.9260932772980901,36.41888888901637,36.314387468438476,128.12618955870622,128.08228497377144,0.05126446723633548,0.09040877605867226,0.1409255523584273,0.07053152326977402,GREEN,10.221585827943073,9.75,9.75
1591.0,385.00836576217176,0.9259292967834973,36.419369551206216,36.30820765453458,128.0926713854239,128.06225392556766,0.05313948137326529,0.08982512066688857,0.14607640008427622,0.07007781206374487,GREEN,10.244476804771693,9.75,9.75
1592.0,385.0235461646042,0.9257396267885799,36.41814873983184,36.30148581796725,128.08205656565295,128.04359381561815,0.0550925653834953,0.08960548605821281,0.15144248415420347,0.06990815023591504,GREEN,10.271316889679639,9.75,9.75
1593.0,385.04279625831623,0.9255310078355115,36.41355638779753,36.29421241000335,128.0702374571255,128.02433938873511,0.056952724330707374,0.08962638412238119,0.1565544864062632,0.06992622846389236,GREEN,10.30094448061746,9.75,9.75
1594.0,385.08018951600116,0.9252940931223899,36.37784043007471,36.28668377809728,128.0511812834547,128.0102133116588,0.057979878025442744,0.08973984278561405,0.15937910952359935,0.07001661327906814,GREEN,10.335221143337463,9.75,9.75
1595.0,385.1069582168957,0.9250352998150644,36.33781508543775,36.27779569444695,128.0327581395,127.987754808719,0.05840395293320325,0.089927651460133,0.16054859013821873,0.07016509502964992,GREEN,10.372105441270023,9.75,9.75
1596.0,385.1280963142103,0.924758334715001,36.312370168230075,36.26792906101203,128.00931672669125,127.95996860626175,0.05860919182286912,0.09010026806029606,0.16111865722757446,0.07030187936155918,GREEN,10.411283430842019,9.75,9.75
1597.0,385.145160166516,0.9244731788465903,36.29719260869434,36.25754878889098,127.98537013510006,127.92901297793418,0.05882204302668832,0.09016784626663614,0.16171012589705552,0.07035685863096311,GREEN,10.451435373789252,9.75,9.75
1598.0,385.1582003432544,0.9241926179686908,36.31248643354427,36.247158888419634,127.96730596336708,127.8966840179415,0.05937537127198713,0.09016219740067441,0.16323766072268142,0.07035479533054209,GREEN,10.490792284400342,9.75,9.75
1599.0,385.1576673040052,0.9239306008126924,36.27667840474114,36.23685740858303,127.95453651219472,127.86015869663599,0.05959681336742381,0.09028517849187075,0.16385463534335182,0.07045320001830561,GREEN,10.527030324021823,9.75,9.75
1600.0,385.1592020672578,0.9236777750255115,36.235471788143734,36.22701367719804,127.93605798213018,127.82593487752682,0.05960680002001089,0.09041658237084862,0.1638934553905268,0.07055829182707664,GREEN,10.562081304844057,9.75,9.75
1601.0,385.163811775066,0.9234409893773611,36.159965164737564,36.21794358087152,127.91765303418849,127.79546079216566,0.06002564466132526,0.09065345742515145,0.16506389184206569,0.07074579952803273,GREEN,10.595039805314812,9.75,9.75
1602.0,385.1619164102307,0.9232275728156548,36.134455848924276,36.20948415490469,127.89669553677118,127.76498287741059,0.060799573573311304,0.09074986116615237,0.16721214744353963,0.07082375073534831,GREEN,10.624496206011443,9.75,9.75
1603.0,385.14600031405763,0.9230387951731681,36.10979450776069,36.20133219441289,127.87941842240843,127.73094026533278,0.061825635545701724,0.09102653280891237,0.17005374887696148,0.0710423533712525,GREEN,10.649960876931374,9.75,9.75
1604.0,385.125597649135,0.9228884455848214,36.13064011645242,36.19447680576252,127.86714281741408,127.69998694268229,0.06217688111095952,0.09164923712675337,0.17103726882833242,0.07153099773336555,GREEN,10.66991849237884,9.75,9.75
1605.0,385.0985081599562,0.922770348361162,36.12301320391212,36.188572379526256,127.85517095814578,127.67017429846064,0.06234387570868468,0.09275808742854583,0.17151324668669662,0.07239909170758264,GREEN,10.685132116838247,9.75,9.75
1606.0,385.07048675784176,0.9226905168195829,36.151514267179046,36.184125073961994,127.84720174289951,127.64519590434527,0.0619738753224151,0.09435744567014756,0.17050898534261247,0.07365005077517547,GREEN,10.695009806584594,9.75,9.75
1607.0,385.04102626317234,0.9226282492163639,36.15559547126581,36.18029909668356,127.83638580930048,127.62193447979509,0.06123919856675987,0.09637881656044944,0.16849944557322102,0.07523047545998995,GREEN,10.702395593764905,9.75,9.75
1608.0,385.00216099449625,0.9225916808080374,36.1164025003455,36.177039131945556,127.8240246511221,127.59755457964073,0.06079530069455849,0.09889678769328193,0.1672921764678428,0.07719869436792613,GREEN,10.705832751888636,9.75,9.75
1609.0,384.9813469419514,0.9225625620853235,36.116288229904704,36.1749194297971,127.812004907609,127.58318052691752,0.060546049049452835,0.10151533035407558,0.1666210229541592,0.07924561278378038,GREEN,10.708991484196417,9.75,9.75
1610.0,384.97105516378144,0.9225600210319784,36.11830617223221,36.1743362543415,127.7999034416515,127.57771310996435,0.06071594000238099,0.10398894386565453,0.1671052197336019,0.0811796692482177,GREEN,10.708913452560608,9.75,9.75
1611.0,384.9603237329016,0.9225788131692514,36.18512333168066,36.17456889884335,127.78696448025254,127.57497721631532,0.06007465856851941,0.10620487814533586,0.1653495930831695,0.08291287877156811,GREEN,10.705867081494375,9.75,9.75
1612.0,384.96167108982354,0.9226188580050119,36.214895487361936,36.17620237585271,127.77882910667685,127.5811844462086,0.06006829401427785,0.1080777224973056,0.16534125034611621,0.08437852024051896,GREEN,10.70038582439986,9.75,9.75
1613.0,384.9555062345962,0.9226845548506206,36.22825484766385,36.178488683386625,127.77137528551866,127.58720423630899,0.06039419529370122,0.10956026794966128,0.16624858713977272,0.08553977922573307,GREEN,10.691044343418127,9.75,9.75
1614.0,384.9439591171757,0.922765381441489,36.22546192259309,36.18111524020378,127.76287551284015,127.59263968119052,0.060644711543743006,0.11086294176033527,0.16695034212607696,0.08656096043899163,GREEN,10.679387257957217,9.75,9.75
1615.0,384.9402383116492,0.9228617069311887,36.252027549450595,36.18471722980158,127.75679134069709,127.60410867878907,0.06119751880747099,0.11194587855585492,0.16848298271268,0.0874109036281731,GREEN,10.665913492911713,9.75,9.75
1616.0,384.9385079521163,0.9229670156203986,36.22658130232732,36.1887649677124,127.75112886913658,127.6178092192306,0.06133917674111204,0.11281713562029712,0.16888537935882847,0.0880958792637016,GREEN,10.651280639250018,9.75,9.75
1617.0,384.94061358595957,0.923095178523966,36.22744948146409,36.19388911883172,127.74980854089357,127.63657744826683,0.06133576688163523,0.113471263755904,0.1688891988476482,0.08861155680825084,GREEN,10.633646920533764,9.75,9.75
1618.0,384.9505482200634,0.9232441541948841,36.21704018087667,36.200197468687556,127.74949074912234,127.66211828735861,0.06082191123792901,0.11382195712308622,0.16749021079642362,0.08889039977190451,GREEN,10.61345887964383,9.75,9.75
1619.0,384.936354972951,0.9234196506355603,36.23850634864973,36.206411155693644,127.74929059297908,127.67932346864134,0.06052194444939292,0.11405392373184288,0.16667752101481756,0.08907656823500085,GREEN,10.58860637318486,9.75,9.75
1620.0,384.92832317269176,0.923607741319332,36.25557867986774,36.21340820636483,127.74928708146781,127.7013334900184,0.06060643420118875,0.11414914668817516,0.16692017366697917,0.08915588284131648,GREEN,10.562268878236736,9.75,9.75
1621.0,384.93099917174203,0.9238192621525457,36.24366744420739,36.221827557010855,127.75208926747291,127.73191108791333,0.06025548737263556,0.11412728420379505,0.16596569480413695,0.08914360801450243,GREEN,10.533133083488266,9.75,9.75
1622.0,384.9211834039884,0.9240418353881854,36.22249585274074,36.23009243856871,127.75292867828401,127.7577982810373,0.06005968083359003,0.11410494980718572,0.16543844384085077,0.08913085242494716,GREEN,10.501957271444681,9.75,9.75
1623.0,384.9233795646283,0.9242569561626219,36.22052967482061,36.238630333431075,127.7593477209123,127.78863446243487,0.0600643501062236,0.11416501652651412,0.1654616338593791,0.0891823219125052,GREEN,10.472304349423652,9.75,9.75
1624.0,384.92294761112055,0.9244821356779895,36.20926539195127,36.2474389223521,127.76858171867764,127.81955283841585,0.06010858896549242,0.11435437556460228,0.16559575472431962,0.08933462585810004,GREEN,10.441153242915377,9.75,9.75
1625.0,384.9251173308549,0.924708447634389,36.19458880139364,36.256414429579486,127.77525853815703,127.85192388832883,0.06049943701642171,0.11478128715373412,0.16668567314127444,0.08967239050834618,GREEN,10.409951209062825,9.75,9.75
1626.0,384.9260383351323,0.9249502848577316,36.206821160521905,36.265939886367356,127.78281770465375,127.88581974050969,0.06065836162072235,0.11554140184791394,0.1671369406650044,0.0902703515589918,GREEN,10.376551582701538,9.75,9.75
1627.0,384.93130767556045,0.9251881002500558,36.19902642286243,36.275512567365354,127.7948104733756,127.9213273320299,0.06088647720485637,0.11667398182841447,0.16778073558581294,0.09115920624649733,GREEN,10.343883058652693,9.75,9.75
1628.0,384.93001478724227,0.9254245486639291,36.22371804518132,36.2847224894433,127.81160970297532,127.9533752737715,0.06094660775038508,0.11805222334325885,0.16795917017609344,0.0922399097403232,GREEN,10.311138519927525,9.75,9.75
1629.0,384.9422905454368,0.9256522525790974,36.23287778775707,36.29422918474726,127.82946350325946,127.99098101899642,0.06071397506590119,0.11980264174567944,0.16733133547159273,0.09361132726785237,GREEN,10.280146893652983,9.75,9.75
1630.0,384.9430511660642,0.9258794999095843,36.216473636829136,36.303175272635684,127.84716790469986,128.02278220964666,0.0608536577924741,0.12181751315797916,0.16773140873803824,0.09518933482080506,GREEN,10.248755525175852,9.75,9.75
1631.0,384.9224310233137,0.926092425191725,36.21772805414783,36.31055138625281,127.86314272721845,128.0419348441494,0.061425441722378245,0.12386534167925418,0.16932152585570504,0.0967930554005008,GREEN,10.218492907045544,9.75,9.75
1632.0,384.92371334945415,0.9262905607384747,36.23693039865834,36.31838044830852,127.87991290704299,128.06996912315444,0.06145079390059228,0.12613094582840675,0.16940518964229087,0.09856697049734829,GREEN,10.191149527403866,9.75,9.75
1633.0,384.9287881772983,0.9264826940701967,36.25462502807809,36.32615315016093,127.89197383100657,128.0990669347371,0.06034096766899742,0.12876426008150726,0.1663605659204932,0.10062829759890327,GREEN,10.16478597327145,9.75,9.75
1634.0,384.9351734196762,0.9266497596539247,36.27842816447193,36.33300491356337,127.90341114248885,128.12535403677617,0.05928432286036762,0.1317386163990126,0.1634593939604257,0.102956201660672,GREEN,10.141939190199992,9.75,9.75
1635.0,384.93937486856294,0.9268087163492337,36.28579472045734,36.33943576093644,127.92072832000305,128.14943058751422,0.05838205924622409,0.13488803545418676,0.1609825876281482,0.10542089643733155,GREEN,10.120126363033307,9.75,9.75
1636.0,384.9472705614371,0.9269398990955532,36.279802376496235,36.34495207195414,127.93728924567786,128.1715125560291,0.058099655095082914,0.13816446280240008,0.16021407121853515,0.10798487194179107,GREEN,10.102298595147403,9.75,9.75
1637.0,384.93788610656287,0.9270593410929383,36.28328568121755,36.349192267771336,127.9493273448181,128.18334072810734,0.0581576296481561,0.14139009059906404,0.1603827845740801,0.11050916683778883,GREEN,10.085414082116728,9.75,9.75
1638.0,384.9320493835357,0.9271454010601935,36.27465278982361,36.35229100063293,127.95725649691296,128.19232445206072,0.058801625952155406,0.1445975936881972,0.16216662761832984,0.11301932118443185,GREEN,10.073285564957558,9.75,9.75
1639.0,384.92226217402583,0.927209411734413,36.27735256965145,36.354338606509685,127.96021909513811,128.19628552980615,0.05949072210014118,0.14681542809747722,0.16407436366032763,0.11475789330084063,GREEN,10.064051247843253,9.75,9.75
1640.0,384.909547503663,0.9272448754576155,36.3008042502715,36.35512862778501,127.95902023326273,128.19483673694117,0.05990255246729662,0.1494662797857853,0.16521337381479365,0.11683453190930443,GREEN,10.058649618186138,9.75,9.75
1641.0,384.89535967967214,0.9272560985588733,36.3166435962723,36.35489861760048,127.95298330690791,128.18930042781068,0.06006991223488727,0.15182582504414785,0.16567808049015562,0.11868410422517245,GREEN,10.05654193121012,9.75,9.75
1642.0,384.87249426982845,0.9272556558521461,36.314603710337316,36.35380138040761,127.94484585834823,128.17781642226166,0.06027410135316833,0.15406105380254737,0.1662438213364658,0.1204367290347536,GREEN,10.055707000646493,9.75,9.75
1643.0,384.8411872721311,0.9272317260963668,36.326623231818246,36.351384624755276,127.93369681001964,128.15886954022395,0.06035136424708349,0.15615607130648962,0.166457318119223,0.12207995985204245,GREEN,10.05778756206385,9.75,9.75
1644.0,384.81358466433244,0.9271936935639112,36.311113602586175,36.348589974009066,127.92603134049945,128.1398253942572,0.06053943759497254,0.15788858496790645,0.1669775330682853,0.12343997887041691,GREEN,10.061961658152853,9.75,9.75
1645.0,384.79368752788724,0.9271445503416239,36.32050342056151,36.34572374124443,127.91228297574949,128.12309598897937,0.06054328081162434,0.15939576489066135,0.16699101733808408,0.12462409284282584,GREEN,10.067972428313283,9.75,9.75
1646.0,384.77570606868426,0.9270764248540957,36.3297356435377,36.34220393262572,127.89532668582679,128.1047016064046,0.06043132744940101,0.16074344142456717,0.1666846316944964,0.1256837784967697,GREEN,10.076680394077073,9.75,9.75
1647.0,384.76814650273326,0.9269901581053287,36.336563430251466,36.33846523048443,127.88002591386073,128.0890062691676,0.06023340667853552,0.16197607523470875,0.16614085073908882,0.12665374329512435,GREEN,10.088303542803004,9.75,9.75
1648.0,384.75848745735925,0.9269028310808882,36.34925149007668,36.33458589655182,127.86219685376973,128.07211690785044,0.05996424419577278,0.16322337714291538,0.1653999498408886,0.12763536470853884,GREEN,10.099989825820757,9.75,9.75
1649.0,384.7473805561552,0.9268141551193368,36.34873901221353,36.33058540680735,127.84960856465685,128.05431930837278,0.05957897130875882,0.16534485625222234,0.16433920857554923,0.1292985281482799,GREEN,10.111804505181254,9.75,9.75
1650.0,384.74512683893835,0.9267139840486323,36.332444118967565,36.32655236339835,127.840737529467,128.0393540361344,0.05803639593873877,0.1672252071053956,0.16009061949083989,0.13077381469824384,GREEN,10.125555785076529,9.75,9.75
1651.0,384.7603453394699,0.9265992827602745,36.31481890091226,36.322774499564474,127.83577592363605,128.0311023263764,0.05624347658347621,0.16907017158712195,0.15515239489774074,0.13222104493052406,GREEN,10.142005195335344,9.75,9.75
1652.0,384.76967907562624,0.9264694336853174,36.31783494490097,36.318124909140245,127.83199099331364,128.01781882895182,0.05418941566902736,0.17069153350355248,0.14949298857150856,0.13349337937466968,GREEN,10.160316546460962,9.75,9.75
1653.0,384.78589632705894,0.9263173812720362,36.29677782847752,36.31292960218465,127.8313266792243,128.00490079902053,0.051994785153767445,0.17205412515488305,0.1434463372170688,0.13456321706043745,GREEN,10.181970555203492,9.75,9.75
1654.0,384.7971368749474,0.9261435390834556,36.29407405890287,36.30664503846384,127.82451179350576,127.98648608888553,0.05067148365017106,0.17323945935320426,0.13980091818106857,0.13549426812632506,GREEN,10.206440480083955,9.75,9.75
1655.0,384.8037855012968,0.9259533902991313,36.28906626169393,36.29950442493601,127.81372714427992,127.96352528154331,0.05009367612708804,0.1742186747914637,0.1382098647901279,0.13626402389852732,GREEN,10.232982903608857,9.75,9.75
1656.0,384.80873824361424,0.925758117774255,36.27214083499962,36.29208284472307,127.80670380248239,127.93900928168851,0.0498305888346673,0.17493800338041973,0.13748654289323514,0.13683025613058178,GREEN,10.260166966730097,9.75,9.75
1657.0,384.82105125396066,0.9255499665082304,36.26200733844834,36.28450328056071,127.80433576696336,127.91638225553963,0.049652071118182324,0.1753841777376225,0.13699621494345238,0.13718247524679622,GREEN,10.289427138114675,9.75,9.75
1658.0,384.833231427479,0.9253419623485157,36.267358969991655,36.27692295210172,127.80341144142473,127.89370667853882,0.048946139034196236,0.175534534052985,0.13505126346500843,0.13730301496425318,GREEN,10.318664404195715,9.75,9.75
1659.0,384.8540569940876,0.9251227239851803,36.2298206698364,36.26930930665585,127.80149032552377,127.87378451482242,0.04894165102175684,0.1753597082403587,0.13504179012826079,0.13716900312142558,GREEN,10.349805933779365,9.75,9.75
1660.0,384.88428294245233,0.9248993694207412,36.24279614488401,36.26197662253873,127.80009864975605,127.85797287032284,0.048992084967271254,0.17494208392528818,0.13518049419256897,0.13684475665697207,GREEN,10.381901755604815,9.75,9.75
1661.0,384.902744867797,0.9246793441774237,36.22676048287973,36.25421970468724,127.80447032169126,127.83675406531925,0.04854653703600479,0.17427924239466128,0.13394700990691266,0.13632827447758228,GREEN,10.413067205469744,9.75,9.75
1662.0,384.91871748973193,0.9244628592001274,36.25683197187324,36.24648395553794,127.80806403426277,127.81478069392661,0.04758918123465241,0.173449903846453,0.13129813607319332,0.13568110013243465,GREEN,10.44364626388078,9.75,9.75
1663.0,384.9332953192584,0.9242601480920012,36.26619258285586,36.23922224206139,127.80766898924324,127.79401364720238,0.04622987155509026,0.1723964836212491,0.12753864034620618,0.13485832419934357,GREEN,10.472267670902994,9.75,9.75
1664.0,384.95257626365714,0.924067807978768,36.28957188537666,36.23258819203863,127.80374471576856,127.77701923885915,0.04608037902122357,0.1710753254445237,0.12711693213050682,0.1338259453635407,GREEN,10.499650650062037,9.75,9.75
1665.0,384.96127997423315,0.9238690548630726,36.271284778555085,36.2252046219851,127.79275895271464,127.75386893646674,0.04568541984168962,0.1694744173332209,0.12601881046213406,0.13257469250594633,GREEN,10.52749059602806,9.75,9.75
1666.0,384.95800762166294,0.9236607995123932,36.29572540487892,36.21688493100077,127.78002445704101,127.72344252182552,0.046615771788988555,0.16761512682376506,0.12857657182967125,0.13112137439785604,GREEN,10.556153829185149,9.75,9.75
1667.0,384.95249241062817,0.9234551823607368,36.2977953162162,36.208563271252046,127.75858987293141,127.69226568628088,0.04791205476507423,0.16553445610189613,0.13214336777485217,0.12949502805899588,GREEN,10.584359022073869,9.75,9.75
1668.0,384.9625247937697,0.9232391706216656,36.30797817309665,36.200565186380416,127.72663767406789,127.66738692695601,0.04926030317476563,0.16311148167095063,0.13584992769062762,0.12760119308280707,GREEN,10.614643330697433,9.75,9.75
1669.0,384.9628159139227,0.9230118330844783,36.291083436762435,36.19166487816546,127.69558585862049,127.63609501396095,0.0503390306364202,0.16059783573536718,0.13881368678043945,0.12563668906877262,GREEN,10.64609210322098,9.75,9.75
1670.0,384.9461690580193,0.9227898760299891,36.271906104895415,36.182179518783784,127.66346734181337,127.59712538120147,0.05114563690725754,0.1582473066024415,0.14102800890044326,0.12380005775614898,GREEN,10.676092277132227,9.75,9.75
1671.0,384.9456860924082,0.922562086071507,36.259918092184186,36.17322528403886,127.62006298735164,127.5653880589734,0.05233813418699395,0.15602261324015426,0.14431121787500717,0.12206229158262862,GREEN,10.707569376528582,9.75,9.75
1672.0,384.93396053100577,0.9223318411029938,36.18886279860765,36.16364669680329,127.58102184527517,127.52772438510317,0.05220081613705697,0.15407576913034163,0.1439343146276809,0.12054231207463455,GREEN,10.738915344688564,9.75,9.75
1673.0,384.9348180280458,0.9221019583490748,36.16212484537816,36.154673509333136,127.54430851595214,127.49636529337283,0.05181286256398726,0.15235595028368487,0.14286894460040642,0.11920032841157331,GREEN,10.770736450605028,9.75,9.75
1674.0,384.95041132158735,0.9218811878596371,36.107893700307585,36.146749435160224,127.51868230466776,127.47358533125502,0.05173933118954383,0.15087487276129546,0.14267389770657896,0.11804532100095219,GREEN,10.801918074140147,9.75,9.75
1675.0,384.96959881327797,0.921675112735504,36.104788091617955,36.139569914710556,127.5048686577307,127.45461887968888,0.05120166006470075,0.14972233627564058,0.14120079667414423,0.11714741858990388,GREEN,10.831222973420708,9.75,9.75
1676.0,384.9921002133629,0.9214952933122117,36.05708601375612,36.133575014764276,127.4920585049503,127.44092492992425,0.05191613296371828,0.14887618973686656,0.1431822806643401,0.11648930267567376,GREEN,10.857041272216719,9.75,9.75
1677.0,385.0177621424519,0.9213348697171841,36.03388502222753,36.12848852706989,127.48073515797066,127.43147866866042,0.053157096876903606,0.14829318447115583,0.1466178465552748,0.11603719750455166,GREEN,10.880315291528206,9.75,9.75
1678.0,385.0380646673294,0.9211963122262015,36.01309087103957,36.12400764150997,127.48482702630213,127.42239261058486,0.05500900985604208,0.14808309732641534,0.15174001736716075,0.11587680705026629,GREEN,10.900341555220223,9.75,9.75
1679.0,385.05494891311116,0.9210935501415184,36.01636543016158,36.120769842241735,127.48993962711836,127.41655880499036,0.056484459480970375,0.14811063260252255,0.15582589663555174,0.11590227403817713,GREEN,10.915273814415002,9.75,9.75
1680.0,385.08371849847816,0.9210103434815694,36.01416528939625,36.118856129447636,127.49053770133578,127.41932764593217,0.0578232180769755,0.14826647713114682,0.15953689105479374,0.11602814397299913,GREEN,10.928008567759306,9.75,9.75
1681.0,385.097320962444,0.9209565400423875,36.002642849447824,36.117384021117346,127.50032109100304,127.41863507335789,0.05962382475850646,0.14861821002158737,0.16452308144309497,0.1163072170317806,GREEN,10.936031551294505,9.75,9.75
1682.0,385.13154383924035,0.920916561820806,36.01810501092293,36.11742092193616,127.50588220757878,127.43008872261329,0.06097895412819779,0.1489386495805951,0.16827817726122923,0.11656174595989104,GREEN,10.943021291460823,9.75,9.75
1683.0,385.18178136434676,0.9207494865225095,36.00344478855737,36.11322351619873,127.7208795936318,127.43189973427253,0.06256059808891361,0.15349348119815887,0.17266013818128054,0.12012703207311203,GREEN,10.968285766300298,9.75,9.75
1684.0,385.1892201711632,0.9206472073906194,36.017234223105554,36.10956064707641,127.6523020128415,127.42143542594094,0.06349496779726423,0.1562218642465218,0.17525437268863164,0.12226417296820599,GREEN,10.982759365558124,9.75,9.75
1685.0,385.20382758251117,0.9205591767539208,36.01610543166089,36.106792529451354,127.63737074763104,127.4164992375714,0.06407006549338783,0.15849410610274975,0.17685623815535356,0.12404473238129991,GREEN,10.995568617607574,9.75,9.75
1686.0,385.21456400093604,0.9204728794736547,36.043000570684725,36.103910853753334,127.62819788208489,127.40988122789955,0.0640980286199101,0.1604304440280791,0.17694676234472323,0.12556273139806132,GREEN,11.007973408681522,9.75,9.75
1687.0,385.2171104618901,0.9203988336510253,36.05238578510604,36.10112586077249,127.61192713493352,127.40089522901377,0.06364470402850739,0.16190550701232953,0.1757071851289252,0.12672022943311986,GREEN,11.018331926720094,9.75,9.75
1688.0,385.20440904501,0.9203263185667027,36.04353801004076,36.097686453247746,127.59725747731375,127.38455728297228,0.06354124811682116,0.1631945407412525,0.17543611370550832,0.12773270217164331,GREEN,11.027823970405734,9.75,9.75
1689.0,385.19241148792463,0.9202577212287445,36.093545292000684,36.09443376935292,127.58025841079902,127.36911178250797,0.06304577810527352,0.1641362482011889,0.17407929214144327,0.12847395508003243,GREEN,11.03680304365885,9.75,9.75
1690.0,385.1740579361078,0.9201900037530584,36.078771259549725,36.090917891986756,127.56019076226409,127.35063678419449,0.06206402275634306,0.16479861265782242,0.1713793717283799,0.12899723528658988,GREEN,11.04538606411522,9.75,9.75
1691.0,385.1612866728041,0.9201157317197811,36.10874305602349,36.08740656465238,127.53254048395253,127.3340245229728,0.060958407968459576,0.165174500136655,0.1683348454615756,0.12929704037429077,GREEN,11.055115161633793,9.75,9.75
1692.0,385.1425307555934,0.9200500515277169,36.105380364417385,36.08395194515879,127.50686910186394,127.31563483719312,0.06010833506911429,0.16519716040866753,0.16599744458323903,0.12932107257395983,GREEN,11.063396418540336,9.75,9.75
1693.0,385.11065761581403,0.9201310821245063,36.11315095899357,36.08563667147475,127.26951488114668,127.31104236768552,0.05950090761994387,0.16310748434446085,0.16433065070342553,0.1276955848065769,GREEN,11.05081154744893,9.75,9.75
1694.0,385.09606353779895,0.9201667165465413,36.10578281733956,36.08635039968939,127.3109954062669,127.30873576921046,0.059135505094960586,0.16057135197920086,0.16333445565004592,0.1257197845330959,GREEN,11.045253219883037,9.75,9.75
1695.0,385.07432137374354,0.9202009937046927,36.09405030187621,36.086675900271906,127.29574076278992,127.30269630286642,0.058736345696327255,0.15783605402224124,0.1622462836837168,0.1235882547840284,GREEN,11.03957584612445,9.75,9.75
1696.0,385.06422585647306,0.9202407901250794,36.07447808737584,36.08776349301828,127.27511302820504,127.30319539241272,0.05815632919558773,0.15495489973033572,0.16065930188155772,0.12134274900042465,GREEN,11.033636400394059,9.75,9.75
1697.0,385.05833245054123,0.9202723485920756,36.02995696303769,36.088724904123794,127.26198492403925,127.30463843961644,0.05802865818982061,0.15208102642226182,0.160325305475247,0.11910294840472994,GREEN,11.029017498628122,9.75,9.75
1698.0,385.0532909610626,0.9202988818519922,36.01158750374983,36.08952915426028,127.24770169227497,127.30580865842768,0.05803543736162178,0.1492111363045135,0.1603634611327979,0.11686620447431122,GREEN,11.025130527589653,9.75,9.75
1699.0,385.0561123895583,0.9203252333107134,35.982961223813675,36.090694751194235,127.2332543771652,127.31085314851362,0.05884533151066497,0.14640878841876,0.1626234078068258,0.11468221261755863,GREEN,11.021606443553082,9.75,9.75
1700.0,385.06114665842307,0.9203484663932109,36.011091956735335,36.0918417722539,127.22772598149004,127.31656382473159,0.05934865586094539,0.14366713487315289,0.16403627075499266,0.11254541627084223,GREEN,11.018608638452292,9.75,9.75
1701.0,385.0678202356214,0.9203724030879673,35.993592927210656,36.09309322403391,127.22790682432121,127.32318503790407,0.06052170954309853,0.14092828524415113,0.16730342100752452,0.11041031893428221,GREEN,11.01558371561191,9.75,9.75
1702.0,385.0563767234191,0.9203986449108538,35.99878343436342,36.09358598710053,127.22875134278515,127.32113946100309,0.061539107650837865,0.13819715238558777,0.17014062595429758,0.10828073654386895,GREEN,11.01146257507979,9.75,9.75
1703.0,385.0267482582054,0.9204252420093582,36.01262028551797,36.09324030524637,127.2295467000911,127.31012332733508,0.062331127487063036,0.13550504357645846,0.17235530579685496,0.10618116931910512,GREEN,11.006512849881688,9.75,9.75
1704.0,384.99585165244196,0.920443928674183,35.99303564142175,36.0925248619371,127.22711849003777,127.29738393237011,0.06345651973493822,0.1329740792437547,0.1754929165556578,0.10420742834939226,GREEN,11.002603678749892,9.75,9.75
1705.0,384.9738190137375,0.9204566561456351,35.9835544173239,36.09199114755167,127.22402133708471,127.28821663706077,0.06490072594603957,0.13042272648554626,0.1795148380952221,0.10221720558367635,GREEN,10.999899144592234,9.75,9.75
1706.0,384.9719587221215,0.9204653007230719,36.001091860949316,36.09224290597623,127.22101021615815,127.28848943817661,0.06593927869336705,0.1278880267442752,0.18241510254808196,0.10023949509455687,GREEN,10.998623979553656,9.75,9.75
1707.0,384.96333876724367,0.9204676114023836,36.05440761487916,36.09192943349635,127.21575172800948,127.28453379001535,0.06611651060871089,0.12532484631430546,0.18292919658301296,0.09823898193597203,GREEN,10.997935047850959,9.75,9.75
1708.0,384.96441642134715,0.9204678514909851,36.07779003758657,36.09198936474969,127.20572285178066,127.28510146497523,0.06611481424546693,0.12278799896228325,0.18294740423185016,0.0962586670439995,GREEN,10.997948028602693,9.75,9.75
1709.0,384.9606128356083,0.9204525205153955,36.05042492684833,36.091209931452006,127.19657360912865,127.28109505369675,0.06628272562465963,0.12040563022196031,0.18343727159760723,0.09439908264453407,GREEN,10.99990501616817,9.75,9.75
1710.0,384.95955796919844,0.9204292166553336,36.03500148637755,36.09024673312528,127.18982448443963,127.27734942406059,0.06666099652702523,0.11818509816411865,0.18450944916741524,0.09266604738586418,GREEN,11.003082271233097,9.75,9.75
1711.0,384.9502444414285,0.9203884793096777,36.051064053597514,36.08821285377308,127.18247840283223,127.26709754753603,0.06682540052045244,0.11597923964562598,0.1849870072414993,0.09094425175838794,GREEN,11.008315941983739,9.75,9.75
1712.0,384.95205379605187,0.9203372849258151,36.051595099128534,36.086290340816795,127.17200005315894,127.2609158509976,0.0669753343900673,0.11405006768476503,0.185424832898004,0.08943922055469855,GREEN,11.015472529003347,9.75,9.75
1713.0,384.9538553892103,0.920268111652773,36.04903178910196,36.08366250319379,127.16186407583591,127.25224413485729,0.06709199301013297,0.11243410339243477,0.1857690450377382,0.08817968066925229,GREEN,11.025114955980072,9.75,9.75
1714.0,384.9594818543911,0.9201873641662411,36.09794025386892,36.08076007299726,127.15645985996892,127.24386821916725,0.06710902331926814,0.11104730262622445,0.18583301978864225,0.08709964808209268,GREEN,11.036522464592892,9.75,9.75
1715.0,384.97053865435595,0.9200886669342332,36.144684690194275,36.077408227833196,127.15277628463134,127.2357018231977,0.06765530624520123,0.10987321240506835,0.1873582280427266,0.0861862003316195,GREEN,11.050646434032103,9.75,9.75
1716.0,384.9581252352265,0.919980475794014,36.14923540564005,36.07258437082492,127.14914889347432,127.2145871440771,0.06832668160808263,0.10886572716474686,0.18922820606087956,0.08540325553197851,GREEN,11.065072578354645,9.75,9.75
1717.0,384.94056046499287,0.9198636983637639,36.13984308128531,36.06718264853403,127.14781451918616,127.18973363360827,0.06890640950477907,0.1080360734213507,0.19084450231461605,0.08475968232820447,GREEN,11.080462113708379,9.75,9.75
1718.0,384.9185954235851,0.9197371064445689,36.12437918068979,36.0611901866089,127.14721931802342,127.1613450632606,0.06937662616347241,0.10742081552250665,0.1921595058284895,0.08428421365435995,GREEN,11.097016127393857,9.75,9.75
1719.0,384.91013198078394,0.919600813835651,36.14927693992739,36.05545001233401,127.14054042356008,127.13830815254582,0.07024138326434623,0.10701498568570954,0.19456194576845792,0.08397305057366979,GREEN,11.115493105254814,9.75,9.75
1720.0,384.89776949715895,0.9194593003405038,36.14802047658469,36.04932266381731,127.13069414591806,127.11261925310701,0.07134475954772115,0.10677934460236793,0.19762683986852395,0.08379548245640159,GREEN,11.134521437115282,9.75,9.75
1721.0,384.88580325592164,0.919322154237426,36.15029013101566,36.043385267641526,127.11884455108815,127.08773234389486,0.0725808886514553,0.10677354817216934,0.2010580478240856,0.08379844827522143,GREEN,11.152961365171222,9.75,9.75
1722.0,384.886519281864,0.9191806532324376,36.106919179073046,36.03787103302912,127.1103604205962,127.06852573567964,0.07311403067311191,0.10690653727294554,0.2025489362181893,0.08391047919376009,GREEN,11.172553739637848,9.75,9.75
1723.0,384.88926339596213,0.9190478176218171,36.10539397047703,36.03279146180941,127.10345311828519,127.05152113860656,0.07363009052672094,0.10710204828795994,0.20399373012921307,0.08407167985195986,GREEN,11.191036759384687,9.75,9.75
1724.0,384.89761551854457,0.9189226204369816,36.08396335237109,36.028273800480136,127.09739751707487,127.03834855827448,0.07361358556020302,0.10731755473577509,0.20396736752617864,0.084248630930881,GREEN,11.208709173162148,9.75,9.75
1725.0,384.9004110952179,0.9188094096408642,36.068413314164886,36.02396595897868,127.09017497681901,127.02408138241965,0.07359685062275587,0.10753909235907588,0.20394010485720673,0.08443030829913603,GREEN,11.224482519499546,9.75,9.75
1726.0,384.9089800523526,0.9187059661486483,36.071897846500605,36.02031117647286,127.08422823245853,127.01402187994296,0.07319325441351754,0.10767286873253647,0.2028426904282948,0.08454303517016154,GREEN,11.239158745850261,9.75,9.75
1727.0,384.9205478250335,0.9186100805900851,36.067173525917845,36.01709293156427,127.07839736797047,127.00649062154255,0.07256960538922112,0.10773257648088895,0.20113577822418358,0.08459744700080485,GREEN,11.25292249088244,9.75,9.75
1728.0,384.9256019998146,0.9185263604458442,36.05732672848055,36.01404684903602,127.07170777935916,126.99741677974122,0.07145120197615842,0.10788782629067048,0.19805891497677947,0.08472661984104546,GREEN,11.26471945127328,9.75,9.75
1729.0,384.9174439023382,0.9184555981470894,36.05755925910894,36.01089075224024,127.06439697247873,126.98359599848463,0.07054671685841955,0.10811850138494981,0.19557283013586113,0.08491478911204431,GREEN,11.274144772722863,9.75,9.75
1730.0,384.90437776668,0.9183922605536307,36.03454179593378,36.0077962429387,127.05118092091666,126.96837384347862,0.0696748184927531,0.1083076156786495,0.1931768997721797,0.08507013499338645,GREEN,11.282327188059696,9.75,9.75
1731.0,384.90022942628514,0.9183308839150468,36.0212811562902,36.005195796814455,127.0391217527087,126.95783600384372,0.06880139481692049,0.10858563456361799,0.19077632650009066,0.08529499139878456,GREEN,11.290630020291829,9.75,9.75
1732.0,384.8857739201276,0.9182776133892921,36.029404383104,36.00243112616529,127.026905683792,126.94331977911007,0.06881250135027553,0.10890335059245,0.19082118540710127,0.0855507663772578,GREEN,11.297358125006568,9.75,9.75
1733.0,384.87158028913615,0.9182298177163212,36.020819470973024,35.99989341449158,127.01303361807629,126.92969087179138,0.06885879246156695,0.10925839761644161,0.19096202478597854,0.0858356498434212,GREEN,11.303340143767642,9.75,9.75
1734.0,384.86742133703945,0.9181849322502671,36.01168765662497,35.99793914606401,126.99802669575908,126.92142890579866,0.06869876895641522,0.10955039414188782,0.19052671321301115,0.08607091604357979,GREEN,11.309361480558962,9.75,9.75
1735.0,384.8596721016213,0.9181495615093545,36.00189922202248,35.99619002311162,126.98164597445879,126.91270643751434,0.06855582531802991,0.10971971495280144,0.19013932108543602,0.08620985359389562,GREEN,11.31390909218365,9.75,9.75
1736.0,384.8608771598786,0.9181057696260618,35.98262357870192,35.99452950805047,126.96589668673317,126.9072492822378,0.06785833957353128,0.10978234728456576,0.18821132529671322,0.08626500951932302,GREEN,11.320015463006357,9.75,9.75
1737.0,384.8642894361954,0.9180648143965313,35.981938569864376,35.993083410619334,126.95377750360508,126.90327587019573,0.06676571467047984,0.10979177562977895,0.18518527683022648,0.08627837241542059,GREEN,11.325827217272746,9.75,9.75
1738.0,384.8842598078745,0.9180264640589327,35.966034364902555,35.99251364929208,126.94116064355944,126.90785185254707,0.06530164135989672,0.1095799144497699,0.18112837788620625,0.08611801626483999,GREEN,11.332010309422387,9.75,9.75
1739.0,384.9030474109054,0.9179883718512762,35.946578978372976,35.99189860661904,126.93425445854756,126.91187797078241,0.06416279416457697,0.10920786153002414,0.17797527794607765,0.08583186997651883,GREEN,11.33810630172367,9.75,9.75
1740.0,384.9364591229563,0.9179617372822961,35.93542998895643,35.99241640419041,126.93949602759639,126.92472059994437,0.06315313779891274,0.1088369470407737,0.17518106143611303,0.08554652480379987,GREEN,11.343265357417906,9.75,9.75
1741.0,384.96335059184,0.9179444869856928,35.90684631747022,35.992997196824575,126.95170778693108,126.93563576495339,0.06239064651697157,0.1083447096755765,0.17307364512533985,0.08516574390913247,GREEN,11.34683944417307,9.75,9.75
1742.0,384.99157523974486,0.917924912131823,35.92926859226175,35.9935490689262,126.9641786000301,126.94688881729732,0.06162032887883717,0.10792503965753503,0.17094378049659073,0.08484187805694038,GREEN,11.350794511147427,9.75,9.75
1743.0,385.02195782353186,0.9179206058027521,35.91777807028783,35.99480043601861,126.97469334172943,126.96132099010288,0.06078719323020438,0.10128658283780315,0.1686392202566779,0.07963104900269533,GREEN,11.352733828473674,9.75,9.75
1744.0,385.0293545934505,0.9179239850845082,35.927455098883144,35.995278702146024,126.98435957461106,126.96544706014784,0.060246831762437544,0.0968328985102478,0.1671470579083924,0.07613624633067842,GREEN,11.352593565469803,9.75,9.75
1745.0,385.0352743152064,0.9179362684614386,35.93111057652465,35.99603709136993,127.00040111584406,126.97007421211326,0.05968977395235354,0.09262218157364081,0.1656080815186037,0.07283158946726373,GREEN,11.351156329228061,9.75,9.75
1746.0,385.029896980716,0.9179598318392364,35.91185268246235,35.9967097433585,127.01179118153817,126.9706736061601,0.060175133993676924,0.08838934746128606,0.16696482872936058,0.06950880064387255,GREEN,11.34765929056367,9.75,9.75
1747.0,385.0188556804074,0.91799861933238,35.891396227536745,35.99771459416705,127.01269427839493,126.97057682886349,0.06139907778574295,0.0842614996026089,0.17037352620736493,0.06626789287743336,GREEN,11.341806387141347,9.75,9.75
1748.0,384.98839589736957,0.9180490309996466,35.89486648885502,35.99826735979792,127.0186249017263,126.96248142814552,0.06244337319876211,0.07999070111265491,0.17328320878554615,0.06291387296810105,GREEN,11.333488766276915,9.75,9.75
1749.0,384.98177418819574,0.9181205302177506,35.862673989074665,36.000761359737496,127.02245420478214,126.96909365397006,0.06493815313190461,0.0755176784616176,0.18022558133098998,0.0594001176517233,GREEN,11.323308568924162,9.75,9.75
1750.0,384.9527448994197,0.9181939848395474,35.88324839728426,36.00228417525362,127.02132317892018,126.96488996466545,0.06671329198994899,0.07088100633694303,0.18516894545831886,0.055756978415795924,GREEN,11.311870786334623,9.75,9.75
1751.0,384.91975504732864,0.9182834490688758,35.89172967829929,36.004249204477944,127.01521634156795,126.96093850728623,0.06822086650427057,0.06645606569893528,0.1893723698270191,0.05227974237644037,GREEN,11.298047469236096,9.75,9.75
1752.0,384.88988575995916,0.9183986721682972,35.87632659576739,36.00736975127254,127.00179789926453,126.96208955562903,0.07023274747205846,0.06191267084382587,0.19497775510346602,0.04870876430314962,GREEN,11.28080364877573,9.75,9.75
1753.0,384.86176628567546,0.9185185874039069,35.87055747302544,36.01075571262287,126.99021086971017,126.96475193418694,0.07244041682847412,0.06176762284572425,0.20112918745198521,0.04859642994782637,GREEN,11.262991821156149,9.75,9.75
1754.0,384.8507060393208,0.9186506194810015,35.888001311052534,36.01541454310611,126.97931480980819,126.97752856934346,0.07424209859906446,0.06176736444327068,0.2061522918792454,0.04859834029974604,GREEN,11.244256597557467,9.75,9.75
1755.0,384.8461631146727,0.9187966571890948,35.8803059590092,36.02092730219391,126.96584640827606,126.99546547444626,0.07642352742269486,0.06187909557611896,0.21223058408085138,0.04868835620920674,GREEN,11.223872265601358,9.75,9.75
1756.0,384.84506055982706,0.9189587308728324,35.900376278054075,36.027229705793786,126.96031944912822,127.01732134734519,0.07813968504648938,0.06220958465541474,0.2170138959914234,0.04895041582599644,GREEN,11.201422411368952,9.75,9.75
1757.0,384.86073003379283,0.9191291465946138,35.88773486757622,36.034644329287545,126.97167599585099,127.04863502841316,0.08004970766037446,0.06275684765847801,0.22233315389097769,0.04938291691142563,GREEN,11.178550453768665,9.75,9.75
1758.0,384.8783482714524,0.9192981412139233,35.90660427283019,36.04209474063872,126.97979844068064,127.08072047270778,0.08131831566682518,0.06365455635888405,0.22586761141200742,0.050091077460346356,GREEN,11.155956809048746,9.75,9.75
1759.0,384.88514866163234,0.9194691592389008,35.95577959027826,36.04911816093332,126.99625769214236,127.10773014899914,0.08102115810324245,0.0644875559103824,0.22504506617065156,0.05074815931325308,GREEN,11.1326108910568,9.75,9.75
1760.0,384.8950518008691,0.9196590221373763,35.95971286682932,36.05702587721973,127.01414900175162,127.13888365021504,0.08132393793838708,0.06547076474442157,0.22589144291276003,0.051523333866567496,GREEN,11.10679283402365,9.75,9.75
1761.0,384.91239810960957,0.9198536215814919,35.97908692390462,36.065468193182184,127.03107847649714,127.1743828702413,0.08107366891933188,0.06691331126365466,0.22519778931067946,0.05265992991054031,GREEN,11.080639327303672,9.75,9.75
1762.0,384.93292422629577,0.920045439883661,36.01481449281367,36.073950787667435,127.0566781918327,127.21107766039536,0.08050734592632365,0.06879281757089947,0.22362305807887364,0.0541402995509003,GREEN,11.055003715412667,9.75,9.75
1763.0,384.96043999643337,0.9202324203311271,36.033893973582565,36.08257163931794,127.08568997883779,127.25057368082729,0.08007870008586156,0.07125554332638856,0.22243022960690428,0.05607953550939117,GREEN,11.030333261180616,9.75,9.75
1764.0,384.9739537478911,0.9204187956998063,36.01478334209817,36.09051291856638,127.12059392216442,127.28304780760094,0.0796442879516776,0.07372190762041637,0.22122135952419947,0.05802142418327475,GREEN,11.005140571718258,9.75,9.75
1765.0,384.97966753029755,0.920603361383307,36.0149100421348,36.09801779823187,127.15402654226278,127.31140534233978,0.07913502499534003,0.07601997872996406,0.21980363128506622,0.05983062663461159,GREEN,10.979861757793884,9.75,9.75
1766.0,384.98598069077485,0.9207794934342691,36.013617568769575,36.1052201933176,127.18363416888724,127.33889508837038,0.07914371513006929,0.07813393817464817,0.2198264941357898,0.061494694946299985,GREEN,10.955773718196156,9.75,9.75
1767.0,384.9812464250014,0.92095199501251,36.05565139287302,36.111762213432264,127.21475988568575,127.36040182836443,0.0793267710157238,0.07987232949048809,0.2203348161550582,0.06286289019148347,GREEN,10.931716021528914,9.75,9.75
1768.0,384.9860276374041,0.9211334145638784,36.05691026029392,36.1191002028012,127.2445116438871,127.38786379499805,0.0797109532460918,0.08134537643997486,0.2214040451569396,0.06402191448659991,GREEN,10.90683030782236,9.75,9.75
1769.0,384.98428825471336,0.9213044756105127,36.058263807475754,36.12572616835564,127.2681559262795,127.41065715536284,0.08001228213832799,0.08268282185436673,0.22224020565624417,0.06507392402705012,GREEN,10.883099716851106,9.75,9.75
1770.0,384.99209362370107,0.9214593313704666,36.06069775763448,36.132164569720224,127.28942052132008,127.43594819466155,0.08022607488845573,0.08406313954277336,0.22283138059390595,0.06615941218561615,GREEN,10.862014456743609,9.75,9.75
1771.0,384.9966413618589,0.9216034358795923,36.09684747244678,36.138028619526395,127.3110744152708,127.45813592964322,0.08025887687568638,0.08548522047176503,0.2229177649553106,0.06727748416357708,GREEN,10.84227720629005,9.75,9.75
1772.0,384.98968019953116,0.9217404445909277,36.095788961926765,36.14307426448546,127.33156089133351,127.47362691801005,0.08036597321867174,0.0866737284280105,0.2232106569246162,0.06821142087039869,GREEN,10.823035299718057,9.75,9.75
1773.0,384.9737234338157,0.9218843215016107,36.11023987603641,36.147966792509195,127.34837544389153,127.48559831158859,0.08038920045121009,0.08769280399278753,0.223268842888503,0.06901173560543623,GREEN,10.802465969550028,9.75,9.75
1774.0,384.9583159471413,0.9220242265419094,36.10957246300533,36.15272912588775,127.36039103743674,127.4972910470499,0.08055151063009872,0.08874148444605681,0.2237184302551633,0.06983514926133307,GREEN,10.782471432981467,9.75,9.75
1775.0,384.93122326690195,0.9221553912468896,36.12372788009777,36.156599730929216,127.375486705221,127.5019672452371,0.08019426289503899,0.08959387495411626,0.22272839467429068,0.07050387889486645,GREEN,10.763197666758572,9.75,9.75
1776.0,384.91214684491695,0.9222878354992124,36.14515000720407,36.16089664600226,127.38988853029821,127.51080031383326,0.0796073450936876,0.09055028442006717,0.2210987303554379,0.07125425396077709,GREEN,10.744086507713845,9.75,9.75
1777.0,384.8978094372399,0.9224216675469176,36.157052905316604,36.16547033507952,127.3939933273758,127.52217789815224,0.07906021736711598,0.09189081496940718,0.21957740720632724,0.07230678640131763,GREEN,10.724984310519531,9.75,9.75
1778.0,384.8909109833248,0.9225461625072886,36.16148172888216,36.17002728154003,127.39443322397129,127.53596019034921,0.07864596362872145,0.09367191486585347,0.21842313084927722,0.07370590365429901,GREEN,10.707485366600508,9.75,9.75
1779.0,384.8760515702801,0.922673863274994,36.13721593530972,36.174335704099974,127.39448988699428,127.54622739718279,0.07785516902116389,0.09569787066966443,0.21622806720642335,0.0752975227181656,GREEN,10.689212527887307,9.75,9.75
1780.0,384.8645041639871,0.9228113105296701,36.13480720239688,36.17918170601317,127.40016624498588,127.55948652753766,0.07701877248707686,0.09785543739999975,0.2139064416771163,0.07699243043722873,GREEN,10.669732243439242,9.75,9.75
1781.0,384.85593982840226,0.9229477627350575,36.12084927777172,36.18412876171052,127.40472833660117,127.57408975846796,0.07621123300838328,0.10018786682237033,0.2116665237186138,0.07882462543993127,GREEN,10.650515045183866,9.75,9.75
1782.0,384.84816592969304,0.9230838624404173,36.135951339021595,36.18909903857035,127.413518128189,127.5890361361662,0.07599848174960541,0.10257622773391821,0.21107279893424222,0.08070050375818644,GREEN,10.631380586157078,9.75,9.75
1783.0,384.84807164895903,0.9232040899299885,36.12524843398917,36.19380807129736,127.42614568238261,127.60560713831588,0.07593587791658006,0.104946211097208,0.21089698925670325,0.08256156375581057,GREEN,10.614758791814396,9.75,9.75
1784.0,384.8500926969277,0.9233350742215687,36.13552924426895,36.19903830263482,127.4388726761912,127.62471716934627,0.07603809654841978,0.10738356714136485,0.21117584087276647,0.08447525833395769,GREEN,10.59673756846081,9.75,9.75
1785.0,384.864767296528,0.923451654584875,36.14989826626772,36.20429902393639,127.44783038186405,127.64813169580087,0.07614584718970621,0.1101231191791283,0.21146711403478086,0.08662631519466445,GREEN,10.581228836541626,9.75,9.75
1786.0,384.8657899124343,0.9235738874387738,36.16111763891011,36.209139318030026,127.45790410966889,127.66553668937435,0.07610697512878717,0.11297554594439409,0.2113504332683739,0.08886577034823395,GREEN,10.56437477273117,9.75,9.75
1787.0,384.8605298459746,0.9236870399474848,36.17760516531633,36.21332804292364,127.46685016350884,127.6785601789903,0.07597196389118045,0.11586335265873508,0.21096472186195403,0.09113265781670771,GREEN,10.54851745354776,9.75,9.75
1788.0,384.85104416071977,0.9237992890014021,36.19465125627646,36.21728245543211,127.47899073493296,127.68935513910778,0.07582253194790449,0.11861654039234543,0.21053638713589912,0.09329320458170189,GREEN,10.53261218578156,9.75,9.75
1789.0,384.84474441919656,0.9239085917657225,36.23433629597046,36.22127117648354,127.49123457671168,127.70132754639006,0.07560160149023669,0.12123003463036858,0.2099057573678915,0.09534341168369724,GREEN,10.51724589747674,9.75,9.75
1790.0,384.82615111103286,0.9240150648152583,36.246249628805415,36.224570282409466,127.49806063542063,127.70678854200114,0.07557455461644666,0.12372776599592024,0.20981010804016967,0.09730209520298011,GREEN,10.501768228157204,9.75,9.75
1791.0,384.8151119372556,0.9241242412901991,36.20906452354437,36.228330739408605,127.50924687384607,127.71638193448157,0.07558695286585732,0.12614879871778462,0.20982629680862722,0.09919993318282265,GREEN,10.48622787496646,9.75,9.75
1792.0,384.8031945622269,0.9242467308862438,36.20346532309622,36.23257162623781,127.51678385397601,127.7273766851007,0.07560013964993809,0.1285932801598398,0.20984600367228654,0.10111571383468938,GREEN,10.468813159817842,9.75,9.75
1793.0,384.78926885570144,0.9243759332485527,36.208756954985525,36.23698094152322,127.5229187834185,127.73829753200148,0.07563966777663952,0.13112436171556635,0.20993747047261538,0.10309906940294469,GREEN,10.450390573592344,9.75,9.75
1794.0,384.77226778922187,0.9244958873424335,36.21245140938437,36.24088269110652,127.52406784567931,127.7464070727441,0.0757078680102387,0.13386457115208084,0.210107247222399,0.1052463569944853,GREEN,10.433122789703802,9.75,9.75
1795.0,384.7569868396987,0.9246294071361775,36.216567856234654,36.245397008847135,127.52451428645492,127.75724571871513,0.07579571247850955,0.13690596921437265,0.21033015215645529,0.10762989402291669,GREEN,10.414052676836889,9.75,9.75
1796.0,384.7477731178513,0.9247553856498129,36.214899528259345,36.24990131280234,127.5263259070495,127.77006265835045,0.07591473018844182,0.14027132935091108,0.21063779366845115,0.11026750595794342,GREEN,10.396272613726055,9.75,9.75
1797.0,384.74739539239584,0.9248710556193475,36.215016202778344,36.25441771547208,127.53112470644821,127.78585617359892,0.0760713532702616,0.14392709124484082,0.21104962189004095,0.1131327483429281,GREEN,10.380275631689443,9.75,9.75
1798.0,384.7400041978226,0.9249771831078335,36.19097915468989,36.258229577871404,127.53718334032737,127.7968367456722,0.07648883515677823,0.14771655690321808,0.21218579848842573,0.11610236212460733,GREEN,10.365313715474556,9.75,9.75
1799.0,384.7326898933873,0.9250727314321191,36.20636929611996,36.26163029127724,127.54345936867787,127.80639322391795,0.07659769612504236,0.15153901455990396,0.21246226754792197,0.11909723563006976,GREEN,10.351817348410663,9.75,9.75
1800.0,384.7270985817689,0.925145518524337,36.22748958353463,36.26421993281522,127.54761667881056,127.81366303803485,0.07639089061497176,0.15537088573375035,0.21186003779591417,0.12209904620828371,GREEN,10.34153576993792,9.75,9.75
1801.0,384.7099372747786,0.925196750378675,36.2756725793393,36.26541927658352,127.5434019075841,127.81218863773584,0.07558849629637078,0.1591851502934357,0.209598970400757,0.12508681259108576,GREEN,10.33376635553823,9.75,9.75
1802.0,384.69652358698465,0.9252187025260342,36.30147463003739,36.26564749234457,127.53151256883099,127.80853649319376,0.07527381687942572,0.16313787841981106,0.2086904995529279,0.1281833203490004,GREEN,10.330193457087844,9.75,9.75
1803.0,384.6832116513051,0.9252219541306156,36.2944336987727,36.26514747394247,127.51560382657023,127.80235172114327,0.0747098932089854,0.1672763969090813,0.20709102494743722,0.13142579411693023,GREEN,10.329208117633684,9.75,9.75
1804.0,384.69075855059384,0.9252088103205482,36.323171845071435,36.26498801377235,127.50657716758484,127.80429704269392,0.07457428127522245,0.1716179389712662,0.206677333268732,0.13482763894347569,GREEN,10.331327712559727,9.75,9.75
1805.0,384.70364002069243,0.9251753783297854,36.308529269662934,36.26428473952447,127.50277116819478,127.80609805572709,0.0743215459764954,0.175985344949272,0.20594099329974302,0.13824969583093047,GREEN,10.336465018589507,9.75,9.75
1806.0,384.7117035972775,0.9251217344870729,36.29306721048902,36.2625620856203,127.50155426992058,127.80270566341875,0.07361514491365469,0.1801504928763623,0.20394768823760087,0.1415126577174196,GREEN,10.344200737259456,9.75,9.75
1807.0,384.717872305261,0.9250498938713058,36.28643753004974,36.260036809647474,127.5052938698245,127.79585478094336,0.07240450913609425,0.18393403566364783,0.20055708918344187,0.1444754065041662,GREEN,10.354374333857777,9.75,9.75
1808.0,384.7210179449832,0.9249595053702522,36.304265406782946,36.256641992945276,127.5112179489758,127.78493482010494,0.07142840541737455,0.1871573582330287,0.1978159400013663,0.14699776326991462,GREEN,10.366988672971573,9.75,9.75
1809.0,384.7294146457491,0.9248625678627886,36.283708185174994,36.25323784295186,127.51244394525658,127.77572574266769,0.06927978852050456,0.19009394874250254,0.19182821737315334,0.1492946540951829,GREEN,10.38072061231584,9.75,9.75
1810.0,384.73319966763796,0.9247575811421074,36.25047333846427,36.24930083109963,127.50894855500106,127.76310655425408,0.06755407761977313,0.19276730972099543,0.1870182175917237,0.151384577047147,GREEN,10.395378609460153,9.75,9.75
1811.0,384.7421299787996,0.9246454139681177,36.19746372087648,36.24532467344601,127.5087399393079,127.75205759178577,0.066262512176053,0.19518416681590914,0.18341674494672897,0.15327268941248132,GREEN,10.411237939565623,9.75,9.75
1812.0,384.7582512523689,0.924531870101109,36.15665387948464,36.24163311468641,127.51720507571609,127.74439859989738,0.06499902473673796,0.19730905045185998,0.17989610624826285,0.15493085035687187,GREEN,10.427580897063535,9.75,9.75
1813.0,384.7792557653119,0.924416781617839,36.13523911806475,36.23811075326558,127.53950859925442,127.73895606589565,0.06382520661231732,0.19895488676098183,0.17662579581552973,0.1562119630560326,GREEN,10.444338099683335,9.75,9.75
1814.0,384.7858652603638,0.9243069278987525,36.1110823775719,36.23411557122829,127.5593004345394,127.72706706879339,0.06368182040232673,0.20013017725464016,0.17621086764168278,0.15712283217421663,GREEN,10.45978755011356,9.75,9.75
1815.0,384.78584594890253,0.9241954504590676,36.105852382155796,36.229744591593,127.57561316021206,127.71165273773862,0.06310010200538646,0.2008629196098354,0.17458306345556165,0.15768552904375502,GREEN,10.475191478278177,9.75,9.75
1816.0,384.78998032754515,0.9240886013169831,36.11069613938997,36.22575057133761,127.58631784274908,127.6989456797848,0.06272201933490489,0.20125400872720683,0.17352016937806358,0.1579796104163758,GREEN,10.49012569041949,9.75,9.75
1817.0,384.8068661287708,0.92399066598464,36.095425281159514,36.222706107025715,127.59461921504005,127.69381703888784,0.062002838814009434,0.20141615614151837,0.1715141352643566,0.15809400773425034,GREEN,10.504350691315793,9.75,9.75
1818.0,384.83288864086103,0.9239084515983889,36.09402145293771,36.22070774903815,127.60708859161167,127.69540714335868,0.06169182441950682,0.2013174519394544,0.17063905347718264,0.1580035676210933,GREEN,10.516779272342873,9.75,9.75
1819.0,384.85596139641376,0.9238342767107889,36.07019540107498,36.21888552024907,127.6242980295751,127.69663853693578,0.06347565606599508,0.20101948610732523,0.17556385619580459,0.15775674964050887,GREEN,10.527977886245338,9.75,9.75
1820.0,384.8855208419026,0.9237776518835947,36.110231640789785,36.21805635742739,127.64847670013944,127.7035228734804,0.06375812135292344,0.20049943376326435,0.17633287662618746,0.15733556734432597,GREEN,10.537018682262257,9.75,9.75
1821.0,384.92138309465514,0.9237384702565622,36.159802761582014,36.218207407774194,127.672254739189,127.71595447738049,0.06322647933185338,0.19972376315864374,0.1748479742063113,0.15671374289178372,GREEN,10.543908665385729,9.75,9.75
1822.0,384.9463055310551,0.9237093071243954,36.16461245251647,36.21823642210616,127.69427925719438,127.72432599920768,0.06314450227686773,0.19876445461182538,0.1746092175049504,0.15594801573489606,GREEN,10.548965191098688,9.75,9.75
1823.0,384.9602119298291,0.9236907078906799,36.20042201583761,36.21816133717503,127.70590411530205,127.72867531326074,0.06287273633402486,0.19764321378445623,0.173844379311381,0.15505572938031773,GREEN,10.552108743709113,9.75,9.75
1824.0,384.96760906226837,0.9236764371907625,36.213696773046834,36.217949743864196,127.71855433470483,127.73038343094065,0.06211038258031516,0.19653324824429544,0.17172071480880854,0.1541728813141313,GREEN,10.554386308791365,9.75,9.75
1825.0,384.9687222873628,0.923684636285882,36.21303089453375,36.21832360250034,127.72216592406103,127.73207129026129,0.0611804831476123,0.19548440216946195,0.169134319085622,0.15333871124076642,GREEN,10.553298274690505,9.75,9.75
1826.0,384.9751011541972,0.9236927160305987,36.215818295339695,36.21894048210795,127.72240470682839,127.7363633900016,0.06002802100084121,0.19446242058601346,0.1659328619816498,0.15252632170105185,GREEN,10.552443237082542,9.75,9.75
1827.0,384.96636253807685,0.9237068812580673,36.21723393935014,36.21908483661116,127.7164246031107,127.7339729758212,0.059589820153205804,0.19356456076840198,0.16470930094279254,0.15181213079649958,GREEN,10.550125115827186,9.75,9.75
1828.0,384.953632423989,0.923723633336129,36.20476188850946,36.21914283100599,127.70219212864593,127.72995357567464,0.05907566088098583,0.1927111486932732,0.16327701744674053,0.1511337603834909,GREEN,10.547285379838428,9.75,9.75
1829.0,384.9498473625872,0.9237400648334573,36.2276261044865,36.219609042741716,127.68618139294378,127.73034178932998,0.05843930265027779,0.19191572586943714,0.16150561067733538,0.1505017265323201,GREEN,10.544857752176014,9.75,9.75
1830.0,384.95060631686346,0.9237408419988712,36.21744309415425,36.21967521989545,127.67371377212777,127.73082699585738,0.05770710568764058,0.1911234466442,0.15947056317066002,0.1498728875698292,GREEN,10.54478147400549,9.75,9.75
1831.0,384.9477088652596,0.9237394333865577,36.223533903020694,36.219483679089024,127.66804794867002,127.72919011478457,0.05746406416909255,0.19034186730271974,0.15878966552051502,0.14925303474336057,GREEN,10.54485719584234,9.75,9.75
1832.0,384.948209800018,0.9237277481494374,36.210925228926946,36.21904907124594,127.66592172858715,127.72782366882115,0.05714852246934173,0.18962465913686097,0.15790936017945373,0.1486841522287175,GREEN,10.546493547162072,9.75,9.75
1833.0,384.95062252264097,0.9237094861499999,36.212352228370634,36.21844652632657,127.66606921206109,127.7264993123836,0.05694603256106648,0.18895644836717557,0.15734245319584828,0.14815405914648228,GREEN,10.549117889237579,9.75,9.75
1834.0,384.9556580798234,0.9236770075746652,36.1954239372427,36.2174099270018,127.66563554041743,127.72451443191787,0.05674385776764782,0.18828159203723127,0.15677764407058228,0.14761903988663763,GREEN,10.553815963345642,9.75,9.75
1835.0,384.9756233843088,0.923629664322989,36.20170947644401,36.216492724214284,127.67409652685771,127.72790394417925,0.056617121894773005,0.18770079848704752,0.15642186844976994,0.14715793629301957,GREEN,10.561184072285073,9.75,9.75
1836.0,384.98061210305997,0.9235831343194065,36.1969700152836,36.21490287742693,127.6860409324923,127.72395198449134,0.05662795840837904,0.18711462501305448,0.15644807451569126,0.1466926980725643,GREEN,10.567824075940749,9.75,9.75
1837.0,384.9879797894736,0.9235365682331442,36.1807819244908,36.213423478133166,127.69835931407877,127.72117864578614,0.05677413705647436,0.18640468571278773,0.15685021369352356,0.14613031379974925,GREEN,10.574567336568194,9.75,9.75
1838.0,384.9933256541037,0.9234880828258679,36.17410257681875,36.21177369573248,127.7155221447106,127.71713345517621,0.056971373665556005,0.1855071932769845,0.1573942056719648,0.145420631743741,GREEN,10.581493056995484,9.75,9.75
1839.0,384.9905342297771,0.9234395946430012,36.18217879623098,36.209741107760166,127.73176288440192,127.7090386468819,0.056880876813186584,0.1844933261856612,0.15714093768454945,0.14461948021403476,GREEN,10.588083750445875,9.75,9.75
1840.0,384.98854331111175,0.9234017841578073,36.156153882367924,36.20816486725923,127.74396889762727,127.70281896628217,0.05698860921277541,0.18342017377414516,0.15743701524994036,0.1437718064815786,GREEN,10.593230659346489,9.75,9.75
1841.0,384.9800025108881,0.9233739630237758,36.15557383456194,36.20667233179006,127.75053366797383,127.69472201928194,0.05678451345977425,0.18225482425042594,0.1568706712009272,0.14285190711168846,GREEN,10.59672557700894,9.75,9.75
1842.0,384.97196626728584,0.9233601641742881,36.17741493623428,36.20575336787266,127.75079000829756,127.68881550249256,0.05648705557798113,0.1810176568735173,0.1560459466500349,0.1418759604815939,GREEN,10.598301980724699,9.75,9.75
1843.0,384.97015504828556,0.923354049547833,36.1706417783615,36.20542843797638,127.74785262910798,127.6870688085046,0.05596977379078918,0.17970029608026822,0.1546137201272523,0.14083753586854597,GREEN,10.59907275445606,9.75,9.75
1844.0,384.9635380290218,0.9233573469496615,36.18077409844897,36.20524657260045,127.7460529795746,127.68423269212076,0.05545605410113827,0.17827017683771323,0.15319140385355412,0.13971109450959943,GREEN,10.598343510829778,9.75,9.75
1845.0,384.95276588271713,0.9233720631318968,36.1955697676038,36.20531703679709,127.73179624375909,127.68090829743824,0.05502393464210267,0.17650705008114695,0.15199452417200648,0.1383241940189454,GREEN,10.595863759504482,9.75,9.75
1846.0,384.93740214488275,0.9233919002790933,36.2186564886916,36.20537233648922,127.72325273680369,127.67600747280272,0.054700455519758294,0.1745663746981974,0.1510969639686738,0.13679859374547113,GREEN,10.592486580711181,9.75,9.75
1847.0,384.9257355705255,0.9234283909708789,36.245120990812566,36.20625442699602,127.72082452675039,127.67524844769986,0.05473616656935675,0.1725138254770106,0.1511909078013346,0.13518563335998451,GREEN,10.586959749585475,9.75,9.75
1848.0,384.91687971356953,0.9234701927555933,36.25576399849218,36.20747689902193,127.71811188428303,127.67662180839048,0.055012475652123534,0.170446934200281,0.15194984706804815,0.13356180068269202,GREEN,10.580814988144596,9.75,9.75
1849.0,384.91114637151315,0.9235249246298859,36.25996857782656,36.20935315735025,127.71812593032816,127.68133612111984,0.05537351534282364,0.16834210588608922,0.15294526933768024,0.13190855366115584,GREEN,10.573011667370793,9.75,9.75
1850.0,384.90537326806884,0.923589412705717,36.29046118971131,36.211610027405996,127.7168916341116,127.68737913861641,0.05623182429639802,0.1662150978528861,0.15531281376834216,0.1302381627588207,GREEN,10.563858242448518,9.75,9.75
1851.0,384.89425394586755,0.9236483232319063,36.276390068807956,36.21339667456261,127.7049753205673,127.68999024181771,0.05676237962871786,0.16406132717652291,0.15677335368979442,0.12854728582056418,GREEN,10.55525638519076,9.75,9.75
1852.0,384.88283046784625,0.9237198626960752,36.27739354128219,36.21566407210707,127.6950781260116,127.69419516749065,0.057195777080269516,0.16179300477204225,0.15796498866644348,0.12676703128044123,GREEN,10.544896925633395,9.75,9.75
1853.0,384.87092143959114,0.9238065554980249,36.299391624146466,36.21850262985841,127.69162631041881,127.70025232876944,0.05802698379917823,0.15938972083342248,0.16025395423663955,0.12488127422538493,GREEN,10.532423731778891,9.75,9.75
1854.0,384.86380951987684,0.9239179746503035,36.298509378594645,36.22253622054056,127.68311967433188,127.71211408112408,0.058735485284189155,0.1568285119791064,0.16220420784735315,0.12287202429914769,GREEN,10.51673045397898,9.75,9.75
1855.0,384.8629050859336,0.9240458794239301,36.27600664390904,36.22750820557018,127.69271136740578,127.72934396094622,0.05895088525983679,0.15399615566210595,0.16279460379705182,0.12065027951573681,GREEN,10.499013315616068,9.75,9.75
1856.0,384.87930833771173,0.9241981941305386,36.25526737731508,36.234251897171795,127.70473909162631,127.7585655391639,0.05884002858875988,0.15090718118776555,0.16248545094030592,0.11822742821224154,GREEN,10.47862898311692,9.75,9.75
1857.0,384.88802846300376,0.9243591006783595,36.25284324807158,36.240970968076866,127.71746337199437,127.78515148576182,0.0586397774110832,0.14753938459672783,0.16192964254050057,0.1155861335641677,GREEN,10.456741077403422,9.75,9.75
1858.0,384.89152581551855,0.9245334369220962,36.272626509948275,36.247970783862286,127.72710709928101,127.81099410374303,0.05808079072866487,0.1440884762360334,0.16038001328820592,0.11287980429643477,GREEN,10.432782702474057,9.75,9.75
1859.0,384.88805815803875,0.9247144373592595,36.26419673758763,36.25490390724921,127.73817043481144,127.83428869510831,0.057653458151548785,0.14058175834559794,0.15919577187485798,0.11012981996417294,GREEN,10.407619866597855,9.75,9.75
1860.0,384.87300910538124,0.9248965202768209,36.235104731436884,36.261333831801714,127.74625792414231,127.85196133619915,0.05755781460954672,0.13700282191962104,0.15893111889482223,0.10732334680842717,GREEN,10.38183945476193,9.75,9.75
1861.0,384.873232999995,0.925093083451402,36.226537005907566,36.26905080331048,127.760405803108,127.87924459884053,0.05780375047085773,0.1334205597538509,0.15961381687128942,0.10451416345521485,GREEN,10.35467681557509,9.75,9.75
1862.0,384.8722599126043,0.9252766651879769,36.220640620472395,36.276202420147754,127.77242043896833,127.90413674443174,0.05806317592326133,0.12965786236331356,0.16033613451423517,0.1015634835159247,GREEN,10.329260418401773,9.75,9.75
1863.0,384.87239568674704,0.9254407317458839,36.225903812628005,36.28264117896822,127.77945926333837,127.92688391658633,0.05840111152939823,0.12570994058417775,0.16127439926124437,0.09846760894531542,GREEN,10.306586394631509,9.75,9.75
1864.0,384.8742382649359,0.9255833887844261,36.21504760924685,36.28832102674966,127.78983051191746,127.9475227125324,0.05868347654437502,0.12140902326436775,0.16206221382316624,0.0950952177300046,GREEN,10.286940289841297,9.75,9.75
1865.0,384.8846795051203,0.9257110423670886,36.22980486430095,36.29381809600342,127.79835885552873,127.97037621640125,0.05898660025037794,0.11704641725557542,0.16290523300716014,0.09167461160854888,GREEN,10.269712061226627,9.75,9.75
1866.0,384.88600183164993,0.9258147995010599,36.227459762734725,36.297948395262885,127.80125553311021,127.98537917712358,0.05955434845840495,0.1129307444130285,0.16447816887042763,0.08844762068857624,GREEN,10.25542151659775,9.75,9.75
1867.0,384.88471502549277,0.9258899236407022,36.209767793146185,36.300833065838134,127.79742255892887,127.99512249814299,0.060607908047136304,0.10953392206038959,0.16739381443346368,0.08578395038256705,GREEN,10.244984916410033,9.75,9.75
1868.0,384.88810015785407,0.9259416273454699,36.209363652254204,36.30301982805641,127.79425246230961,128.0039587330692,0.061495609706621455,0.10715383018283074,0.16985298989123948,0.0839168277544652,GREEN,10.237972456520566,9.75,9.75
1869.0,384.89455368601057,0.9259687087845632,36.239475089866446,36.30438595826429,127.78827539126077,128.01092204929444,0.06193916099317599,0.1056070411838617,0.17108157740702307,0.08270249246817624,GREEN,10.234486067490622,9.75,9.75
1870.0,384.9139404554239,0.9259802427519863,36.284565980739934,36.30575247808437,127.78375384163938,128.0221884905893,0.06199933773416726,0.10499409682550061,0.17124510341524782,0.08221953734852759,GREEN,10.233664690587773,9.75,9.75
1871.0,384.9261213272589,0.9259785413148471,36.29183990298842,36.30626022319632,127.78128173769504,128.02803032188683,0.06171876370852922,0.10512746278411016,0.170462738889461,0.08232104631421651,GREEN,10.234385716494415,9.75,9.75
1872.0,384.9369076802214,0.9259703241783881,36.299057457275524,36.30644671805693,127.78136425821023,128.0322755695363,0.06074337801796086,0.10602252862850417,0.16775779775850214,0.08301907390875163,GREEN,10.23595206847051,9.75,9.75
1873.0,384.94058160700126,0.9259631534396475,36.26874371903959,36.30633881677357,127.78101486283738,128.03311702880532,0.0594721638565344,0.10787514424424818,0.16423693426862077,0.08446706971853674,GREEN,10.237090109788255,9.75,9.75
1874.0,384.93802435522684,0.9259533944625179,36.291813918483534,36.30583557966116,127.79157142344378,128.0304918369413,0.05734046515733862,0.11008785318704602,0.15833691398923533,0.08619702510678454,GREEN,10.238337461166452,9.75,9.75
1875.0,384.91616722399266,0.9259439199834423,36.29233693337032,36.304433350219234,127.79866068588497,128.01827754646985,0.05508671654899348,0.11231539846636561,0.152100478337375,0.08793859773038817,GREEN,10.23877537392633,9.75,9.75
1876.0,384.8976565165726,0.9259301433386808,36.28108993940384,36.303020253371166,127.79875006980859,128.00713843376639,0.05312190332447,0.11457352839386381,0.14666391278581048,0.089704139128139,GREEN,10.239941386103709,9.75,9.75
1877.0,384.87805604709513,0.9259292926201113,36.29848590046917,36.30206254352899,127.79635873062377,127.99724303392351,0.05051873918182167,0.11677185017326579,0.13946382282312186,0.09142288534147834,GREEN,10.23927681061933,9.75,9.75
1878.0,384.86261752187164,0.9259411707607892,36.28893219597087,36.30180013412413,127.78980098329977,127.99118351909226,0.04782690085504942,0.11908642930751197,0.13202079891290633,0.09323279021959065,GREEN,10.237018834119624,9.75,9.75
1879.0,384.84506549309833,0.9259551958209244,36.27246308378072,36.30152217961347,127.78414218286461,127.98436640414099,0.04396597666274404,0.12150111443201607,0.12135185790534224,0.09512126376017163,GREEN,10.234380012281264,9.75,9.75
1880.0,384.8168650764967,0.9259829767088901,36.261808618366665,36.30128120931175,127.77603761481977,127.97413855145908,0.04201435114983031,0.12396001696724633,0.11595703016828529,0.09704468368075464,GREEN,10.22941569346034,9.75,9.75
1881.0,384.7959098066211,0.9260127296540941,36.283942454923796,36.301459171544764,127.77424147679771,127.96779703943598,0.04139405650106877,0.12632756607997395,0.11423853165221004,0.09889685283609986,GREEN,10.224468510992764,9.75,9.75
1882.0,384.78202882772536,0.9260298023128885,36.2721066152481,36.30147367184212,127.76395626024507,127.9632318923582,0.040986780127918704,0.12886214908122323,0.11310894555602126,0.10088016045246448,GREEN,10.221556083959868,9.75,9.75
1883.0,384.7654492195756,0.926046179686196,36.27343596819605,36.301333577555475,127.75161329807969,127.95722435952962,0.04108092862503637,0.13153482359461421,0.11336495491317923,0.10297185843536842,GREEN,10.218632489088662,9.75,9.75
1884.0,384.75920284423233,0.9260464419795239,36.235413527610135,36.30104919595245,127.72920714264333,127.954144681116,0.041942125800458516,0.13469357555703773,0.11574031719644194,0.1054445365696232,GREEN,10.218347410749558,9.75,9.75
1885.0,384.76612514025305,0.9260256333755602,36.239260155044505,36.30056003971116,127.70648399350647,127.9547225234063,0.042676726308027,0.13844769224197015,0.11776604452378064,0.1083836594082504,GREEN,10.221498427394096,9.75,9.75
1886.0,384.7775011016142,0.9259870693174727,36.25580394711091,36.299584917107595,127.68839763540677,127.9550683402999,0.04304749380739238,0.14265250489913742,0.11878698962824108,0.1116758889732891,GREEN,10.227280614759593,9.75,9.75
1887.0,384.783478935001,0.9259247184465305,36.23481588399769,36.29742265471613,127.67201100838295,127.94943419135446,0.04379904589999068,0.14706233974662802,0.12085987548759107,0.11512880694992364,GREEN,10.236134940034034,9.75,9.75
1888.0,384.79527195131766,0.9258351862152282,36.25370651675074,36.29446904954233,127.65940468287117,127.94294378261132,0.044074966038456634,0.1515070751618269,0.12161851687706,0.11860906209762305,GREEN,10.24897815722791,9.75,9.75
1889.0,384.8059851521199,0.925730173126435,36.23360167105074,36.29085752205073,127.64894740226568,127.93377440009954,0.04467850286065611,0.15580115037720096,0.1232835509607463,0.12197132098942344,GREEN,10.263918744149407,9.75,9.75
1890.0,384.8308611170103,0.9255976234016633,36.21773859117146,36.28683408577293,127.64655255156956,127.92786026711988,0.04555936092269743,0.15980780216846452,0.12571412807356727,0.1251084331927261,GREEN,10.283233876545154,9.75,9.75
1891.0,384.848483243235,0.9254378298657389,36.17466528457127,36.28140025906597,127.63699070634154,127.91456069592047,0.04759469027240399,0.16358579566864279,0.13133326151049157,0.12806662281366285,GREEN,10.306026973894262,9.75,9.75
1892.0,384.855597898519,0.925263972411409,36.178342756970856,36.27491955155969,127.63774743702335,127.89407648189167,0.04918948955596681,0.16670790231774413,0.1357360004762978,0.13051131025021567,GREEN,10.330344110835043,9.75,9.75
1893.0,384.8722407519871,0.9250841862952053,36.189129037481564,36.26865523033556,127.63761048808325,127.87752018375139,0.05024334580301315,0.169381047088192,0.13864554626797151,0.13260453863311766,GREEN,10.355866656291482,9.75,9.75
1894.0,384.8903897992588,0.9248997469010843,36.222562195069166,36.26227910074248,127.63745773734236,127.86106809927246,0.05042447763726219,0.1716552366838701,0.1391436393937904,0.1343854436158315,GREEN,10.382096662828886,9.75,9.75
1895.0,384.88550470220036,0.9247258228325768,36.190367495813,36.255230028579206,127.63742788949648,127.83459049807456,0.05107939578761269,0.1733930541151244,0.1409515861162399,0.135746595527397,GREEN,10.405942362246833,9.75,9.75
1896.0,384.8777543122864,0.9245657031647376,36.19030186959298,36.2485873304436,127.64036702444172,127.80859487483663,0.05157872427069977,0.17467934597938053,0.14232989994001252,0.13675442745581223,GREEN,10.427762408755925,9.75,9.75
1897.0,384.8772492224133,0.9244238094136557,36.205932418843865,36.24300045259462,127.64390311630535,127.78872844606158,0.0516285541061553,0.17565240718278802,0.14246575593343716,0.13751720288105765,GREEN,10.447356718291246,9.75,9.75
1898.0,384.8639774026019,0.9243037373571673,36.20496904844017,36.237668089767425,127.6484961730656,127.7655212138488,0.05157204831576906,0.17630080132146175,0.14230781159354433,0.13802603384954207,GREEN,10.463413767161583,9.75,9.75
1899.0,384.85310985443726,0.9242107800468614,36.240085930333734,36.23351208376153,127.65216219084672,127.74726076203723,0.05145614710459188,0.1767034097042735,0.14198421276418993,0.13834267317057775,GREEN,10.475819427051078,9.75,9.75
1900.0,384.8323100660031,0.9241392558484411,36.2203798035621,36.22972891437506,127.65167057926686,127.72701905714052,0.051030443171142685,0.17689119896776245,0.14080539850036056,0.13849136298218628,GREEN,10.484855667168091,9.75,9.75
1901.0,384.8245251831161,0.9240920957857558,36.25926704734517,36.227513628906884,127.6501413161024,127.71662545423888,0.05076803308154622,0.17695267619852464,0.14007466569769314,0.13854130950170254,GREEN,10.491055399952813,9.75,9.75
1902.0,384.82586354082395,0.924071778461357,36.26680495784115,36.22678011684513,127.6482152521628,127.71448369665761,0.05089900329200501,0.17697860719096262,0.14043025456576563,0.13856346625927193,GREEN,10.493918154236482,9.75,9.75
1903.0,384.82526489230077,0.924065351580941,36.25004029748319,36.226499983474895,127.6500535283203,127.7132974343232,0.0507914931958131,0.1769929736361749,0.14012851831139114,0.13857648279444182,GREEN,10.494781913987325,9.75,9.75
1904.0,384.83265585730163,0.9240708000656124,36.23550524063626,36.227061466553714,127.65673593429494,127.71772979612854,0.05070485548631444,0.1769881948151271,0.13988597335242908,0.1385743563211999,GREEN,10.4943312137639,9.75,9.75
1905.0,384.8549362398603,0.9240812473892509,36.266067724240834,36.22851974393642,127.6689366802533,127.7302656020414,0.05092049092482258,0.17704335249696987,0.14047632085020526,0.1386186795321263,GREEN,10.49379852966753,9.75,9.75
1906.0,384.87878417660244,0.9240896657560413,36.25158964916249,36.22997224703346,127.67781553653643,127.74330192329619,0.05096806633186583,0.17714011740626437,0.14060543986527937,0.13869526539562713,GREEN,10.49361020447158,9.75,9.75
1907.0,384.90417971121934,0.924099688414293,36.25010822548022,36.231560474634925,127.6879883847279,127.75733113848624,0.050776969256918346,0.17726855851125414,0.1400779397772547,0.1387964255671538,GREEN,10.49326318614898,9.75,9.75
1908.0,384.92072983557296,0.9241045415347461,36.242519062082856,36.23252969166083,127.69999615717981,127.76624218889582,0.05040935428424312,0.17739389413205217,0.1390646507388115,0.1388948882752902,GREEN,10.493268987948468,9.75,9.75
1909.0,384.94137978802263,0.9240979273019534,36.193301596540245,36.233242227561476,127.70745109563704,127.77560924079326,0.05024929737114751,0.17754847522153755,0.1386273498410317,0.13901611497248667,GREEN,10.495027956558644,9.75,9.75
1910.0,384.9655454629644,0.9240882557559328,36.20180277513873,36.2340003001665,127.71968392403946,127.78630417153106,0.049382636624400636,0.17771582808869632,0.13624196718062573,0.13914709747287116,GREEN,10.497353666970398,9.75,9.75
1911.0,384.980446136262,0.9240740863650782,36.17228453103672,36.23414593902362,127.73885549874022,127.79176397743446,0.04935878072478212,0.17783652079591108,0.13618267003839613,0.1392409812616958,GREEN,10.499922655737905,9.75,9.75
1912.0,385.008759670128,0.9240556189719242,36.156641245286394,36.234754184458005,127.7569402606984,127.80330780903883,0.049744088087532744,0.17793720135912294,0.1372533682782224,0.1393186866233154,GREEN,10.50363517695682,9.75,9.75
1913.0,385.0331036510083,0.9240313755743883,36.16142331489676,36.23494904217955,127.77196952899651,127.8120760959109,0.049553247649228124,0.17800903470367715,0.13673547876086575,0.13937346841542528,GREEN,10.507984753171712,9.75,9.75
1914.0,385.04212220980827,0.924012647275702,36.13355027869878,36.23463898217729,127.78569012088451,127.81397610951932,0.05029553763860823,0.17800713504875362,0.1387942569495126,0.13937011563780766,GREEN,10.510944535622983,9.75,9.75
1915.0,385.0536409769725,0.9239902260535037,36.12588853259976,36.234301719821104,127.7882698047655,127.81661004766046,0.05182981558645909,0.17798191060487759,0.14303808632639142,0.1393486286286301,GREEN,10.51451775396545,9.75,9.75
1916.0,385.05231142373555,0.9239762759343194,36.143591397266135,36.23369210962851,127.7883839288823,127.81401831479089,0.05304970546354547,0.1778769923964382,0.1464122158250555,0.1392649642325056,GREEN,10.51639302130765,9.75,9.75
1917.0,385.0476176597122,0.9239582040628498,36.161425054017165,36.23276258232918,127.78934257146302,127.80918141066131,0.05382136609493949,0.17768067631922782,0.14854817344642132,0.13910995801853843,GREEN,10.518700574320135,9.75,9.75
1918.0,385.05923429216455,0.9239440998983781,36.13627814020611,36.23275603826314,127.79131284852197,127.8130142447485,0.05515197894367373,0.1773724558340473,0.15223024264722768,0.13886748225162945,GREEN,10.521127678779436,9.75,9.75
1919.0,385.07038311883565,0.9239300221020181,36.14293477701169,36.23272849451532,127.79423634128054,127.8166177186678,0.05634432859534742,0.17696145961796864,0.15553003691682268,0.13854469375496942,GREEN,10.523532142329572,9.75,9.75
1920.0,385.07699479180576,0.9239111342068627,36.16188929686435,36.23229884005501,127.7955316101021,127.8172966354598,0.05697229443012889,0.17645688786101454,0.15726873940892258,0.13814877183535193,GREEN,10.52641619920081,9.75,9.75
1921.0,385.0818699862817,0.9238922865577739,36.18137844279004,36.231789057251724,127.78916300554502,127.81711644994374,0.0570795274213657,0.17582570593717112,0.15756802358447233,0.13765410056820926,GREEN,10.529223604656266,9.75,9.75
1922.0,385.05998809848245,0.9238734611134115,36.16947610733411,36.23002137884823,127.78224133796064,127.80361777781822,0.05716394017186294,0.17502326031865628,0.15780475967893334,0.13702568959065756,GREEN,10.530930358021621,9.75,9.75
1923.0,385.0520093964094,0.9238508122927707,36.18263234860273,36.2287578494595,127.77881937021377,127.7965125159605,0.05700458993923258,0.17400036006550193,0.15736799607075827,0.136224872478832,GREEN,10.533736064761058,9.75,9.75
1924.0,385.03732981876385,0.9238231549185939,36.210812851058364,36.226982695419615,127.7711262874458,127.78537885385191,0.056252980158466595,0.17281511429317728,0.15529338985335747,0.1352972738329122,GREEN,10.5369593268924,9.75,9.75
1925.0,385.0217408872242,0.9237892940990579,36.21579425455761,36.224921532643066,127.76858171867764,127.77293507641247,0.055655110573181815,0.17138323541952488,0.15364388650112168,0.13417677453863777,GREEN,10.54100284492415,9.75,9.75
1926.0,385.0138681929788,0.9237500569602102,36.1972923663659,36.223012571993515,127.76865897192586,127.76358928289345,0.05500641805532368,0.1697280662527553,0.15185518588549365,0.13288149967952775,GREEN,10.54610641912997,9.75,9.75
1927.0,385.0053861482036,0.9237099149787734,36.17645003131258,36.22103949416143,127.76091273764614,127.75381542236552,0.05404283762956207,0.16780058076741508,0.1491973346781333,0.1313730812905533,GREEN,10.551309758954247,9.75,9.75
1928.0,384.98694209013365,0.9236537439606696,36.1965909381857,36.217969324472726,127.74223979754778,127.73686709440456,0.052745182098724565,0.16560365536908103,0.14561572227331496,0.12965396207184868,GREEN,10.558319743319984,9.75,9.75
1929.0,384.9721968651898,0.9235957008065949,36.1896949165713,36.21499981000724,127.72056132301809,127.72150194196838,0.05217760868311536,0.16309013820208598,0.14405209928422974,0.12768721428128038,GREEN,10.565739792078816,9.75,9.75
1930.0,384.9782373452652,0.9235378463926919,36.172282689615116,36.21301538783789,127.70128456259293,127.71650729621412,0.052370547687938876,0.16017096285560872,0.1445922362774017,0.12540307077626986,GREEN,10.573989184325953,9.75,9.75
1931.0,384.9947338049107,0.9234736983267299,36.16758322822403,36.211275874353966,127.69506567610796,127.71584479532105,0.05264053533146899,0.15699422221428963,0.14534596803121802,0.12291727976656136,GREEN,10.583540478708173,9.75,9.75
1932.0,385.0224821638234,0.923399079344607,36.182828050799,36.209654741268544,127.69505338581847,127.71933178038057,0.05274571510964516,0.15364808832802168,0.14564417034401295,0.12029880783213712,GREEN,10.595005581782289,9.75,9.75
1933.0,385.0429746414246,0.9233193324585461,36.19058350479754,36.20749110872693,127.69452139185883,127.71849751871612,0.05256727490284503,0.15019340061981656,0.14515667339002022,0.11759528651781845,GREEN,10.606882475913451,9.75,9.75
1934.0,385.06071306909627,0.9232340552078864,36.17976320913771,36.20498093466612,127.69400519969999,127.71552653402783,0.05263687397970534,0.14701834688399187,0.14535635665533725,0.11511081493067037,GREEN,10.619412275470339,9.75,9.75
1935.0,385.0671678910101,0.9231508887940031,36.156704416277606,36.202022957297686,127.69462498144172,127.70723280494904,0.05293799470464305,0.14426775170902076,0.14619702572223942,0.11295871758963871,GREEN,10.63118440849776,9.75,9.75
1936.0,385.0713993855348,0.9230673143682776,36.12816626882555,36.19894441942213,127.69472505951335,127.69777612428472,0.05364613762612922,0.14173770668349409,0.14816310829814688,0.11097925028704533,GREEN,10.642921392101343,9.75,9.75
1937.0,385.06328489850165,0.9229767065955538,36.1116673869861,36.19500978224083,127.69585560653283,127.68120539739294,0.05471252863883409,0.1393577395930698,0.15112132630593955,0.10911719025332617,GREEN,10.655119327801401,9.75,9.75
1938.0,385.0575437714951,0.9228936595320731,36.09107164897622,36.19148324591956,127.69632439328929,127.66686173211576,0.05620269156836261,0.1369639793127256,0.15525144235374272,0.10724418281707673,GREEN,10.666369202470577,9.75,9.75
1939.0,385.0618583761144,0.922802167733691,36.081837789180824,36.188098118140445,127.70263282331204,127.65635094743455,0.05773089566134986,0.13463532046480312,0.15948687215373364,0.10542194074182243,GREEN,10.679205048219117,9.75,9.75
1940.0,385.0486330799341,0.9227084318701756,36.05619747668048,36.18380082587922,127.70491211336407,127.63680796070379,0.059818601917591405,0.13247605856102318,0.16526999746712245,0.10373216167196869,GREEN,10.691621207332886,9.75,9.75
1941.0,385.02004797203534,0.9226178296486333,36.03965956693309,36.17890488709351,127.69873360925881,127.6100635709699,0.0624203935622425,0.1306007264766522,0.17247776642649795,0.10226473613578069,GREEN,10.702962115481952,9.75,9.75
1942.0,384.99072918115434,0.9225361231954926,35.99458969895627,36.17432351287999,127.68014542427377,127.58418805451936,0.06648560643759471,0.12863967924852854,0.18373409710140587,0.10073027234417556,GREEN,10.713039389097247,9.75,9.75
1943.0,384.95072247639825,0.9224695562021784,36.022839203571536,36.16983384060616,127.66167120379134,127.55509691372721,0.06904700072069915,0.126620969520716,0.1908345798885539,0.09915070166983679,GREEN,10.720574143509126,9.75,9.75
1944.0,384.9240535533541,0.9224214177437476,35.9908880834734,36.16669348434547,127.64294591025205,127.53518616182998,0.07218596314710372,0.12402872399218709,0.19953263191789536,0.09712193408933403,GREEN,10.726115786017601,9.75,9.75
1945.0,384.90384841059563,0.9223934189719073,36.016959748985016,36.164646495497074,127.62607469467098,127.52127373072406,0.07424087999699276,0.12057835190068862,0.20523374305462236,0.09442107655353024,GREEN,10.729142098194473,9.75,9.75
1946.0,384.8866259627157,0.9223772497679066,36.03794274818882,36.163203458163316,127.6135754702534,127.51047970541296,0.07577114313214692,0.11632309950485707,0.20948507642074654,0.0910898130984217,GREEN,10.730657245327961,9.75,9.75
1947.0,384.8957252609385,0.9223829119730668,36.0365349302202,36.16385292986604,127.60575709037816,127.51578431860891,0.07711098421400638,0.11128007353181843,0.21320882540219854,0.08714149462477729,GREEN,10.730255003433896,9.75,9.75
1948.0,384.9093273633696,0.922410154396424,36.055862286797534,36.16556004637163,127.60557800330263,127.52631029092366,0.07822385053626073,0.10558442396641284,0.21630557781748788,0.08268191113296407,GREEN,10.727057457797642,9.75,9.75
1949.0,384.9100583919466,0.9224685583772982,36.066054964593214,36.1678842762171,127.60549899429866,127.53474816246236,0.07897565276666155,0.09939512870102757,0.21840133512992194,0.07783558873844894,GREEN,10.719013447371822,9.75,9.75
1950.0,384.9143803217977,0.9225520509230964,36.06636365846527,36.17136089996669,127.60574831159991,127.54843954104058,0.07963243237357336,0.0928182597808309,0.22023297614278123,0.07268567851720167,GREEN,10.707650631234088,9.75,9.75
1951.0,384.93576661932514,0.9226550364428363,36.064834869327235,36.17640370951511,127.60593266594233,127.57330936355605,0.07974278530211856,0.08572562254738904,0.22054933558679807,0.0671317294022777,GREEN,10.694303476229194,9.75,9.75
1952.0,384.9388176942327,0.9227786321118009,36.0977284903842,36.18139316458571,127.61141062354633,127.59191560371904,0.07949920428538652,0.07912104842404499,0.2198838200383349,0.06195990081937035,GREEN,10.67734114285507,9.75,9.75
1953.0,384.94412960868476,0.9229189756954399,36.04069807756844,36.18714559875125,127.61543321933705,127.61396225021466,0.08106888737685938,0.0728072706875016,0.22424068997081326,0.057015729924543804,GREEN,10.65815654987253,9.75,9.75
1954.0,384.940293316431,0.9230677126655524,36.08318437988103,36.19279714637971,127.61969284213946,127.63262045271367,0.08213478719098924,0.06686048272964086,0.22720362221177362,0.052358892577716684,GREEN,10.637431355454964,9.75,9.75
1955.0,384.93374861732497,0.9232177153050531,36.070318725172,36.19837091443975,127.61732927581656,127.65010582334946,0.08336242269291777,0.06197051138744658,0.23061230673260386,0.048529650518179195,GREEN,10.616419728720103,9.75,9.75
1956.0,384.93173437569055,0.9233722185649798,36.093170716155605,36.20433409710243,127.61712911967338,127.67046635445044,0.0842533593149181,0.05844725654560539,0.23308741628313115,0.04577069759812861,GREEN,10.594973938808693,9.75,9.75
1957.0,384.93081152508165,0.9235231302104562,36.11885466011789,36.210207758507906,127.61390858498295,127.69087302143545,0.08494008307921438,0.05626041476946271,0.23499667679495803,0.044058329927146256,GREEN,10.574070047545106,9.75,9.75
1958.0,384.9254423533364,0.9236819925356783,36.06050804005843,36.21618397349636,127.61410522961489,127.71016603507891,0.08718322007495488,0.05559479507681818,0.24121864562027312,0.043537269115947,GREEN,10.551884180375453,9.75,9.75
1959.0,384.9187244022971,0.9238209927333879,36.066654091573064,36.2213178802499,127.61386293533624,127.72604068657148,0.08943643029431564,0.056122928173745465,0.24747262224012606,0.043951079205051105,GREEN,10.532389995608128,9.75,9.75
1960.0,384.90429965593916,0.9239503991016182,36.090162293606305,36.2257128708871,127.6139840824756,127.73675151068684,0.09112437077565684,0.05750093221265342,0.2521583343979319,0.04503044547747223,GREEN,10.513907436902457,9.75,9.75
1961.0,384.87267332895345,0.924071226118795,36.09116484536974,36.22896168734087,127.61412981019389,127.73771062363542,0.09275404277175406,0.059052731964261064,0.2566878450281061,0.04624591677952196,GREEN,10.495909267494,9.75,9.75
1962.0,384.8536956005614,0.924181336580028,36.09416733444941,36.232385330908706,127.60987657195749,127.74348263302221,0.09431339368286351,0.06092243456013569,0.2610239822813269,0.04771037415937921,GREEN,10.479913119311789,9.75,9.75
1963.0,384.83842579164934,0.9242798298061148,36.08787115592327,36.23552786404964,127.60233671877283,127.74949326464336,0.09617252992667524,0.06329136846233237,0.2661892837713472,0.049565873377107904,GREEN,10.465676151572538,9.75,9.75
1964.0,384.82478828005634,0.9243605550879197,36.05474986354493,36.23805052276033,127.59415441863723,127.75385960587505,0.09903510868187769,0.06609757118071415,0.2741352755449734,0.05176394008270353,GREEN,10.453962983140372,9.75,9.75
1965.0,384.8217596110521,0.9244322583119439,36.055008225226416,36.240718918229796,127.59416016474657,127.76226125524299,0.1017804643803461,0.06911705951231928,0.2817620245052582,0.05412916364772712,GREEN,10.443929740885594,9.75,9.75
1966.0,384.8257233188101,0.9244946993895856,36.04730315456905,36.24335346326284,127.58828333138351,127.77286508582625,0.10484307219465806,0.07261910127049709,0.2902676962625224,0.05687245929185258,GREEN,10.435461224958004,9.75,9.75
1967.0,384.8272960486796,0.9245433277397865,36.03270850727291,36.245333925495515,127.5850900907126,127.78036925594192,0.10835049120376095,0.07634762242903123,0.30000840404968565,0.059793295315409944,GREEN,10.428804313374926,9.75,9.75
1968.0,384.8325317264108,0.9245761810198745,36.08050674826307,36.246868460674136,127.5791609039085,127.78751771103869,0.11045105767417915,0.08049447076179857,0.30584746587162703,0.06304198379585614,GREEN,10.424476426729157,9.75,9.75
1969.0,384.8433888252175,0.9246104998118869,36.090844540311444,36.248725209852466,127.57807409116593,127.79766903208862,0.11219753564502791,0.08488600146873711,0.3106982890183367,0.06648248323548639,GREEN,10.420174111688326,9.75,9.75
1970.0,384.85997815057385,0.924634802884624,36.09627985423664,36.25045928870371,127.57806706814334,127.80929185873754,0.11387360227343511,0.08956977179183785,0.31535502434419194,0.07015209609739635,GREEN,10.41748855230179,9.75,9.75
1971.0,384.8864259307568,0.9246447714188568,36.10077251375122,36.252095674072585,127.5776597328343,127.82384482817982,0.11526084205945188,0.0947956077729918,0.31920730269698744,0.07424659442442247,GREEN,10.417184353259856,9.75,9.75
1972.0,384.9114362165248,0.9246435196274218,36.107507717878654,36.25322442278535,127.58217633441706,127.83613113716449,0.11634971920594052,0.10012621430661389,0.322230183916661,0.07842346495217914,GREEN,10.41837281336889,9.75,9.75
1973.0,384.9383624012934,0.9246272310730178,36.134175492484715,36.253853773408366,127.59410382095187,127.84729318743014,0.11698662942906832,0.10519916397564243,0.3239981797562882,0.08239874609662479,GREEN,10.421718248740788,9.75,9.75
1974.0,384.96794254149387,0.924605141533915,36.16869754404885,36.25438054376561,127.61316127153587,127.85897523428102,0.11678148671628466,0.10982078227714687,0.32342478340123615,0.08602063197897074,GREEN,10.425974189819811,9.75,9.75
1975.0,384.9976322034846,0.9245747918366962,36.16613402941988,36.25458845208225,127.61963825410031,127.86956931929093,0.11650076567022995,0.11440415356517467,0.3226413366090633,0.08961267655462947,GREEN,10.431377719589662,9.75,9.75
1976.0,385.0042170138281,0.9245346859379396,36.17551310576917,36.25332583812507,127.6263771634838,127.86730303466878,0.11635308240104586,0.11851067285573742,0.3222275895847182,0.09283127301327637,GREEN,10.437192166555079,9.75,9.75
1977.0,385.00113009982067,0.924494993602207,36.172718492728606,36.2516240707137,127.63246787980695,127.860275640075,0.11643449047604473,0.12207849735182598,0.3224513598312868,0.0956279645257454,GREEN,10.442556203156016,9.75,9.75
1978.0,385.0050394523741,0.9244503260200282,36.18050688771366,36.250056592252356,127.63839355509971,127.8560453631217,0.11611406826427806,0.12523916652268732,0.3215574245454478,0.09810577570409094,GREEN,10.44889300341174,9.75,9.75
1979.0,385.006089280239,0.9244019780044951,36.16987753724429,36.2482101636995,127.63926265414271,127.84988152168528,0.11597569426372167,0.12812430885595738,0.3211702282418463,0.10036787520194812,GREEN,10.455622538003766,9.75,9.75
1980.0,384.994165363334,0.9243662256198527,36.18105476179213,36.246246920269215,127.63940838186103,127.83899764092546,0.11592484730431454,0.1306593833340511,0.3210265785781242,0.10235584576209444,GREEN,10.460081336349376,9.75,9.75
1981.0,384.96852598253105,0.9243384405685008,36.17737329964574,36.24395048697244,127.63998426971176,127.82238508747078,0.11606072441999551,0.13271530497393513,0.32140345239808576,0.1039684370717179,GREEN,10.462878704929196,9.75,9.75
1982.0,384.9468448802839,0.9243207475651705,36.167445428507165,36.2422361228824,127.63844973928032,127.80914049140834,0.11619906936202638,0.13450399691338313,0.32178686845464777,0.10537166673484051,GREEN,10.464441301579583,9.75,9.75
1983.0,384.93028955126965,0.9243107942966874,36.141399133693234,36.24106652817288,127.63559839211722,127.79951940301201,0.11675754443354931,0.1361394237260023,0.3233395914973736,0.10665486958012466,GREEN,10.465142431057856,9.75,9.75
1984.0,384.910962450208,0.9243146259997383,36.14152772630207,36.24030692898554,127.62721817043649,127.79042417614662,0.11743333697217676,0.1377479356286675,0.325221480902164,0.10791704392545036,GREEN,10.463824519667867,9.75,9.75
1985.0,384.8939920130598,0.9243350529599723,36.14817648591523,36.24030889385178,127.62761321545598,127.78479691988845,0.11802827283693422,0.1392334605026822,0.3268793063677606,0.10908286924414516,GREEN,10.460308586698957,9.75,9.75
1986.0,384.88962864668537,0.9243710981694405,36.14029172319945,36.241516686194586,127.6272374837485,127.78760695878573,0.11870308585486365,0.14076280629661783,0.3287568508207097,0.11028307626778135,GREEN,10.455147722583334,9.75,9.75
1987.0,384.89037728989496,0.9244306665106407,36.139284567882,36.24388741143085,127.62948660672635,127.79621471129168,0.11932999693911718,0.14239604086009008,0.33049879661852594,0.11156457697775557,GREEN,10.446943311225837,9.75,9.75
1988.0,384.8910711775221,0.924515681467973,36.1352517011124,36.247253241996674,127.64122032168385,127.80831306954748,0.12017114184428783,0.1440190420052884,0.3328378728315998,0.11283765581830914,GREEN,10.435218794195166,9.75,9.75
1989.0,384.8819256808642,0.9246307560732895,36.13712355732581,36.25133424667838,127.65445520771556,127.81966551971747,0.12102822975516792,0.14558975639532604,0.3352198832798059,0.1140692814375062,GREEN,10.418939112622965,9.75,9.75
1990.0,384.8782599176297,0.9247563182483101,36.12400383758571,36.256084413063846,127.66874019523549,127.8351967106002,0.12211033737118725,0.14715403890274778,0.3382246061922519,0.11529538361271478,GREEN,10.401432970122556,9.75,9.75
1991.0,384.88234303116735,0.9249156413215998,36.12475068749887,36.262523198871875,127.6809339181713,127.85925562670552,0.12326991300519498,0.14891975075314745,0.34144318241013044,0.11667903649350782,GREEN,10.379573856174815,9.75,9.75
1992.0,384.884057092346,0.9250930501443128,36.13106967919269,36.269559505381224,127.6980279551048,127.88463470512423,0.12451158231095621,0.1508231949763846,0.3448907014210411,0.11817034440466193,GREEN,10.35511824207876,9.75,9.75
1993.0,384.87879932447544,0.9252947162425159,36.1303723942111,36.277218317407424,127.71388418431049,127.90989193282763,0.12592761848666803,0.15289987744668923,0.3488227452596419,0.11979712732742225,GREEN,10.327028355932526,9.75,9.75
1994.0,384.8788739447754,0.9255272358076612,36.157678835210945,36.28633802564054,127.73297116351213,127.9420719295237,0.1269765831078446,0.1552397239706025,0.3517319904250697,0.12162977931151446,GREEN,10.294888561298677,9.75,9.75
1995.0,384.8707660339862,0.9257724745174867,36.153477273761965,36.29557057580014,127.75295118387909,127.97192906574138,0.12816134985429667,0.15778438185487145,0.35501438720948103,0.12362256828141134,GREEN,10.260663270124368,9.75,9.75
1996.0,384.8671614926501,0.9260384066442595,36.144639268461326,36.305826620706924,127.77638477559451,128.00689124209725,0.12951780519234926,0.16056559363402315,0.35876911881757184,0.12580027991802584,GREEN,10.223759153887329,9.75,9.75
1997.0,384.86710332443135,0.9263092696080258,36.15844399703896,36.316443202379034,127.79852182157514,128.0443037771187,0.13067194966479348,0.16365984707036682,0.36195832509795167,0.12822285333840164,GREEN,10.186315280921775,9.75,9.75
1998.0,384.8611131525852,0.9265821171191894,36.16900076480668,36.32685762924356,127.81696012887397,128.07902941625557,0.1316147032440418,0.16707707779998934,0.3645566153996021,0.13089809483216572,GREEN,10.148362468300235,9.75,9.75
1999.0,384.85980774074403,0.9268519267462609,36.19651717902025,36.33737394898461,127.84587119935094,128.11567266050736,0.13215490776201608,0.17056454359852655,0.3660335374856423,0.1336278831186276,GREEN,10.111015943637824,9.75,9.75
2000.0,384.86437440232424,0.9271210022295749,36.218504366806684,36.34813874273838,127.87426879110963,128.155147030775,0.1321878483719087,0.1741546354003802,0.3660973444873319,0.13643750429297935,GREEN,10.074001831760484,9.75,9.75
2001.0,384.86560478563945,0.9273861197204581,36.25867093825073,36.35859089461183,127.9045485529168,128.19240872609345,0.13159358988468434,0.17770721826914712,0.3644146919564285,0.1392169536231558,GREEN,10.037402999721962,9.75,9.75
2002.0,384.87001710319913,0.9276355898184044,36.2961870390455,36.36857995548487,127.92950901358441,128.2290980358155,0.12986845039034317,0.18144499124751703,0.35958730630294966,0.14214052057748694,GREEN,10.00309081424561,9.75,9.75
2003.0,384.8705021271864,0.9278809409396557,36.33153195031465,36.378222034344525,127.9574413300979,128.2632559193883,0.12861579769719308,0.1851801633837026,0.35606816531344837,0.14506098088926053,GREEN,9.969194236875694,9.75,9.75
2004.0,384.87756300634067,0.9281015518326243,36.31087774716877,36.38720501624778,127.98530166062994,128.29728205805682,0.12698029493234952,0.1889982883364967,0.3514884392187738,0.14804529388715754,GREEN,9.938972158652206,9.75,9.75
2005.0,384.8903472011764,0.9283168557960504,36.308609883008806,36.39625069501235,128.0171062164054,128.333438742122,0.12604954415491498,0.19288615832616468,0.34886512987030405,0.1510830100037709,GREEN,9.909703069704221,9.75,9.75
2006.0,384.892433797274,0.9285191963628089,36.33609432809726,36.404282481536676,128.04384717290844,128.36245476280376,0.12531750567431202,0.1967734003043623,0.3467913849704603,0.1541191346618254,GREEN,9.88181123150693,9.75,9.75
2007.0,384.8945795722093,0.9287113296945304,36.347020505499444,36.411916915744584,128.07511877703942,128.39008974867244,0.12451708749771127,0.2005948602428974,0.34452704944802764,0.157102596993195,GREEN,9.855332314717486,9.75,9.75
2008.0,384.89635751107136,0.9288856701016531,36.350520741069424,36.4188363815394,128.10093812144444,128.41508128604085,0.12402309818551328,0.20439750630364434,0.34311360459031975,0.16007041677967848,GREEN,9.831298671556794,9.75,9.75
2009.0,384.88773496798757,0.9290355853100455,36.34060008216548,36.424306109685816,128.11497506857637,128.4314906691745,0.12379695899263493,0.20824172173243657,0.34244463385031093,0.1630701046272025,GREEN,9.810243770215408,9.75,9.75
2010.0,384.89035821164373,0.929173382289158,36.32192842513179,36.42983280277362,128.12753414829987,128.45185316746185,0.12383861523106131,0.21228029470539403,0.3425195058114919,0.16622131410164423,GREEN,9.791294576397831,9.75,9.75
2011.0,384.8943877691275,0.9292850345910608,36.27893363470286,36.434401043387396,128.14010392217145,128.46930579472755,0.12462494843884114,0.2164518808822718,0.3446603724913321,0.16947596643297042,GREEN,9.776012931686068,9.75,9.75
2012.0,384.8941877924089,0.929390500101149,36.24152331334925,36.438526554816676,128.1586742303718,128.4837857746697,0.12673418151406893,0.22046928979966446,0.35047039816375974,0.17260916196269785,GREEN,9.761425211117597,9.75,9.75
2013.0,384.89745356509326,0.929475041820256,36.246790853305875,36.441995775706786,128.1717443946014,128.49710866477827,0.1278248313846867,0.22443492780921565,0.353452904858831,0.17570117319309564,GREEN,9.749861811301884,9.749861811301884,9.749861811301884
2014.0,384.87828964520486,0.9295381878979521,36.25991057304597,36.44356425805507,128.17994042155385,128.49624114190115,0.12923266927969765,0.22811332095476627,0.35731666482246566,0.17856778762616562,GREEN,9.740404554690656,9.740404554690656,9.740404554690656
2015.0,384.8531861414343,0.9295880846931323,36.29729194315988,36.44433192637087,128.18373987676378,128.4905665781585,0.12956905250584652,0.23148828460065837,0.3582092677489565,0.18119632918507522,GREEN,9.732554709561867,9.732554709561867,9.732554709561867
2016.0,384.82972191863183,0.9296213321071095,36.294291346652415,36.444524336130414,128.1893565390635,128.48341093176495,0.13022423071377923,0.234479305401517,0.35998722674917855,0.18352383586735552,GREEN,9.727069501746968,9.727069501746968,9.727069501746968
2017.0,384.81053544351107,0.9296399910160263,36.305304633526696,36.444347295147075,128.18918447501056,128.4763810094566,0.13092545519396137,0.23718456261647206,0.3618945790457207,0.1856272746198759,GREEN,9.72376340240507,9.72376340240507,9.72376340240507
2018.0,384.800270715688,0.9296526615878679,36.3221669403804,36.44435793315243,128.18879645301365,128.47299143401713,0.13033189245969962,0.23968486649123266,0.3602104754194447,0.18757002184177585,GREEN,9.721623331654996,9.721623331654996,9.721623331654996
2019.0,384.8073413010519,0.9296633156930181,36.32476099191768,36.44511042586587,128.18926523977015,128.47800480774598,0.12972710011477814,0.24213346194946125,0.3584963316102119,0.18947199788607588,GREEN,9.720418900058348,9.720418900058348,9.720418900058348
2020.0,384.80227789176234,0.9296684935575901,36.34897415152253,36.44507363109619,128.19555260072525,128.4761845470659,0.12913870974166702,0.24431534443607975,0.35682780034880573,0.191164844706921,GREEN,9.719511485852507,9.719511485852507,9.719511485852507
2021.0,384.79642384380276,0.9296833193756608,36.38896844774519,36.44537760881614,128.20172934907484,128.47530158792193,0.12811468852946192,0.24633881829816417,0.3539497480663973,0.1927333455731211,GREEN,9.717240872881774,9.717240872881774,9.717240872881774
2022.0,384.78999206142515,0.9296963368963483,36.43670991156915,36.44558332718552,128.20521276826918,128.47387932855773,0.1268711241102259,0.24816996679346623,0.35045880499604615,0.1941509480771409,GREEN,9.715198362603758,9.715198362603758,9.715198362603758
2023.0,384.78425838364035,0.9297191522524355,36.43669712391911,36.44620618382893,128.21582631112688,128.4741605568939,0.12543689294788793,0.24967917676622814,0.3464413610313763,0.19531602544585058,GREEN,9.711828454560646,9.711828454560646,9.711828454560646
2024.0,384.7858132104788,0.929761571606095,36.41153578563881,36.44794271670235,128.22854500499975,128.48080105642612,0.12327416461596599,0.25094849562178567,0.3404122628283698,0.1962927374589689,GREEN,9.706025523731341,9.706025523731341,9.706025523731341
2025.0,384.799630290701,0.9298150378109984,36.397485892234535,36.450693093242556,128.24060880201804,128.49511017038475,0.1211152154251734,0.2521580792930194,0.33439778014214194,0.19722225673391922,GREEN,9.69915959846324,9.69915959846324,9.69915959846324
2026.0,384.80465885844507,0.9298855169994952,36.41079047024366,36.45369421115172,128.25314729151637,128.50736895376534,0.11857056491769954,0.2531659550126539,0.327317279603021,0.19799339407687389,GREEN,9.689609711335294,9.689609711335294,9.689609711335294
2027.0,384.8085980169844,0.9299689137874119,36.408177544134915,36.45715016130664,128.26326762665275,128.5208675713536,0.11552254330161811,0.2540932842410887,0.31884805216429246,0.19870106548534705,GREEN,9.678233136149316,9.678233136149316,9.678233136149316
2028.0,384.7901458811551,0.9300655584700495,36.39673684284557,36.46006469084345,128.26699334012574,128.52497878400828,0.11380258327678348,0.2548511904348349,0.3140551905172692,0.19927588388428555,GREEN,9.664181768749813,9.664181768749813,9.664181768749813
2029.0,384.77037290445753,0.9301676086157014,36.396019557979315,36.463128330184354,128.27340009246453,128.5291733961349,0.11229714742001097,0.2554129271315623,0.3098572235059648,0.19969702710067685,GREEN,9.64933573020977,9.64933573020977,9.64933573020977
2030.0,384.75825451615503,0.9302818644217419,36.404373832054105,36.46703294601276,128.27973150692483,128.53888833280936,0.11081469710510719,0.2558594391904788,0.3057234385321833,0.2000278474886574,GREEN,9.633092922257276,9.633092922257276,9.633092922257276
2031.0,384.74705820198994,0.930390800808081,36.41022827399714,36.47077259630317,128.28258652521336,128.54832902616693,0.10935879341138575,0.25618532136634853,0.30166386408133555,0.20026422389355797,GREEN,9.617621147155546,9.617621147155546,9.617621147155546
2032.0,384.7459110694137,0.930501093070509,36.40420559773013,36.475041612444,128.2882876233981,128.56299268879272,0.10811607378764479,0.2565419057428282,0.29819517335815837,0.20052452414555016,GREEN,9.602339567351976,9.602339567351976,9.602339567351976
2033.0,384.74248774209633,0.930604542113907,36.421661404997664,36.47893445896224,128.29234996311192,128.5755697141109,0.1072615523273924,0.2570646331239155,0.29579922526670527,0.20091483514770136,GREEN,9.587918529827931,9.587918529827931,9.587918529827931
2034.0,384.7478420821858,0.9307055125547513,36.42282190981443,36.48314627697521,128.30168962544408,128.5922044615766,0.1069735083477682,0.25784064529345235,0.29497042257305184,0.20150327281246933,GREEN,9.57416795905715,9.57416795905715,9.57416795905715
2035.0,384.74714688443265,0.9308009720601325,36.38501143731565,36.48685527335003,128.31419699018326,128.60504519124237,0.10717181465163517,0.2585547988542156,0.29548751258132233,0.20204310789881383,GREEN,9.560952752015197,9.560952752015197,9.560952752015197
2036.0,384.752089927722,0.9309019119694781,36.349050979724,36.491046466235424,128.32774855068718,128.62147031341956,0.10826324154704217,0.259462978705666,0.2984729258333726,0.20273427018895201,GREEN,9.547190272204773,9.547190272204773,9.547190272204773
2037.0,384.7422882145824,0.931002971229227,36.3642494598552,36.49454309031694,128.35113936581055,128.63051800872665,0.10908758775391827,0.26030169322052404,0.3007191160341183,0.20337057554091917,GREEN,9.532862757816446,9.532862757816446,9.532862757816446
2038.0,384.74102725851185,0.9311100632355028,36.351307334998914,36.49868119738558,128.38493734269656,128.6446817688056,0.11036968198071676,0.2609442196769197,0.3042295602133513,0.20385275699811797,GREEN,9.51801977238469,9.51801977238469,9.51801977238469
2039.0,384.7457602907049,0.9312270418960836,36.365217126909315,36.50349118463169,128.41490585691267,128.66321801638145,0.11134568669262357,0.26149607288775006,0.30689233688113027,0.2042632427457806,GREEN,9.502033021011727,9.502033021011727,9.502033021011727
2040.0,384.7441454869726,0.9313337716877649,36.35756392296052,36.507598310024065,128.43914071165756,128.67715426063637,0.11270403841313358,0.2620313704281268,0.3106110572171035,0.2046600729463327,GREEN,9.487226944446945,9.487226944446945,9.487226944446945
2041.0,384.7444719894365,0.9314477790784319,36.37052522929188,36.51208280829325,128.4673729431575,128.69306983876135,0.11385210016933814,0.2625926939727693,0.3137472665585993,0.20507640783892195,GREEN,9.471487240422874,9.471487240422874,9.471487240422874
2042.0,384.74147437784484,0.9315712318044715,36.355363219538596,36.51677981118972,128.49274169681905,128.70862242818328,0.11534005598470379,0.2631464906658428,0.31782026147559383,0.2054860559862219,GREEN,9.45431995773842,9.45431995773842,9.45431995773842
2043.0,384.74435755279075,0.9317027573362514,36.35557534107752,36.52207234107451,128.5148674101951,128.72824136428258,0.11661813555067338,0.2637367020172158,0.32131041358704027,0.20592337608218375,GREEN,9.436254072350096,9.436254072350096,9.436254072350096
2044.0,384.7466755449667,0.9318298016767411,36.426428180578576,36.52716242026381,128.52445399561626,128.74695787688484,0.11664600496952977,0.26445839799909265,0.32134515946153375,0.2064627637833216,GREEN,9.418786173387701,9.418786173387701,9.418786173387701
2045.0,384.74485325738215,0.931944773585199,36.48928940376008,36.53158273612444,128.52952605443855,128.76192826208822,0.116166387414159,0.2653801903407046,0.3199737585894975,0.20715809656688688,GREEN,9.402834191313445,9.402834191313445,9.402834191313445
2046.0,384.73907636314715,0.93204335563019,36.533497793328756,36.53517279474071,128.53542698953822,128.7726485154757,0.1154292053156213,0.2663379560308203,0.3178858503169081,0.20788117426775024,GREEN,9.389002160535597,9.389002160535597,9.389002160535597
2047.0,384.7423971553975,0.932128591246988,36.52406761752989,36.53867163297394,128.5381859201089,128.7860921750129,0.11465205397028704,0.2673890318035092,0.3156898625140885,0.2086768887558269,GREEN,9.377347273534383,9.377347273534383,9.377347273534383
2048.0,384.74720931927743,0.9322023942054256,36.540689005056755,36.54179316906323,128.5318830765813,128.79870543169588,0.11373671957596038,0.26873431248878993,0.3131112684832434,0.20970248459454963,GREEN,9.367326142894825,9.367326142894825,9.367326142894825
2049.0,384.747261209631,0.9322710650965397,36.54115074152455,36.544487492518705,128.52578246418085,128.8082194744959,0.11277777079569992,0.27035667984267525,0.31041378863496083,0.21094456832624542,GREEN,9.35784005150407,9.35784005150407,9.35784005150407
2050.0,384.7493137700442,0.932339304383289,36.53852681803676,36.54725991944081,128.52036228689894,128.818678659193,0.11148695916117601,0.2722391395631366,0.30680256902417463,0.21238982768876535,GREEN,9.348486506499768,9.348486506499768,9.348486506499768
2051.0,384.7510363107951,0.9323964010609134,36.52242138661386,36.54957989902655,128.51937746759774,128.82743269014063,0.1101148524410451,0.27416382982339854,0.30297138902841503,0.21386807633459778,GREEN,9.340660347923745,9.340660347923745,9.340660347923745
2052.0,384.7562454582985,0.9324457843718016,36.537102478424295,36.5517631405993,128.52227111251042,128.83687232899436,0.10867016968365543,0.2761068688408641,0.29894080975912946,0.21536071212331173,GREEN,9.334026707020996,9.334026707020996,9.334026707020996
2053.0,384.7493135883836,0.9324970647989781,36.53382623133248,36.55344404451689,128.53034168274147,128.84047587735546,0.10703375481432836,0.2778448116742053,0.2943847411207589,0.21669329145126218,GREEN,9.326689190483222,9.326689190483222,9.326689190483222
2054.0,384.7404651253823,0.9325560918999792,36.50776167575429,36.55533752197208,128.53868934313573,128.84418661973896,0.10591535567302203,0.2793286540416099,0.2912619645195999,0.2178277381423647,GREEN,9.318212123733133,9.318212123733133,9.318212123733133
2055.0,384.73432186394274,0.9326246711965976,36.50625411411532,36.557733899651296,128.55810752169714,128.85057554708106,0.10452618618280006,0.28044773878118906,0.2873953495201994,0.21867754554055954,GREEN,9.308514091583817,9.308514091583817,9.308514091583817
2056.0,384.73414278233577,0.9326993845488063,36.51113377907083,36.560654061758555,128.57782721138662,128.86080790483388,0.1026331908423398,0.28124724866841605,0.28214316300882336,0.2192781203188258,GREEN,9.298185270840122,9.298185270840122,9.298185270840122
2057.0,384.72618961793273,0.9327837527934902,36.509349083480124,36.56358326764271,128.60092848644325,128.86846810990357,0.1008292210945893,0.28157798130842615,0.27713941344774345,0.21951309222441318,GREEN,9.286241086059306,9.286241086059306,9.286241086059306
2058.0,384.7227693692127,0.9328629584393521,36.49235511498157,36.56652545735497,128.62865905067193,128.8776921232228,0.09921142068250327,0.28138072468037373,0.2726523361158554,0.21933618239542368,GREEN,9.275174766069085,9.275174766069085,9.275174766069085
2059.0,384.7269787235623,0.9329523394009575,36.50523575681645,36.570229088595546,128.65195824727365,128.89215569552186,0.09789091404563484,0.2809332280988358,0.2689852909349368,0.2189644281049522,GREEN,9.262978550974225,9.262978550974225,9.262978550974225
2060.0,384.72584904477753,0.9330443710517438,36.515213857844394,36.573782884926686,128.67652493983493,128.90430258346035,0.09674563923605366,0.2801308857308187,0.2658021792587005,0.218316316041937,GREEN,9.250223163431201,9.250223163431201,9.250223163431201
2061.0,384.7226011738501,0.9331455815811899,36.5177015161333,36.57759577310927,128.69890060896878,128.9166527796603,0.09619307381607219,0.279074402174986,0.2642526992716775,0.21747052133156594,GREEN,9.236123511917384,9.236123511917384,9.236123511917384
2062.0,384.70923969751107,0.9332459885771086,36.52702693550302,36.58089629655959,128.71439355637062,128.9238076771984,0.09599024435857222,0.2777004383840088,0.2636676378605249,0.2163777941587038,GREEN,9.221771575453516,9.221771575453516,9.221771575453516
2063.0,384.7086970902348,0.933350213398125,36.51702279881958,36.58495584711786,128.72716492291272,128.9379330871792,0.09620139948960235,0.2762231182928526,0.26422520483174183,0.21520518873878658,GREEN,9.207353897589655,9.207353897589655,9.207353897589655
2064.0,384.71410238636,0.9334477365552392,36.5082899591529,36.5890355488518,128.74381172099987,128.9541231819755,0.09626149750170507,0.27461645395607975,0.26436637874485047,0.2139323672491965,GREEN,9.19407529977667,9.19407529977667,9.19407529977667
2065.0,384.70778345204076,0.9335384206567093,36.52246015876878,36.59228964196021,128.74847851949707,128.96347362179867,0.09601838355842661,0.27297766801798184,0.2636728968789772,0.2126355245988331,GREEN,9.1813212448954,9.1813212448954,9.1813212448954
2066.0,384.70974563602164,0.9336298500042997,36.53593409641509,36.59596676337032,128.75256065136546,128.9770908663666,0.09592758516216528,0.2714133211942531,0.26339946731437164,0.21139752872587267,GREEN,9.168760903232055,9.168760903232055,9.168760903232055
2067.0,384.71846211867455,0.9337136756209895,36.544304482928936,36.59966713664657,128.74868043139594,128.9930548542019,0.09582793391165767,0.27019818654868816,0.2631020893762644,0.21043268900176132,GREEN,9.157491959211626,9.157491959211626,9.157491959211626
2068.0,384.71529722321714,0.9337922942294044,36.57020678880336,36.60259826836745,128.74579923638694,129.00232418060352,0.09551280509981804,0.269182178706623,0.26221052258045363,0.2096238669544224,GREEN,9.14651788824267,9.14651788824267,9.14651788824267
2069.0,384.7155429002926,0.9338552196476343,36.56598962642134,36.60507649386227,128.74788682984567,129.01114083287882,0.09503357656159034,0.26822450996275615,0.2608679979441637,0.2088609315759809,GREEN,9.137833567625933,9.137833567625933,9.137833567625933
2070.0,384.72181205876046,0.9339057645432578,36.573474544895554,36.607356008109186,128.75330557060025,129.0212772067159,0.09410875262876146,0.2671856170111567,0.25829962234651205,0.208035071853603,GREEN,9.131074031651195,9.131074031651195,9.131074031651195
2071.0,384.7284956446325,0.9339554864762195,36.570469089081065,36.60962301120102,128.75671891918304,129.03150873859084,0.09208242265626089,0.2661586246399466,0.2527042676338735,0.20721885768543474,GREEN,9.12444259632997,9.12444259632997,9.12444259632997
2072.0,384.7384412767878,0.934000215121395,36.54621777112848,36.611849523546915,128.76243917106564,129.04269193732947,0.0889051557852165,0.2653070204177425,0.2439508109094338,0.2065396566960376,GREEN,9.118616644978943,9.118616644978943,9.118616644978943
2073.0,384.7482728505484,0.9340312809210313,36.58229208995613,36.61353507163025,128.76630550460413,129.0519305441196,0.08535404361500795,0.26454327496860586,0.23417082680989476,0.2059292000927088,GREEN,9.114673915705168,9.114673915705168,9.114673915705168
2074.0,384.76209125717185,0.934054805440559,36.57496164629443,36.615114726841185,128.77155377744725,129.06213352150425,0.082158622954414,0.26405110306627305,0.22537164838262275,0.2055303017465743,GREEN,9.111914478420545,9.111914478420545,9.111914478420545
2075.0,384.78411019269566,0.934069933798023,36.56338324758942,36.616755457103956,128.7794827699279,129.07530304206225,0.08023197571539123,0.263841685818971,0.22005983659957917,0.20535142637859885,GREEN,9.110606140592807,9.110606140592807,9.110606140592807
2076.0,384.80378815637795,0.9340641480790737,36.54555281332621,36.61746492703057,128.78549798875846,129.0844050214578,0.07840403865040366,0.2639325525861328,0.21502148321435274,0.20540626494273037,GREEN,9.112104593993308,9.112104593993308,9.112104593993308
2077.0,384.82041978691456,0.9340528208931621,36.568226391016395,36.617812180083284,128.79232803782122,129.09120838153123,0.07658954294686122,0.26414866866142855,0.2100200261870898,0.2055583764417852,GREEN,9.114260831753029,9.114260831753029,9.114260831753029
2078.0,384.83747155412505,0.9340248082433678,36.59420439977908,36.61752524811634,128.79844349433753,129.09591695340694,0.07500785609755602,0.26439222192793616,0.20565723442869344,0.2057316403568898,GREEN,9.11873838984809,9.11873838984809,9.11873838984809
2079.0,384.84561143326215,0.9339848577776932,36.58726740653395,36.61634626802196,128.8034036636412,129.09449091310697,0.07347701483172463,0.2644351234123453,0.20143579601910216,0.20574863612194302,GREEN,9.124549618526544,9.124549618526544,9.124549618526544
2080.0,384.83419561661003,0.9339312139349807,36.55699295195895,36.613700136718016,128.79319170998315,129.08133261923115,0.07279112781832914,0.2645696809261363,0.1995364849552382,0.20583737854353457,GREEN,9.131557894799386,9.131557894799386,9.131557894799386
2081.0,384.8396330700828,0.9338492049424464,36.55926189028152,36.610743708490915,128.7808538554705,129.07273343995467,0.07273024147460684,0.2648955418617025,0.19935407196309884,0.20607542600554532,GREEN,9.143086369957274,9.143086369957274,9.143086369957274
2082.0,384.83640714828516,0.9337491213028515,36.55166510544472,36.60666658785352,128.77141842464877,129.05727754491397,0.07306705904621018,0.26519529287909727,0.20026677404220128,0.20629347256439023,GREEN,9.15680437555045,9.15680437555045,9.15680437555045
2083.0,384.8415535909004,0.9336244514802617,36.51727425517004,36.602023774845854,128.75924209965524,129.04263492005316,0.07387148366415996,0.26562151989974003,0.2024641390465986,0.20661047506890945,GREEN,9.174219528709443,9.174219528709443,9.174219528709443
2084.0,384.8431305326219,0.9334803761148387,36.528565494405676,36.59645039098173,128.7470006520888,129.02351430983632,0.07424089848575507,0.2660236266910194,0.20346574011242585,0.20690934208106135,GREEN,9.194189683936344,9.194189683936344,9.194189683936344
2085.0,384.8495927513791,0.9333231777562799,36.50176539319697,36.59059474599158,128.7401022881701,129.00503599055486,0.07480667396219104,0.2661933231578552,0.20500654821970193,0.2070279245289175,GREEN,9.216149409216882,9.216149409216882,9.216149409216882
2086.0,384.85669238806594,0.9331503167390344,36.51757164475946,36.58415523718155,128.73447684709217,128.984712084003,0.07509493457762406,0.26613036084672664,0.20578648541197214,0.2069660436703638,GREEN,9.240298153093619,9.240298153093619,9.240298153093619
2087.0,384.87032815272903,0.932965688604742,36.49357295962114,36.57756485997808,128.732440010933,128.96604560200183,0.07560988405911626,0.2657610448797087,0.207189546926329,0.20666626386268636,GREEN,9.266310825673003,9.266310825673003,9.266310825673003
2088.0,384.8829045038984,0.9327716734224824,36.46222009694265,36.57055585131578,128.72334328133607,128.94554647004236,0.07645668636440857,0.26522172316602205,0.20950372647758617,0.2062346680945256,GREEN,9.293585510586269,9.293585510586269,9.293585510586269
2089.0,384.89095957888856,0.9325522310532258,36.46466330536001,36.562334914876295,128.71573894403508,128.9192579982499,0.07700364162256287,0.26446656275438923,0.2109958580891959,0.20563567192347024,GREEN,9.324213740215953,9.324213740215953,9.324213740215953
2090.0,384.908599967308,0.9323146779542284,36.46921473691418,36.5538588743331,128.7141131143103,128.89527865123267,0.07735331438982597,0.2633822463098423,0.21194771208195753,0.2047810353527682,GREEN,9.357697193861469,9.357697193861469,9.357697193861469
2091.0,384.90960006744797,0.9320637367931763,36.4745967007634,36.54406753922299,128.71403586106206,128.86108751301475,0.07747824396330646,0.2618274741059485,0.2122837784640547,0.2035608111777418,GREEN,9.392427162247031,9.392427162247031,9.392427162247031
2092.0,384.9180961776544,0.9318054389288025,36.477900876082906,36.5343434808525,128.70920051002312,128.82964229308976,0.07728095107149531,0.2598801301227446,0.21173608719047318,0.20203580682274225,GREEN,9.428449912501407,9.428449912501407,9.428449912501407
2093.0,384.9124508948629,0.9315405531997483,36.46411031622152,36.52368997358504,128.70294092193,128.79018635314964,0.07731000978441883,0.25754155845447696,0.2118115972030568,0.20020710521015023,GREEN,9.464864283957127,9.464864283957127,9.464864283957127
2094.0,384.9052433135172,0.9312677403834693,36.44716540114853,36.512651714168136,128.69023068760706,128.74885223736956,0.07737998068962121,0.25490837817907214,0.2120009447596106,0.19815015418130055,GREEN,9.502315127618829,9.502315127618829,9.502315127618829
2095.0,384.89758718964225,0.9309978849591503,36.4576742408039,36.50170833388759,128.67172055394096,128.70770414024162,0.07646638903325154,0.25217054475020245,0.20949099133103427,0.1960128510147413,GREEN,9.539338328484291,9.539338328484291,9.539338328484291
2096.0,384.89821639512246,0.9307246821723686,36.41433433727559,36.49102667697406,128.64958526371598,128.67025017493367,0.07489387112061559,0.2493175212130723,0.205176729651521,0.19378710827388923,GREEN,9.577131289807738,9.577131289807738,9.577131289807738
2097.0,384.88676010597425,0.9304481028794219,36.410275127946896,36.47963989112578,128.62423853680707,128.626270860213,0.07352783555881469,0.24669499681626533,0.20143015151711985,0.1917419143402218,GREEN,9.614938361621313,9.614938361621313,9.614938361621313
2098.0,384.8788646524362,0.9301812131738355,36.42325658761472,36.46880201144469,128.60088347525317,128.58541895805539,0.07126662220550527,0.24441349088679176,0.1952291242098126,0.1899633162550372,GREEN,9.651536526472285,9.651536526472285,9.651536526472285
2099.0,384.8658101293104,0.9299338844441646,36.42365735256709,36.4584868852956,128.57535494782817,128.54468864094477,0.06914107169958243,0.24233443714165925,0.1894012975942373,0.18834351732252066,GREEN,9.685233712920052,9.685233712920052,9.685233712920052
2100.0,384.8602023783995,0.9297107949486427,36.450466967787435,36.44947500926778,128.55059847404334,128.51104220906535,0.066372676911786,0.24043270070463263,0.18180999565202027,0.18686278055563385,GREEN,9.71585900290168,9.71585900290168,9.71585900290168
2101.0,384.8633784387712,0.9295127426696155,36.44667338352545,36.44186070225335,128.52635340399294,128.48525652749697,0.06381020662277535,0.23871960115932103,0.1747847250910261,0.18552995295402774,GREEN,9.74335576508949,9.74335576508949,9.74335576508949
2102.0,384.85996124590395,0.9293353449492645,36.500366475432784,36.43474401207755,128.50250705008744,128.45902419082756,0.06090368623094169,0.23715357708789261,0.16681233290292863,0.18431262506768775,GREEN,9.767747112958972,9.75,9.75
2103.0,384.85292187051454,0.9291841196620313,36.498501575701,36.428482043380775,128.47309622770902,128.4345969803846,0.05769705707246017,0.23560075322801938,0.15801921649581557,0.1831067816213959,GREEN,9.788381934816414,9.75,9.75
2104.0,384.853950379334,0.9290549492190157,36.5020382304983,36.42346661163262,128.4494869008153,128.41725744261163,0.05712021474276508,0.23388008523219486,0.1564339765258182,0.18177125907828476,GREEN,9.806275568608044,9.75,9.75
2105.0,384.8621193673824,0.928925899514199,36.473509545907284,36.4187937465842,128.4291908444326,128.40350790638047,0.05729575735727992,0.23197135179728817,0.15691586174487204,0.18029013743547173,GREEN,9.824426069334635,9.75,9.75
2106.0,384.8593131677898,0.9288197359430344,36.488427004641125,36.41449881694618,128.4118502036384,128.38742892835367,0.05808482302845079,0.22996249076744732,0.1590801481856244,0.17873169434472144,GREEN,9.838993228795488,9.75,9.75
2107.0,384.8673743225455,0.9287307449519312,36.482006990511955,36.41139123892164,128.39841260763717,128.37916140707048,0.05876565140175597,0.22773807788410613,0.16094786090018173,0.1770060386065774,GREEN,9.851603650368276,9.75,9.75
2108.0,384.8789129193278,0.9286533906251097,36.45914016585431,36.40890429080668,128.39128455895772,128.3742415691319,0.05912226470684989,0.22512863809439188,0.16193058419858292,0.17498107721969877,GREEN,9.862739919428265,9.75,9.75
2109.0,384.9062834857271,0.9285845407083911,36.44652637670055,36.407499438123004,128.3884087908298,128.37841714515199,0.059334995164678876,0.2221599795043273,0.16252025385544197,0.17267676228377174,GREEN,9.873310637453187,9.75,9.75
2110.0,384.9270457741064,0.9285238371505679,36.42827262007029,36.40610125580393,128.38792819262625,128.38041155401174,0.059393293870162074,0.2187985082017683,0.16268812403059157,0.17006693223101302,GREEN,9.882502565654306,9.75,9.75
2111.0,384.94936828490023,0.928473573977407,36.41826884144105,36.405186058579396,128.38763833333113,128.38462904455912,0.05931376678531732,0.21515414114699724,0.16247801169003376,0.1672371055856982,GREEN,9.890312367702478,9.75,9.75
2112.0,384.97545404415325,0.9284273867592845,36.39095181226698,36.40460847146464,128.3888234683897,128.39129189072347,0.059309772261240436,0.21128615804392573,0.16247791084302482,0.1642334012733225,GREEN,9.897704881419088,9.75,9.75
2113.0,385.01170163173566,0.9283787056728595,36.41245409236375,36.40441335350233,128.39992958051215,128.4026924431766,0.05926476469034416,0.20745822268587788,0.16236361107632016,0.16126065946146173,GREEN,9.905835809972388,9.75,9.75
2114.0,385.04350030400025,0.9283282634740939,36.40764910728451,36.40393860284775,128.41185834396012,128.4116227666348,0.058947582185071894,0.20367483558700789,0.16150203048934125,0.15832237241729222,GREEN,9.914040491832054,9.75,9.75
2115.0,385.05823672133977,0.9282947218474961,36.4173173891272,36.40331987984359,128.4204109489221,128.41435477376126,0.05859960305258944,0.20014600714100725,0.16055517262483046,0.15558208691950529,GREEN,9.919249577872307,9.75,9.75
2116.0,385.06165752923266,0.9282665690303681,36.4187792221296,36.402377555714466,128.42780922435637,128.41217146993745,0.0582883014190361,0.19679396658132345,0.15970898270631378,0.15297937512653215,GREEN,9.923276292736944,9.75,9.75
2117.0,385.0625412094464,0.9282443573652726,36.42507488914974,36.40154828458899,128.43146247300552,128.4095408397242,0.05794591146482506,0.1937599470501705,0.15877695041786702,0.1506241627028718,GREEN,9.926383123446072,9.75,9.75
2118.0,385.0619213658804,0.9282326485356309,36.41674066611022,36.40105981938606,128.43332580858444,128.40761103653765,0.05718513335293244,0.19110288691044516,0.1566977617800148,0.14856239004672822,GREEN,9.927978903238767,9.75,9.75
2119.0,385.052134879964,0.9282329996478624,36.40649075079295,36.400611012343745,128.43243101166348,128.4027643493348,0.056571312922134374,0.188609124021045,0.1550227721280693,0.1466279223211498,GREEN,9.927551851496332,9.75,9.75
2120.0,385.0460981849485,0.9282406019909671,36.39519004869628,36.40062379720763,128.43298886311524,128.40079639936397,0.05606811355151892,0.18634903629238267,0.15365227406445706,0.14487546342633142,GREEN,9.926266782271597,9.75,9.75
2121.0,385.031643018744,0.9282501278184723,36.397422721243316,36.400314070678476,128.43219254812433,128.39488355597456,0.055533629348412765,0.18427939623844514,0.15219590400780933,0.1432713906971623,GREEN,9.924390213178498,9.75,9.75
2122.0,385.01543057566676,0.9282737147887922,36.381759691361324,36.400472630368775,128.4287809552972,128.39003652501756,0.055149388836454476,0.18235407908589896,0.15115288093196244,0.14177976476997498,GREEN,9.92050106704366,9.75,9.75
2123.0,384.9971137671091,0.9282963080976185,36.339692517066574,36.40049269021612,128.4172569733319,128.38399922003896,0.055010463754026726,0.1803636820723529,0.15078433064639823,0.14023786867380897,GREEN,9.916668465626572,9.75,9.75
2124.0,384.96984773525577,0.9283279095862718,36.30605613814447,36.40044281898239,128.40635660384788,128.3747310037437,0.055371181224195466,0.1783551109727472,0.15178708472769856,0.13868221237791556,GREEN,9.91124497316784,9.75,9.75
2125.0,384.94112167591675,0.9283667026305971,36.306084373275766,36.40060575959239,128.39415282522066,128.3657264171424,0.05597859685603002,0.17622040665355293,0.1534673433360147,0.1370286388865522,GREEN,9.904771709738327,9.75,9.75
2126.0,384.91801515810687,0.9284077078207619,36.29134215649812,36.40112098625308,128.38253834203263,128.359837945492,0.057222325002107374,0.17384472927602437,0.15689460340881164,0.13518779976688058,GREEN,9.898210608186247,9.75,9.75
2127.0,384.89524664728714,0.9284557532969019,36.29412096400323,36.40192809541278,128.37028300803524,128.35509116644684,0.058455256803089065,0.17096936018637765,0.16029343415267625,0.1329583318497527,GREEN,9.890690294504907,9.75,9.75
2128.0,384.8964611205752,0.9285009454657346,36.32042608085404,36.40375737587519,128.35972325514578,128.36194632808215,0.059289673026654464,0.1677314928887,0.1626000954423757,0.13044685600726363,GREEN,9.88448945093154,9.75,9.75
2129.0,384.8939920988557,0.9285455186778278,36.33883461920043,36.405388192168914,128.35007553750546,128.3668732402062,0.05969610742823215,0.16426658795503543,0.1637317290965891,0.12775874432256418,GREEN,9.878232312605093,9.75,9.75
2130.0,384.89672556897625,0.9285939471854932,36.36682315345361,36.40741620348714,128.34672044808718,128.3749357868912,0.059765842625827376,0.160623681456829,0.1639384821343148,0.12493204918920638,GREEN,9.871642468316196,9.75,9.75
2131.0,384.9041243619207,0.9286447793547613,36.36523057951716,36.40975912589304,128.34669123869787,128.38566496943375,0.059828521419063856,0.15673797293157737,0.16412581058091164,0.12191625069629558,GREEN,9.864899534507543,9.75,9.75
2132.0,384.9228983603391,0.9286909679606797,36.358689696519775,36.412458052142895,128.35011911216824,128.40144431820227,0.05963089630557618,0.15264884502772477,0.16359769833353066,0.11874193177893383,GREEN,9.859235227502836,9.75,9.75
2133.0,384.94017922978094,0.9287501241266511,36.38841233842009,36.41559486891797,128.36071717245352,128.41827068988118,0.05959773397716298,0.14831447094310435,0.16352121373278874,0.11537639136259684,GREEN,9.85171964862792,9.75,9.75
2134.0,384.95760678094143,0.9288069210404726,36.42030391921962,36.4186462032524,128.37122888148397,128.43484552846664,0.05937225388142109,0.14372667506909678,0.16291407486028445,0.11181326910240867,GREEN,9.844534845433628,9.75,9.75
2135.0,384.97425742277846,0.9288608008083998,36.41858132045752,36.421546484667765,128.38306091875745,128.4506293867121,0.05897231996283307,0.13883427122779463,0.16182739545329533,0.10801273785874807,GREEN,9.837722619228714,9.75,9.75
2136.0,384.9914979242739,0.9289130651825027,36.39481746772461,36.424411401476036,128.3951365272228,128.46648622956315,0.05836216241786869,0.13368137852546416,0.16016408872933197,0.10400906400202753,GREEN,9.831155438684306,9.75,9.75
2137.0,385.0018384599924,0.9289628301371214,36.37709178989055,36.42685196491051,128.40707103678014,128.4785446640566,0.05836463607728176,0.12832391810102722,0.16018488094512348,0.09984574938443513,GREEN,9.824668872584368,9.75,9.75
2138.0,384.9838091013624,0.9290134000130621,36.3489639214025,36.42798195253395,128.41721962362095,128.47651341830522,0.05917288680112616,0.12268163219252298,0.16242138881633883,0.09546034189900117,GREEN,9.816985272347438,9.75,9.75
2139.0,384.96998223682886,0.9290576609711936,36.31962281182889,36.42906328919038,128.41710150915043,128.4757127168698,0.0607203246920399,0.11702923135653404,0.16668930141139252,0.0910666897873225,GREEN,9.810335732014721,9.75,9.75
2140.0,384.94499012495976,0.9290974587793758,36.28413641799966,36.42944124111975,128.4022495721722,128.468704970503,0.06312887039765892,0.11129102958003949,0.17332287354628617,0.0866058798901895,GREEN,9.803877476640764,9.75,9.75
2141.0,384.9255648470644,0.9291327767840637,36.281395103884485,36.42990683574699,128.38604889563229,128.4638639615531,0.06564051258632386,0.10519847024748966,0.18024160657805252,0.0818688861325112,GREEN,9.798252252014663,9.75,9.75
2142.0,384.89398835424765,0.9291615069240706,36.284422401005244,36.42953900247104,128.37180891930245,128.45202872577548,0.06789136892977601,0.09905578136051196,0.18644501261408972,0.07709244079255331,GREEN,9.793074809569703,9.75,9.75
2143.0,384.86665896553615,0.9291747548187912,36.28445048268474,36.42876503062216,128.3574184268298,128.44017913017348,0.06954596635447155,0.09266972830266121,0.19100926514615724,0.07212610739325198,GREEN,9.790200530993758,9.75,9.75
2144.0,384.83939391206354,0.9291903064538464,36.26735712857005,36.42808433698331,128.34385186259587,128.42868024812933,0.07204435699759518,0.08621646833142706,0.19789480268794013,0.06710695699150612,GREEN,9.787010720778227,9.75,9.75
2145.0,384.81967653782874,0.9291883496623575,36.28406286343661,36.427074410211695,128.32834279416488,128.41853980688603,0.0734829924886148,0.07999399968509768,0.20186663302934757,0.0622669979397608,GREEN,9.786529007795025,9.75,9.75
2146.0,384.80417689532464,0.9291857142389262,36.29234082081594,36.426237489144505,128.31240260791674,128.4104170775044,0.07499777264632247,0.07426658755163638,0.20604916495805783,0.057811969662578816,GREEN,9.786301952643754,9.75,9.75
2147.0,384.80213292231633,0.9291724302615257,36.28816457891405,36.425619984607934,128.29541678937653,128.4075581706432,0.07630195534229647,0.06939448570884124,0.2096520006024952,0.054022401132237115,GREEN,9.788059767032223,9.75,9.75
2148.0,384.82018496924115,0.9291479051415271,36.270897568511764,36.425512922187224,128.2806253461609,128.41320466180227,0.07761964691795295,0.06546483746668492,0.21329125947532768,0.050966165834622,GREEN,9.792138051898888,9.75,9.75
2149.0,384.8420049969463,0.9291140124026976,36.294485463180074,36.42521686570429,128.28422464522762,128.41944216569135,0.07842613632802409,0.06245030945803183,0.21552421180969356,0.04862199575157981,GREEN,9.797655468642489,9.75,9.75
2150.0,384.8591427085258,0.9290676308932212,36.297623501350216,36.424209504396735,128.29458871117,128.4216092409057,0.07936192598137656,0.06018246315583379,0.21811301339124012,0.046858867453126105,GREEN,9.804721082796362,9.75,9.75
2151.0,384.8756219220878,0.9290057255045969,36.27790054603113,36.42256225659374,128.29898719828228,128.4213001171573,0.08103494419436516,0.05925256591798504,0.22273109240813352,0.046137322052111865,GREEN,9.813908333688602,9.75,9.75
2152.0,384.90264608304255,0.9289323527627277,36.26347438881196,36.42096419504319,128.3018337570209,128.42468230206043,0.08322830070240604,0.05933485990292324,0.2287821828481056,0.046203843326074724,GREEN,9.825085746295315,9.75,9.75
2153.0,384.92827793814865,0.9288456141635307,36.24825463003108,36.418775964300806,128.3040075421202,128.42551802046822,0.08574621392401548,0.06033110959000057,0.23572686230041714,0.04698205187656228,GREEN,9.83805997588317,9.75,9.75
2154.0,384.951373559035,0.92874812292571,36.22688830822956,36.41604589380732,128.30774889777982,128.42359575199993,0.08875405409772254,0.06169475593567857,0.2440204124934301,0.048046358514823584,GREEN,9.852426112189022,9.75,9.75
2155.0,384.97327603226546,0.9286472385281794,36.2108531577313,36.413126084475536,128.31849172809848,128.42060514758177,0.09234105828096036,0.06291620174926986,0.25391124022934114,0.04899983700004111,GREEN,9.867218064078912,9.75,9.75
2156.0,384.9965433620239,0.9285378302914092,36.23574779678229,36.40993632214951,128.33016989733204,128.41711650929423,0.09452267717925725,0.06385394549665123,0.25993133581005784,0.04973222418313714,GREEN,9.883243820658379,9.75,9.75
2157.0,384.99901454219724,0.9284221284025801,36.26449939568887,36.405516243479624,128.3383957721304,128.4023511521474,0.09584244632538187,0.06438500622868237,0.26357822709310014,0.05014769803386967,GREEN,9.899340744267505,9.75,9.75
2158.0,384.98534453710096,0.9283108952148831,36.28043413755899,36.40050829412757,128.34364979108287,128.38012959820279,0.09690974224347679,0.06452614026622518,0.26653086687680877,0.05025930168682987,GREEN,9.914196429809323,9.75,9.75
2159.0,384.95989604303287,0.9281956846056195,36.2654735588692,36.394787754776445,128.33775156942377,128.35146904335392,0.09823432473893538,0.06442891604610347,0.2701934575596629,0.05018512185659523,GREEN,9.929144810059029,9.75,9.75
2160.0,384.94494735934836,0.9280749783266413,36.27386946953253,36.3893482785924,128.32368972248454,128.32730257294233,0.09935905635413567,0.06422791033524969,0.2733091570677662,0.050030027772212916,GREEN,9.94525683203372,9.75,9.75
2161.0,384.9323735877186,0.9279580079928326,36.2842947802578,36.384167693774735,128.3109707093834,128.30484213984766,0.10019021590025581,0.06401328951460025,0.2756159637395659,0.04986424419486328,GREEN,9.960942555917029,9.75,9.75
2162.0,384.9102138670497,0.9278230074214159,36.283707162163,36.377827334958724,128.297190900646,128.27509860455328,0.10056814115801294,0.06383042437662932,0.2766830930080658,0.04972312368252111,GREEN,9.978746771681159,9.75,9.75
2163.0,384.89168966621867,0.9276928558070646,36.29047847861416,36.371849138575065,128.28496014722762,128.24784599672077,0.1007104356025077,0.06381674971997749,0.27710100494317164,0.049713685595567284,GREEN,9.996019086350344,9.75,9.75
2164.0,384.87492972036677,0.9275488179121177,36.30310234443616,36.36541009254409,128.27008905655143,128.2195582858696,0.10052066674221094,0.06401422673892282,0.27660409689128623,0.0498686830899591,GREEN,10.015277239539927,9.75,9.75
2165.0,384.860154585975,0.9274012050562651,36.28319401934204,36.35892487433474,128.2503251537426,128.19177087664457,0.10074767244956408,0.06437368297143602,0.2772529508858953,0.05014987313636354,GREEN,10.035104587537319,9.75,9.75
2166.0,384.84180304156257,0.9272432489614274,36.27330819399681,36.35186545211243,128.22137928738113,128.1607697891001,0.10080604116379992,0.06477079796659418,0.2774409529348089,0.05046049076117819,GREEN,10.056219045974728,9.75,9.75
2167.0,384.8320423882018,0.9270729872849336,36.26127378769124,36.34472956250569,128.18093354079085,128.1323618912634,0.10096944736604557,0.06502614507108148,0.27791882327495593,0.050660852655147214,GREEN,10.079368629024373,9.75,9.75
2168.0,384.83288094823087,0.926889924583832,36.25832137504913,36.33759240999146,128.14127070160285,128.1074792022028,0.10127931772440892,0.0651351638898965,0.2787974271481379,0.05074743495874753,GREEN,10.104703069302957,9.75,9.75
2169.0,384.84230446364063,0.9266918251197617,36.26487499454595,36.330270968209454,128.10421851144085,128.08480397409966,0.10150562737766225,0.06517060505251353,0.27944369174294514,0.05077692130930778,GREEN,10.132454991734534,9.75,9.75
2170.0,384.844911964223,0.9264937353702595,36.23343532929897,36.322628056803204,128.0793466366261,128.05872603449177,0.10211654425264809,0.0652177346983374,0.2811506722199424,0.050815678076194755,GREEN,10.159937671113283,9.75,9.75
2171.0,384.8399258246459,0.9262917056696662,36.20990845729667,36.314472352618694,128.05782538203346,128.028313572343,0.10299108097336164,0.06532777181812445,0.28358558970233716,0.0509035958608729,GREEN,10.187663952560428,9.75,9.75
2172.0,384.84660104220603,0.9261072329684558,36.21049720070468,36.30755513963792,128.03860576347375,128.00614690967927,0.10373552146148873,0.06546125448488463,0.28565906047787903,0.05100992597770589,GREEN,10.213426756083578,9.75,9.75
2173.0,384.8439849989265,0.925941667591536,36.20462516295519,36.300940853917005,128.01961806427295,127.98195756254668,0.10447292820129957,0.06564059088504372,0.2877171191723088,0.05115219831573718,GREEN,10.236206758149876,9.75,9.75
2174.0,384.85105837417643,0.9257896387707769,36.22080921285057,36.295314209519944,128.0009631605734,127.96447228893973,0.10491367803284456,0.06580941656533283,0.288955719205293,0.051286497273141475,GREEN,10.257502693244533,9.75,9.75
2175.0,384.85849188965733,0.9256540081402561,36.220542922826056,36.29034732447997,127.98260114883786,127.94943213923305,0.10528449668452919,0.06594394898456758,0.29000323172292536,0.05139426344224662,GREEN,10.276547561646751,9.75,9.75
2176.0,384.86959807842334,0.925537924607697,36.210888963151426,36.28631982057273,127.97239382399013,127.93892424294908,0.10571268562452647,0.06605451510590221,0.2912104588474016,0.05148348010693157,GREEN,10.293038858052867,9.75,9.75
2177.0,384.8834319579078,0.9254417198561958,36.202154333213734,36.28320012041695,127.97420273114417,127.93252303444828,0.10618578315215813,0.06621286091884425,0.29254365848661606,0.05160996181615658,GREEN,10.306893116282055,9.75,9.75
2178.0,384.89689320481943,0.9253652162479438,36.18709114641999,36.28083513455492,127.97744960216924,127.92865835865922,0.10685404991355302,0.06642889845608467,0.2944157904800519,0.05178142003397528,GREEN,10.31801021331114,9.75,9.75
2179.0,384.9152130274109,0.9253092756038733,36.18708664516718,36.2795052288116,127.98067907525206,127.9300577807871,0.10751541767379962,0.06663961754653569,0.2962679124546106,0.051948724743832324,GREEN,10.32648103678575,9.75,9.75
2180.0,384.9384869254817,0.925265201998118,36.22545731903907,36.27887394317723,127.97717586390326,127.93556687559652,0.10773406396970642,0.06672646536300843,0.29689355448695487,0.05201950737494603,GREEN,10.333511653800883,9.75,9.75
2181.0,384.95783344162203,0.9252324417003203,36.23288244246169,36.278501060502165,127.97405045924576,127.94068173610236,0.10789427006535107,0.06669167633963458,0.29735752278230637,0.051995481241167665,GREEN,10.338820764893939,9.75,9.75
2182.0,384.9690809792407,0.9252145960394975,36.237082725145655,36.278331300471024,127.96955396904579,127.94382115612376,0.10799858653829462,0.06658676399538424,0.29766480122715094,0.051916785383340554,GREEN,10.341741678492184,9.75,9.75
2183.0,384.9853439474577,0.925199620339526,36.223809246701435,36.27851035865151,127.9639981197369,127.94985764227555,0.10794421647697872,0.06647326571780088,0.29753078530070104,0.05183134519876355,GREEN,10.344468068019339,9.75,9.75
2184.0,384.98962234184006,0.9252023529086341,36.211655812949246,36.27881909095954,127.95847163943155,127.95236843950548,0.10760415827182043,0.06635243951540766,0.2966063326133274,0.05174014465702363,GREEN,10.344262602613213,9.75,9.75
2185.0,384.9826640895109,0.9252186261972882,36.22944911187673,36.279129338787314,127.9519826858059,127.9511500434808,0.1071022194850858,0.06625096306164921,0.2952331537444616,0.05166398450198919,GREEN,10.341731682613243,9.75,9.75
2186.0,384.9689134390097,0.9252373114743172,36.233526684270885,36.27921409460688,127.948428078701,127.94687884820391,0.10632411713864431,0.06618641584038616,0.29309605706071273,0.05161656141648676,GREEN,10.33859371269753,9.75,9.75
2187.0,384.9503971452625,0.9252652935926131,36.23825340893186,36.279438774923115,127.94865345387981,127.94151718762726,0.1055432715294069,0.0661637656063815,0.29095102409102624,0.05160172516131595,GREEN,10.333978579491486,9.75,9.75
2188.0,384.94254382346156,0.925300589392575,36.24457045690287,36.280452633095166,127.94697096113208,127.94248242569599,0.10509569890867722,0.066165680637076,0.2897272986578859,0.05160598745232858,GREEN,10.328781953034635,9.75,9.75
2189.0,384.93126005894317,0.9253532007155231,36.2342905673339,36.28198371395878,127.94417563853533,127.94413124227977,0.10492470426503567,0.06613013392862307,0.2892697963839482,0.0515809843643079,GREEN,10.321053492962776,9.75,9.75
2190.0,384.9257254706598,0.9254112757888915,36.21519528102956,36.28399991690448,127.9457733761698,127.94940144544256,0.10516953742356254,0.06603139838338022,0.2899649858379544,0.05150665607606542,GREEN,10.312801310157823,9.75,9.75
2191.0,384.9259815116982,0.9254787157055008,36.25179000606338,36.28665620413404,127.95230574484405,127.95885350834311,0.10510873389326574,0.06584484994632549,0.2898124506393332,0.05136377571512683,GREEN,10.303487199080848,9.75,9.75
2192.0,384.91938082503833,0.9255492615081757,36.25482748215358,36.28911105536091,127.95377052389217,127.96531575374486,0.10497262212629294,0.06552756054073275,0.2894509699406959,0.05111890104704888,GREEN,10.293468597966822,9.75,9.75
2193.0,384.9101859144203,0.9256225329409823,36.26944269199098,36.291550423609394,127.95352822961358,127.9708606058897,0.10495276283462103,0.06514338995941238,0.2894120334557999,0.050821895211458926,GREEN,10.28296971011136,9.75,9.75
2194.0,384.91123769413394,0.9256960194820729,36.28805020617206,36.29448125127041,127.9565422235948,127.98154497053727,0.10495582848005167,0.06470416458848129,0.28943807991441955,0.050481953636951085,GREEN,10.272852020543013,9.75,9.75
2195.0,384.9274176231331,0.9257717778442051,36.287622484853394,36.29821445048735,127.96313907638543,128.00008929112815,0.10496403776637332,0.06429068820772696,0.2894781427953211,0.05016209990041169,GREEN,10.26302517666764,9.75,9.75
2196.0,384.9548626082081,0.9258553300652044,36.28297233264088,36.30278452506399,127.96713118587358,128.02533240100416,0.10492566221750879,0.06406951391938948,0.2893871848372846,0.049992313562249,GREEN,10.252569387375502,9.75,9.75
2197.0,384.98467009283075,0.9259433149046558,36.25701284039545,36.30763999925252,127.97199542707352,128.0523701774899,0.10493257435951331,0.06424507477107354,0.28942222382546046,0.05013213709517544,GREEN,10.241592440162833,9.75,9.75
2198.0,384.9946813699572,0.926030593356256,36.26515489063011,36.31153443931502,127.97709430107291,128.06943564218784,0.104607036330833,0.06489182628694387,0.28853544983087687,0.05063971309927331,GREEN,10.229921377994174,9.75,9.75
2199.0,385.0012630715759,0.9261174846129456,36.25040633117804,36.315252032309594,127.98611234089424,128.08473709836386,0.10398603030097724,0.0656948141341097,0.2868316685013197,0.05126921560746134,GREEN,10.21816639545645,9.75,9.75
2200.0,384.99764731996686,0.9262085239900332,36.24509700118107,36.31865135603475,127.9876296329975,128.0955235675866,0.10271987971836535,0.06660496695701777,0.28334424542580816,0.051982315852638177,GREEN,10.205431616631728,9.75,9.75
2201.0,384.9971865718917,0.9262912463093943,36.22806845487681,36.321873343932474,127.98418260582925,128.1067341743556,0.1016387429470402,0.06771718145649795,0.28036889313208924,0.05285311429994668,GREEN,10.193972741281328,9.75,9.75
2202.0,384.99761600065364,0.9263726099770763,36.22463379437626,36.325084047073474,127.98246228452805,128.1182011828244,0.1007354182431402,0.06917692667174441,0.2778847243724649,0.05399517701054871,GREEN,10.182737125352475,9.75,9.75
2203.0,384.99128595077667,0.9264464920398515,36.23490979649962,36.32768247363815,127.98245446343473,128.1252591636164,0.09971940217382393,0.07078967431776434,0.2750882484293501,0.05525668219074433,GREEN,10.172268286144885,9.75,9.75
2204.0,384.96970478410196,0.9265154987774464,36.252290310083694,36.329370068715654,127.97880759935153,128.12402864154782,0.09804298409887464,0.07240671878415644,0.2704655163577474,0.05652159166337333,GREEN,10.161870310611931,9.75,9.75
2205.0,384.95894402504075,0.9265738514098913,36.26653984428045,36.33115034049973,127.97422124638553,128.12672565984724,0.09664952298308138,0.07412670127634587,0.26662360376287597,0.05786689758257362,GREEN,10.153375235388836,9.75,9.75
2206.0,384.9504282254663,0.9266297767882126,36.30089806047222,36.33294131307039,127.97626702093713,128.13020729546733,0.09518107916133772,0.07569421404579509,0.26257162691739416,0.05909315844015857,GREEN,10.145305217824529,9.75,9.75
2207.0,384.9463651468068,0.9266788797644337,36.3174919289762,36.334674875207284,127.98165336001945,128.13496834752186,0.09353854240416264,0.07688808299525436,0.25803695760465734,0.06002764182199163,GREEN,10.13835496388711,9.75,9.75
2208.0,384.93554827286613,0.9267140159679266,36.31538350123699,36.3355420309159,127.98814135596014,128.13442575077056,0.09142100357069195,0.07730119529371482,0.25219032212285936,0.060352461465317836,GREEN,10.133069445077695,9.75,9.75
2209.0,384.9325528024392,0.9267361027314382,36.315680072416804,36.336266650503866,127.99137833090798,128.13598393528662,0.08988892230819596,0.07758387833044265,0.2479615678153057,0.06057547292232738,GREEN,10.129897320037202,9.75,9.75
2210.0,384.933977237814,0.9267485498682233,36.32792046218929,36.33682192021718,128.00123274887164,128.1384162068837,0.08839837112106597,0.07787175105960951,0.2438464364387697,0.060802557540715126,GREEN,10.128232524429734,9.75,9.75
2211.0,384.9202660394116,0.9267570181956469,36.3352876319819,36.33650679089955,128.0104423256721,128.13274073179872,0.08640320179802626,0.07787137116240371,0.23833648428668713,0.06080454409503053,GREEN,10.126520559005655,9.75,9.75
2212.0,384.91688180057497,0.9267499071321074,36.32969283048536,36.3360682433039,128.02303811665,128.130067753587,0.08398099027745133,0.07748124557673114,0.23164795090181348,0.0605021162713302,GREEN,10.127370167388335,9.75,9.75
2213.0,384.90911611858616,0.9267367397295191,36.33737217239083,36.335185438991495,128.03284145808593,128.12436980875492,0.08104480859795128,0.07679119389564609,0.2235398113170376,0.05996539773863159,GREEN,10.128884126283623,9.75,9.75
2214.0,384.91000367966603,0.9267152719227484,36.33662511787527,36.33438562799084,128.03813969015778,128.12184496715528,0.07727872531450126,0.0760919758537496,0.21314135429733072,0.05942147111757879,GREEN,10.13188716496785,9.75,9.75
2215.0,384.8967881160228,0.9266816109457473,36.32672849975341,36.332442119997694,128.03652583149412,128.11059307288696,0.07273678479474985,0.07554889511310231,0.20060360739328426,0.05899953566815881,GREEN,10.136018880641103,9.75,9.75
2216.0,384.8714605099921,0.9266346881960713,36.282700109146745,36.329407055484154,128.02769549791245,128.09146179683418,0.06943561624546198,0.07516255281223316,0.1914950534407265,0.05870013454474494,GREEN,10.141504687721437,9.75,9.75
2217.0,384.85507160303337,0.9265785088511953,36.26825855559693,36.32643103679108,128.01534583195274,128.075514801557,0.06742607982211177,0.07511042703748784,0.18595267309490637,0.05866189225200773,GREEN,10.148622255484753,9.75,9.75
2218.0,384.8511351408948,0.9265143538462562,36.274933606618575,36.32373007657809,128.0024688008438,128.064682155794,0.06592165385459743,0.07539167728070544,0.18180411458216542,0.058884166218983125,GREEN,10.157334183355744,9.75,9.75
2219.0,384.8346213995305,0.9264481671088778,36.30991662739148,36.32035597658672,127.98955186619753,128.04729159571596,0.0637869743186916,0.07573858632006537,0.1759133276422533,0.05915779862466936,GREEN,10.165828297766012,9.75,9.75
2220.0,384.8246603440292,0.9263757602725943,36.33066571490068,36.317047324026866,127.97723795380735,128.03231287946664,0.0620452510662058,0.07607016522194783,0.17110549247230727,0.059419467729883726,GREEN,10.175440788215695,9.75,9.75
2221.0,384.8280731632061,0.9263049813202947,36.326604152644386,36.314433577190314,127.9645128753685,128.02423373579495,0.06071110755655745,0.07645578504591044,0.16742299809311184,0.05972337450991559,GREEN,10.185358480062035,9.75,9.75
2222.0,384.82286711686106,0.926244157024273,36.33750623811389,36.31180342964238,127.95150974908158,128.01322950027233,0.059575210487928465,0.07681693413126078,0.1642864728781558,0.06000818647911608,GREEN,10.193558126370277,9.75,9.75
2223.0,384.8236850037576,0.9261843874527423,36.33497315809202,36.30949885206173,127.94199403234272,128.00537702485528,0.05873387697148764,0.0771027913169155,0.16196307298741783,0.06023418329250368,GREEN,10.201851210663506,9.75,9.75
2224.0,384.82828112784387,0.9261321466711616,36.30689746321615,36.307667657755964,127.93638997956074,128.00045008828195,0.05818052881211765,0.07727017152770554,0.1604368940787693,0.06036756682361516,GREEN,10.209254162196459,9.75,9.75
2225.0,384.8243223994636,0.9260907279179726,36.29267688025909,36.305857154995984,127.93560403948962,127.99275059719263,0.0573784212074647,0.07725260407327071,0.15822433644354045,0.060356315564387544,GREEN,10.214821014008564,9.75,9.75
2226.0,384.83236608412994,0.9260541886533484,36.29388372751962,36.304804113135035,127.93548273273615,127.99171345674925,0.05649262565961152,0.07719739559588477,0.15578023054290632,0.060315427408672614,GREEN,10.220191445784067,9.75,9.75
2227.0,384.8317380718555,0.9260197935325902,36.278323817247575,36.303426073130346,127.93588815267533,127.98664634667531,0.05555031685111305,0.07722083724914912,0.15318058340094978,0.06033566799269821,GREEN,10.224920231648582,9.75,9.75
2228.0,384.83561340444845,0.9260000743480018,36.28236778369741,36.302835794653824,127.93590076219313,127.98585416768161,0.05466341016122012,0.07736676069387156,0.15073326305942142,0.06045130040716732,GREEN,10.227800143087919,9.75,9.75
2229.0,384.8469160348717,0.9259923013060644,36.26564066787997,36.30306416006799,127.93652022470657,127.99041824224427,0.05422317908781812,0.07763858701810691,0.14951928204245757,0.060665019503668295,GREEN,10.229325120330557,9.75,9.75
2230.0,384.8511036975882,0.9259973098595994,36.23271528230031,36.30345803201578,127.93650729596045,127.9931996073707,0.05376776962410305,0.07793734883339988,0.14826354903619157,0.060899598014009744,GREEN,10.228799792149303,9.75,9.75
2231.0,384.8390931284979,0.9260047539940311,36.23083846447869,36.30318338262349,127.93774015564968,127.98823686366723,0.05287698963908276,0.07811666394994807,0.14580583854063514,0.0610406679698881,GREEN,10.227292064915588,9.75,9.75
2232.0,384.82472816359626,0.9260064276752622,36.23241108968107,36.30257144219193,127.93824022677944,127.98130208299936,0.05216333219672922,0.07820203934591483,0.14383651275992773,0.06110817938482281,GREEN,10.22648812024606,9.75,9.75
2233.0,384.80969524434846,0.9260175050580051,36.21778293874181,36.30229662973334,127.93461331446487,127.97533379185312,0.05182127059929784,0.0782275933159195,0.14289243925963538,0.06112882435429545,GREEN,10.224357998894234,9.75,9.75
2234.0,384.7889628084291,0.9260266506295748,36.23952383638841,36.301677205622354,127.92931556123543,127.96625533166674,0.0515491176726894,0.0782311046714569,0.1421407798210776,0.061132138642399955,GREEN,10.222267908638159,9.75,9.75
2235.0,384.775540258891,0.9260353229629199,36.25451551464311,36.30138400941928,127.92374295244088,127.96075799583897,0.051114690204527635,0.07825985289689154,0.14094069545309468,0.06115507216056455,GREEN,10.220534685760782,9.75,9.75
2236.0,384.76422565965436,0.9260438218218421,36.274964961936476,36.301183429156964,127.91782509824142,127.95628820279168,0.05029252546425576,0.07829809193962596,0.13866962252367562,0.06118538837223065,GREEN,10.218909544392943,9.75,9.75
2237.0,384.75808996760213,0.926057727531574,36.2873051465299,36.301439090729005,127.91101085097944,127.95514888619432,0.049225947732471895,0.07832054233715188,0.1357234783386993,0.06120343575949115,GREEN,10.216743731408926,9.75,9.75
2238.0,384.73558211150106,0.9260708741172319,36.279828719055324,36.300892612069944,127.90532523536723,127.94573756082528,0.04779250082162339,0.07824097516911124,0.1317656304002863,0.06114183249084848,GREEN,10.214030915629962,9.75,9.75
2239.0,384.72540626687373,0.9260819237440663,36.29017622971773,36.300845675695065,127.89924792663268,127.94218810585063,0.04629975352017083,0.0781643946289667,0.12764402628358812,0.061082636044603615,GREEN,10.21209913970084,9.75,9.75
2240.0,384.7205204842371,0.9260877150141976,36.31148822958186,36.3008421820015,127.892570787925,127.940551003204,0.045803935994715606,0.07822522487589716,0.12627211290572635,0.061130846292750986,GREEN,10.211104535432042,9.75,9.75
2241.0,384.717159548356,0.926087408311418,36.31126971421791,36.300671596653416,127.88935296667509,127.93883209425697,0.0454443423212153,0.07836728279870407,0.12527627447647918,0.0612425362186495,GREEN,10.211013099658757,9.75,9.75
2242.0,384.71885293188006,0.9260845216970224,36.2994304986026,36.30063833823189,127.88314381665316,127.93927801678936,0.0451315316326744,0.078631496187297,0.12441038642600466,0.06144970553528423,GREEN,10.211479305387286,9.75,9.75
2243.0,384.72049807324424,0.9260784764603364,36.30929596600895,36.30047899130957,127.88069405868971,127.93926350248923,0.04459014021151248,0.07897311337868135,0.12291314966148541,0.06171734550300466,GREEN,10.212379964595343,9.75,9.75
2244.0,384.7277441203699,0.9260652618727051,36.28948257642876,36.30030285068242,127.88047091810897,127.94105237343848,0.04376128590942328,0.07935553140601138,0.12062409190001283,0.06201683456522912,GREEN,10.214494153286722,9.75,9.75
2245.0,384.7430435961392,0.9260542288994146,36.280464572166096,36.300592137123154,127.88269083169746,127.94715984345214,0.04336665435408313,0.07979072440528527,0.11953352366253522,0.062357503361008225,GREEN,10.216627816708097,9.75,9.75
2246.0,384.7556567327925,0.9260455718318189,36.28782299520608,36.30084780262344,127.88918952178629,127.9522555331666,0.04299657132397126,0.0802047903539745,0.11851049058157694,0.0626815850085099,GREEN,10.218326374658005,9.75,9.75
2247.0,384.7544199661821,0.9260360473921098,36.291945835881386,36.3004161034644,127.90190406569128,127.95032260403113,0.04268056150015977,0.08044272624072771,0.117636578221726,0.06286791929552607,GREEN,10.219593096727067,9.75,9.75
2248.0,384.7636917229003,0.9260323822245047,36.28394127846,36.30070980641296,127.91380026785275,127.95444119041868,0.04248361895278962,0.080611565541086,0.1170916455743193,0.06300014345632568,GREEN,10.220468938585626,9.75,9.75
2249.0,384.7713974120793,0.9260273778343556,36.2787125106583,36.300877127653855,127.93082934182748,127.95759353645379,0.04213235232991523,0.08068558215712558,0.1161211290770235,0.06305809908756123,GREEN,10.221467471116554,9.75,9.75
2250.0,384.7776241141379,0.9260352383074015,36.2933808148187,36.30147899065364,127.94481617011655,127.96178580810418,0.04119862645467287,0.08071395953291258,0.1135436059354657,0.06308028468639762,GREEN,10.220629411851732,9.75,9.75
2251.0,384.7884108600523,0.9260586309863679,36.29199284328295,36.30290484827435,127.95953466966597,127.97039930480364,0.040976218588780304,0.08072171980521248,0.11292856342446699,0.06308629016058027,GREEN,10.217826605362745,9.75,9.75
2252.0,384.80292878084,0.9260977557137895,36.31437869884715,36.30512346690148,127.97454223043982,127.98304866771116,0.040754002935629106,0.0807154291365013,0.11231307521661978,0.06308120315312396,GREEN,10.212998000243772,9.75,9.75
2253.0,384.82351099233284,0.9261450337390824,36.325599964061745,36.30794784705078,127.98661289086651,127.99985123773799,0.040717762453727956,0.08070250642554277,0.11221030652971979,0.06307083192032922,GREEN,10.207283254977611,9.75,9.75
2254.0,384.8368354454574,0.9262142306046461,36.332826878908676,36.311289212992065,128.00139922642938,128.0160632543627,0.04080414265454992,0.08066014804540986,0.11244604115364884,0.06303735957506239,GREEN,10.1982494007041,9.75,9.75
2255.0,384.8400540845952,0.9262940899021328,36.36951720441423,36.3145718758912,128.01184150330488,128.02870711569756,0.04139353469180195,0.0805484015436571,0.1140659681935495,0.06294962834012427,GREEN,10.187339506411803,9.75,9.75
2256.0,384.83992882796605,0.9263922639352812,36.371785989284994,36.318414794944744,128.01542484095668,128.04221383019998,0.04188504989324535,0.08027172270651466,0.11541570277717611,0.06273300560071124,GREEN,10.173765312675442,9.75,9.75
2257.0,384.85547538479943,0.926487559680807,36.37361180995824,36.32288443694426,128.00916605093434,128.06314497239683,0.041887070684667425,0.07990271078359945,0.11541509080411992,0.06244431744940985,GREEN,10.161209617444712,9.75,9.75
2258.0,384.86281614484733,0.9265831718436802,36.413024984212306,36.32697935226926,128.0029524317162,128.0800253254699,0.04291937978598195,0.0796324786238543,0.11825147185067685,0.06223292023335467,GREEN,10.148284034628972,9.75,9.75
2259.0,384.8563537627515,0.9266749578546838,36.38487476291198,36.330272829418675,127.99156859097398,128.089486481867,0.04268114256881401,0.07961793869031769,0.11758781988725957,0.06222151303059437,GREEN,10.135341324425468,9.75,9.75
2260.0,384.83706857755146,0.9267604363356742,36.35403933970486,36.33271365959643,127.9841650482728,128.0916730998313,0.04170238549789693,0.07960923833602225,0.11488556803767927,0.06221474176864778,GREEN,10.122765149490249,9.75,9.75
2261.0,384.8323824418686,0.9268388134676927,36.328459896418735,36.335565126555544,127.97850848243573,128.10016611453864,0.03991584156227205,0.07958638306970935,0.10995876394341142,0.06219692631000919,GREEN,10.111747600276772,9.75,9.75
2262.0,384.83102396505274,0.9269040218093269,36.32136372250585,36.3380574009264,127.97072362153186,128.10850033748278,0.03781201089815659,0.07964472331910676,0.10415857900385461,0.06224261450479934,GREEN,10.102681535925825,9.75,9.75
2263.0,384.8347031377507,0.9269564513310794,36.297191483381134,36.34028654581989,127.9708104516291,128.11758396178416,0.036294008888724784,0.07976488346424634,0.09997416722378073,0.062336614597500735,GREEN,10.095579966048149,9.75,9.75
2264.0,384.84411096617185,0.9269914778987369,36.31477808273332,36.34210393197635,127.96829205958143,128.12712332397828,0.03508102946963915,0.08019605325879113,0.09663016578299129,0.06267366156944423,GREEN,10.091108859138615,9.75,9.75
2265.0,384.86181374076153,0.9270195599383007,36.267824031248445,36.344040751778756,127.97081045162909,128.13984588761738,0.035467165563300776,0.08074649631115711,0.09769371422558318,0.063103863910198,GREEN,10.087923433826035,9.75,9.75
2266.0,384.8737372555185,0.9270295270847372,36.26568220216731,36.34499451061601,127.98067604258316,128.14717864042203,0.03668307107737544,0.08116088004249361,0.1010445392021391,0.06342767081917379,GREEN,10.087014442306412,9.75,9.75
2267.0,384.88595589881226,0.927043349526746,36.28079986435024,36.346113360385225,127.99400669710442,128.15519197503156,0.03757425123299156,0.08141462966239586,0.10350106318229779,0.06362587515621593,GREEN,10.085583971912655,9.75,9.75
2268.0,384.9122390886446,0.9270391597724863,36.26048770526774,36.34719007434991,128.00958679383177,128.1677401863379,0.039119559436178654,0.0817836461627112,0.10776044512049852,0.06391408457154216,GREEN,10.087196334135314,9.75,9.75
2269.0,384.9353014061805,0.927035677793872,36.31132152977589,36.34814241828421,128.0268482660079,128.17877782031462,0.039317588613335744,0.08200464371344865,0.10830616165627117,0.06408649852580438,GREEN,10.088584365087058,9.75,9.75
2270.0,384.9663811986617,0.9270328841617672,36.32112459345004,36.349500228719336,128.04257393083947,128.19391560857957,0.03947115131839212,0.08241871730208118,0.1087295122699922,0.06440974955043167,GREEN,10.090192537696026,9.75,9.75
2271.0,384.988393090521,0.9270307178131755,36.32476385635129,36.35045447691946,128.05494147358388,128.20461111794603,0.03960993747800243,0.08316798262208075,0.10911234782158989,0.0649949193436722,GREEN,10.091357564057375,9.75,9.75
2272.0,384.9954531635046,0.9270392069575298,36.306855826627604,36.35112065693647,128.07263119052254,128.20931178292807,0.040011572937160275,0.08388891873216063,0.11021987701776749,0.06555790000134273,GREEN,10.090461107693272,9.75,9.75
2273.0,384.99443216204196,0.9270535484350115,36.32047518543021,36.351634813810705,128.08492291654602,128.21078518504905,0.04021229056979811,0.0846271147268617,0.11077365321303892,0.06613434019897435,GREEN,10.088437552931651,9.75,9.75
2274.0,384.99087759464186,0.9270772131218722,36.30351011702076,36.35239493587051,128.09785852604776,128.2122823394072,0.04070348244135524,0.08522432638690416,0.11212845469710347,0.06660053073144787,GREEN,10.08502507435253,9.75,9.75
2275.0,384.97978673925485,0.9270945897078555,36.314426166604115,36.35255266833697,128.10796864587863,128.20914508229913,0.04099337215723868,0.08568759765618562,0.11292767006585906,0.06696194174458393,GREEN,10.08218625067758,9.75,9.75
2276.0,384.9684861552808,0.9271228355072746,36.29788682463992,36.35312666062841,128.11278117209415,128.20740598036744,0.04116983003227454,0.0861616288328591,0.11341298167667675,0.06733163481433757,GREEN,10.077836352401619,9.75,9.75
2277.0,384.9423485347229,0.9271538291415508,36.301529821534984,36.353107773716644,128.10901938582344,128.19863467248115,0.04102307112592306,0.08658715952605082,0.113006969917476,0.06766334337173069,GREEN,10.0725244847645,9.75,9.75
2278.0,384.92126513002404,0.927201483259393,36.2891137294509,36.353980661194555,128.10123053456587,128.19469125056204,0.04139246413488801,0.08705406132472532,0.11402380094813098,0.06802732771888048,GREEN,10.065108334657538,9.75,9.75
2279.0,384.9091426249787,0.9272530551235993,36.26546455636357,36.35543021279291,128.09264297410522,128.1957653341575,0.04296995162409459,0.08775011114576371,0.11837172078321365,0.06857032664549992,GREEN,10.05750288189543,9.75,9.75
2280.0,384.8943146507307,0.9273032697239222,36.2749715603639,36.356698699763804,128.08309661144972,128.19529954912392,0.04421139922748444,0.08865299131557601,0.12179472005961076,0.06927490671960605,GREEN,10.049979783591425,9.75,9.75
2281.0,384.8763910370981,0.9273504755838551,36.30611736541288,36.35770292032873,128.06419638080277,128.19287055910584,0.04468254988773829,0.0898657920775819,0.12309381608532748,0.0702216975534258,GREEN,10.042752254799836,9.75,9.75
2282.0,384.86847497505556,0.9273955275853558,36.335544305693574,36.35909530997329,128.04513382256596,128.19514321010402,0.04466277930362774,0.0915828517251244,0.1230394618849448,0.07156254624016653,GREEN,10.03621482100877,9.75,9.75
2283.0,384.864104223046,0.927444334961161,36.336601742050995,36.3608023651174,128.0333124794405,128.19970604241044,0.044650972590480585,0.09371184004385937,0.12300684412860571,0.07322526003276328,GREEN,10.029297262439286,9.75,9.75
2284.0,384.8611986431324,0.9274910051320768,36.354666701816015,36.36249482425131,128.02664220414124,128.2047053536207,0.044662297205022135,0.09613508946074513,0.12303534325353034,0.07511787391673955,GREEN,10.022732588339778,9.75,9.75
2285.0,384.85159957164893,0.9275435040435982,36.369269993563584,36.36409955724376,128.0139099430657,128.20716544765165,0.044634863292307904,0.09904538408670667,0.1229554446334075,0.07739112580288995,GREEN,10.015101096975457,9.75,9.75
2286.0,384.8450238059338,0.927597697453282,36.36839286307178,36.36591350862429,128.00135836520718,128.21137008859282,0.04461374109021194,0.10243227975670566,0.12289305543844259,0.08003685901011934,GREEN,10.007353869645698,9.75,9.75
2287.0,384.8526144097985,0.9276518450657184,36.3299104251385,36.36839498947266,128.00278260226136,128.22264776454475,0.044772404463287806,0.10609010411729577,0.12332718891358281,0.08289422783707544,GREEN,10.000165510257688,9.75,9.75
2288.0,384.8592929658978,0.9276997198430266,36.34283285701372,36.37058748517839,128.00263192650436,128.23260301338334,0.044837757897688076,0.10997711652714551,0.12350377896026055,0.08593062479676036,GREEN,9.993808260170994,9.75,9.75
2289.0,384.85331027300117,0.9277373665683659,36.32637172431719,36.37178072434424,128.00828801349894,128.23481658410105,0.04496052555917084,0.11358610291918508,0.12383848484422937,0.08874967702063569,GREEN,9.988371577902655,9.75,9.75
2290.0,384.8427761213416,0.9277692261869606,36.294982391260774,36.37253197292247,128.01420858113894,128.23395513884398,0.04514722813418505,0.1168462449854679,0.12434918068159741,0.09129604157541155,GREEN,9.9835579229686,9.75,9.75
2291.0,384.8477783440947,0.9277918194957862,36.294476358373245,36.37365411930073,128.0244336231573,128.239578194403,0.04533792803972579,0.11992497425808399,0.1248707782985366,0.09370050217843222,GREEN,9.98062972260098,9.75,9.75
2292.0,384.8610806542234,0.9278006430988279,36.297355114151095,36.37462867505322,128.0244010618709,128.24744684019663,0.04553028136785596,0.12320816144611772,0.12539682402334923,0.09626466165425954,GREEN,9.979927536106658,9.75,9.75
2293.0,384.8678320968751,0.927795177960612,36.322409956881835,36.37473346159847,128.01738091235634,128.25006608323594,0.04471680826173156,0.12670828006912138,0.12315048976413513,0.09899829770552658,GREEN,9.980945598828015,9.75,9.75
2294.0,384.8753579717129,0.9277726151832844,36.30458786016644,36.37420450856203,128.00803406738746,128.25070892189413,0.044899705435873294,0.13043681948583458,0.12365049745871147,0.10191039382424051,GREEN,9.984357324976884,9.75,9.75
2295.0,384.883522249066,0.9277385725625534,36.300007835426776,36.37325561820545,128.0080391750402,128.25008374150354,0.0454839888995932,0.13404236217029006,0.1252569558699162,0.10472625771709608,GREEN,9.989381054336008,9.75,9.75
2296.0,384.90202437388245,0.9276806681880165,36.310694679170744,36.371859600949136,128.00767717014955,128.2513264647955,0.04604007935228176,0.13759401996097692,0.12678627704828205,0.10749988263498422,GREEN,9.998106624395831,9.75,9.75
2297.0,384.914283443722,0.9276044282608874,36.31461961817397,36.3694496056481,128.0028170789175,128.24691306063713,0.046545299360525094,0.1410414561916897,0.12817595716625252,0.1101919890210507,GREEN,10.009124915679962,9.75,9.75
2298.0,384.9133276491029,0.9275189511676928,36.30637992144358,36.36605307473412,128.0066396781791,128.2346176988658,0.04710008690514961,0.1439850897227229,0.12970214472801156,0.1124902886473199,GREEN,10.020905314896709,9.75,9.75
2299.0,384.9179464610842,0.9274269084145431,36.34167797876297,36.362662440403604,128.00388186490753,128.22420020694642,0.047157820443916976,0.14666280354354402,0.12985805932215216,0.11458072749928203,GREEN,10.03381133398301,9.75,9.75
2300.0,384.9307871963767,0.9273343896475782,36.353507168860645,36.359641411421194,127.99799625276628,128.2178244349411,0.047144439817782546,0.14925487179179958,0.12981870972164264,0.11660418744046223,GREEN,10.047105525942413,9.75,9.75
2301.0,384.936145400269,0.9272440899654293,36.31826824163506,36.356353907931805,127.99373966263268,128.20801607619106,0.04738039155341715,0.15166230044391224,0.13046801628032548,0.11848336161180517,GREEN,10.059800848876733,9.75,9.75
2302.0,384.9307975167789,0.9271596953526328,36.27974437171564,36.352792350203,128.00002095825013,128.1936754959981,0.04830952951365256,0.15353817300169012,0.13302771930300558,0.11994702692797339,GREEN,10.071260025429353,9.75,9.75
2303.0,384.91925864240324,0.9270784774034663,36.241544950053125,36.349063073297806,128.00428393294965,128.1766822548893,0.05025120998427747,0.1549585447672183,0.13837873782231871,0.12105470117253594,GREEN,10.08203626685085,9.75,9.75
2304.0,384.91886863242604,0.9270031131752231,36.2345247347815,36.346089765401494,128.00655779612057,128.16606770134678,0.05225589663941481,0.15612507448185411,0.14390275218564855,0.12196400011965784,GREEN,10.092440689574573,9.75,9.75
2305.0,384.91925270368483,0.9269253036515159,36.228643745676976,36.34305712836287,128.0092140947932,128.15550168236686,0.0542411324982989,0.1570427827970966,0.14937326503224038,0.12267888760327342,GREEN,10.103213639690836,9.75,9.75
2306.0,384.9072442099898,0.926861209709574,36.2368331613674,36.33997725102619,128.01171780233918,128.14064341318698,0.05582638039869121,0.15771232403020066,0.15374243668341003,0.12319995531999368,GREEN,10.111601983229008,9.75,9.75
2307.0,384.9019209872639,0.9268051094690344,36.26377172725078,36.33752642232515,128.01766933512414,128.13022934360708,0.05662200610448025,0.15825696560315725,0.15593555770895276,0.1236235490942985,GREEN,10.11914804384898,9.75,9.75
2308.0,384.89262816520255,0.9267648148301053,36.24545679450271,36.33550793991044,128.01819685988764,128.12001862502066,0.05776260609559378,0.1587152595574293,0.15907955094914428,0.12397986356545722,GREEN,10.124352087852856,9.75,9.75
2309.0,384.8874316100131,0.9267387339914834,36.24691596767391,36.33424011055065,128.022261913042,128.11381849529187,0.058782842658364524,0.1591172682134265,0.1618916687667896,0.12429241166483455,GREEN,10.12775250660519,9.75,9.75
2310.0,384.88112923266607,0.9267248837935661,36.26247649175315,36.333399615822614,128.035567667756,128.10875716347905,0.0594824714426866,0.15938250825676023,0.16382081458044292,0.12449812958783496,GREEN,10.12941837688561,9.75,9.75
2311.0,384.867373284066,0.9267221331831178,36.28649364225813,36.33264247897885,128.04871524484798,128.10150894708363,0.059763493290015644,0.15952200323633758,0.16459519298714428,0.12460564631177944,GREEN,10.129255550877446,9.75,9.75
2312.0,384.86140169551265,0.9267384619835878,36.28832734012381,36.33300078437543,128.06119020791485,128.10078462096456,0.06002923803121265,0.1596001007237436,0.16532906006458564,0.1246652434594124,GREEN,10.126762713995646,9.75,9.75
2313.0,384.8714895827567,0.9267740006477413,36.27362144027228,36.33487027685311,128.07874473166905,128.11073388631016,0.0605048741650918,0.1596443746398282,0.166643005629422,0.12469833060565261,GREEN,10.122248261193931,9.75,9.75
2314.0,384.8711269479721,0.9268298705142475,36.28528321445559,36.337043578090174,128.09784495884506,128.11827587036933,0.060809216962352086,0.1596549388357588,0.16748488420401839,0.1247050165553047,GREEN,10.114510907729937,9.75,9.75
2315.0,384.87205156547475,0.9268987190431706,36.300280263523305,36.33978648648813,128.1107532743273,128.12825471753177,0.06060904835925999,0.15965607939734358,0.16693887200633487,0.12470430168090682,GREEN,10.105030198211153,9.75,9.75
2316.0,384.87827242015527,0.9269637608493592,36.31023033402236,36.342630208501845,128.12322807778003,128.1403523798194,0.06036122818248603,0.1596339256490461,0.16626098526567998,0.12468524800014612,GREEN,10.096284036696886,9.75,9.75
2317.0,384.8723664274517,0.9270358776364075,36.30445190187118,36.345178762904034,128.13203383078283,128.1473718553927,0.06023482974970794,0.15949404085650504,0.16591809699493967,0.1245739956786103,GREEN,10.086082692364698,9.75,9.75
2318.0,384.88015895579196,0.9271098526814728,36.34490010851979,36.34844698211434,128.14470926922127,128.1614899202037,0.059203436335288843,0.1591981105111917,0.16308220272041482,0.12434056259968945,GREEN,10.076162877383553,9.75,9.75
2319.0,384.8770942485061,0.927187277785859,36.32987594963398,36.35133779632618,128.15083877178273,128.17066208185594,0.058847550523454015,0.1587160648078479,0.16210597033545276,0.12396149412934752,GREEN,10.065339589704877,9.75,9.75
2320.0,384.8757123613579,0.9272711603021592,36.319158517831106,36.354561232242624,128.15584618687458,128.1815673155682,0.05896052630252502,0.15814291790427562,0.16241978309817867,0.12351109084238489,GREEN,10.053689859689086,9.75,9.75
2321.0,384.8855459947714,0.9273650502109619,36.30657449832665,36.35870675314258,128.1612767390762,128.1994593280826,0.059336316508686426,0.1574382566622576,0.1634566225795972,0.12295781861101299,GREEN,10.041095779012636,9.75,9.75
2322.0,384.89249858549846,0.9274496321761345,36.323754808461636,36.36235133429336,128.16720241436892,128.21462602006915,0.05950615098685327,0.15655003750507612,0.16392429387830332,0.12226100089854867,GREEN,10.02967487984165,9.75,9.75
2323.0,384.8909278697469,0.9275316286785105,36.33453807108693,36.36549195388003,128.17297885043212,128.22517665005245,0.05938011434388608,0.15554511679747518,0.16357429025663517,0.12147299070207576,GREEN,10.018278004685016,9.75,9.75
2324.0,384.88876583361446,0.9276047682707561,36.30850405241705,36.36825737331526,128.1793048380113,128.23420722318684,0.05977508345053298,0.1543504617702019,0.16466278523100292,0.12053671406441505,GREEN,10.00808260704062,9.75,9.75
2325.0,384.88746202824456,0.9276781812586917,36.26046427829286,36.371074045793456,128.18180503404594,128.24370436432136,0.060664262993027414,0.15300884785905178,0.1671127781871122,0.11948572787022639,GREEN,9.997883025734296,9.75,9.75
2326.0,384.893738230362,0.9277533803392843,36.23722282663954,36.37431891029359,128.186197934663,128.2572370979574,0.06235838117300252,0.15176878791019258,0.17178183613416964,0.11851418586362646,GREEN,9.987731679254722,9.75,9.75
2327.0,384.894543519849,0.9278202137893115,36.22306459626409,36.376977296193864,128.19016769817023,128.26687903246548,0.06490214795962847,0.15066131078308573,0.17879402060290292,0.11764636851040823,GREEN,9.978523607137049,9.75,9.75
2328.0,384.88698730036856,0.9278769871106112,36.179803362358854,36.37884610494525,128.18748139203745,128.2709502825827,0.06890065809534077,0.14965985846469249,0.18981624565621938,0.11686166237658724,GREEN,9.970381342653155,9.75,9.75
2329.0,384.89329397468657,0.9279232270649588,36.163850359724464,36.380957075114885,128.18484775857405,128.28049545524232,0.07423134885784868,0.14888196032127898,0.20451575483227608,0.11625185144633662,GREEN,9.964233972424097,9.75,9.75
2330.0,384.9091930084664,0.9279414849010098,36.165348202749385,36.38242432032804,128.18303406299557,128.29096819018974,0.07926058849783883,0.14825067503715852,0.2183874996989096,0.11575680751860153,GREEN,9.962327171290383,9.75,9.75
2331.0,384.9197623171506,0.9279423703144637,36.177306855016106,36.38295854898857,128.18371705194042,128.29637479894998,0.08352315692768388,0.14770389999681624,0.23014778197635585,0.1153279429712485,GREEN,9.962615094433716,9.75,9.75
2332.0,384.9260539322551,0.9279256085218345,36.193118937747016,36.382598687061005,128.18133975880073,128.29720284362602,0.08684375479252088,0.14740698731409563,0.23931017841574279,0.11509448385835147,GREEN,9.965176883128976,9.75,9.75
2333.0,384.93371286522984,0.9278933214622621,36.21197749907375,36.38169469962009,128.17004833465094,128.2965677675524,0.08947469572531733,0.14741636333924266,0.24657239285079793,0.11510052956805078,GREEN,9.969938521522437,9.75,9.75
2334.0,384.9410116076373,0.9278457228562355,36.24395204614676,36.38017330770322,128.15867981686702,128.29363525867694,0.09096792265173725,0.14770551857330005,0.2506942523689761,0.11532538495531514,GREEN,9.976803563570371,9.75,9.75
2335.0,384.94338628711614,0.9277796207743748,36.275805519749156,36.377693697369814,128.1590204334616,128.28568236641053,0.09178211042997618,0.14803275465202836,0.2529425213655515,0.11558011621270675,GREEN,9.986035931665896,9.75,9.75
2336.0,384.93898720556734,0.9277088945582999,36.29092190316708,36.374712719543446,128.15414996730985,128.2737040574663,0.09214181181995161,0.1483330213362506,0.25393463558675733,0.11581393315422865,GREEN,9.995644021318611,9.75,9.75
2337.0,384.94408612926287,0.927629419680134,36.32091789387473,36.37183746340126,128.15075082438636,128.26526358913088,0.09213570847191625,0.14861826866231964,0.2539155541082957,0.11603601550554875,GREEN,10.006831784212693,9.75,9.75
2338.0,384.9447135192489,0.9275473315832629,36.3443187307982,36.36864847159702,128.14284290097342,128.25422664249567,0.09180809187201472,0.14882399107962524,0.2530062646057112,0.11619600727801821,GREEN,10.018206769149288,9.75,9.75
2339.0,384.9451034388625,0.927462466507832,36.354939436816146,36.36533937376869,128.14073232307726,128.24268699183799,0.09108035676832045,0.14881058164612374,0.2509904454000584,0.11618481066013546,GREEN,10.029956508992086,9.75,9.75
2340.0,384.93431176812817,0.9273807253598071,36.344556120733614,36.361624646980374,128.1352104715822,128.2259921472507,0.09049400464638688,0.1485668853864548,0.24936666335995428,0.11599375665447642,GREEN,10.04083682690262,9.75,9.75
2341.0,384.92528265351405,0.9272981418199849,36.35082217155625,36.357960214918535,128.12570640667627,128.21006246030822,0.09025332632868105,0.14803637309955872,0.2486983403461372,0.11557863352021473,GREEN,10.05190171086275,9.75,9.75
2342.0,384.91941729593873,0.9272166005144947,36.33453970790614,36.35448612175884,128.12217909359086,128.19585823758953,0.09023884828853586,0.14707208354744156,0.2486585599803104,0.11482461826564018,GREEN,10.062945764038687,9.75,9.75
2343.0,384.9162929253258,0.9271313579587187,36.31783847429239,36.350996384841515,128.12577328500487,128.1825120119067,0.09028628183927548,0.14567911832012545,0.24879140986485648,0.11373571037960388,GREEN,10.074608634005159,9.75,9.75
2344.0,384.9153012473458,0.9270535553739883,36.29704043565882,36.34789907608042,128.12761858418492,128.17125992848466,0.09051906641755429,0.14396425555217326,0.24943946884477983,0.11239539288063614,GREEN,10.085326420270945,9.75,9.75
2345.0,384.91855543508075,0.9269777970118559,36.29733925746504,36.34508237864526,128.12295529719893,128.16241110313427,0.09072621408341949,0.14187738151720575,0.2500185563214448,0.11076456247180114,GREEN,10.095928542399975,9.75,9.75
2346.0,384.9248579883074,0.9269023967009333,36.273954788733626,36.34242359901451,128.12188077474585,128.1551338836209,0.09115523262521569,0.13932888719747344,0.2512117193877072,0.10877323116394656,GREEN,10.106601483291058,9.75,9.75
2347.0,384.92826535202556,0.9268377101703632,36.29658488841366,36.340048179610406,128.11621846279942,128.14789174496053,0.09119252364156961,0.1364682402415873,0.25131833535564807,0.10653836866548504,GREEN,10.115679470118238,9.75,9.75
2348.0,384.9361498109124,0.9267643790623555,36.331662435495694,36.33754511042014,128.11138949632644,128.14168969926152,0.09112526804412352,0.13325703465957214,0.251134273535077,0.10402996451063559,GREEN,10.126129602239445,9.75,9.75
2349.0,384.9418301888343,0.92668310976476,36.334541549327746,36.33462670515708,128.10684001422896,128.13328895047516,0.09093650701953718,0.13005323205680455,0.2506131221363353,0.1015275453718612,GREEN,10.137590922367252,9.75,9.75
2350.0,384.94753834510055,0.926602201293964,36.33433571931264,36.33172370965052,128.10007317236935,128.1249514866045,0.09038434446973581,0.1269620002862558,0.24908690763742666,0.09911323260052225,GREEN,10.1490039472192,9.75,9.75
2351.0,384.95161074245425,0.9265119196531555,36.32594983416695,36.32837595966205,128.09092329126065,128.11450086374344,0.08980502507960042,0.12392401478250813,0.24748680483422988,0.09674078401815597,GREEN,10.161648796267144,9.75,9.75
2352.0,384.9469121014085,0.9264081611313875,36.318900667655626,36.324085921308765,128.0781953397671,128.09780819539583,0.0892517259789983,0.12055876376729426,0.24595957612595729,0.09411305563823126,GREEN,10.17580981651244,9.75,9.75
2353.0,384.93921042928883,0.9262938845084164,36.29483400336967,36.319241854720225,128.0645555126387,128.0781629478569,0.08905150471080685,0.11676955259626036,0.24541091537712306,0.0911544843898627,GREEN,10.191305403246247,9.75,9.75
2354.0,384.9285311915616,0.9261619051675465,36.29582494394686,36.31356332248831,128.04956519019294,128.0545851874863,0.0886264070706333,0.11249013439518735,0.24424040106761988,0.08781334316369922,GREEN,10.209129259201859,9.75,9.75
2355.0,384.9169638975095,0.9260237293202945,36.309845067701836,36.3076000902312,128.0297257898915,128.0297092300333,0.08812095891981166,0.10806296376762975,0.2428463684204016,0.08435711626666842,GREEN,10.22777292326711,9.75,9.75
2356.0,384.9058049104117,0.9258814664156414,36.3002498289162,36.30149602363807,128.01049356181403,128.00447372089843,0.08776660426019646,0.1033866132531849,0.24187098761931017,0.08070659044315881,GREEN,10.246996217733425,9.75,9.75
2357.0,384.89295978308604,0.9257273475750363,36.26864402651985,36.29484777607273,127.9939859472651,127.97676001139949,0.08754607533238072,0.09849208027151192,0.24126833934716743,0.07688586430480807,GREEN,10.267789365517487,9.75,9.75
2358.0,384.88963506066574,0.925574136352611,36.228451777474525,36.28868411491886,127.97995251164443,127.95392146963977,0.08755245738189807,0.09405185004420198,0.24129456447355063,0.07341994268127257,GREEN,10.288836667341968,9.75,9.75
2359.0,384.89240139755333,0.9254172918818745,36.202823945720624,36.28266515219062,127.96442588565708,127.93361810073432,0.0881154770965144,0.08973609247652284,0.24286173654559115,0.0700512811218548,GREEN,10.310630437755805,9.75,9.75
2360.0,384.9021409514945,0.9252551599107307,36.221544298125686,36.276767449990636,127.94831826416625,127.91605943455545,0.08839986857144161,0.08523205382824793,0.24366033981709093,0.06653569360237979,GREEN,10.333436463307919,9.75,9.75
2361.0,384.90992902752186,0.925092098116681,36.21791593030227,36.27074117932921,127.93599413647048,127.89739792258152,0.08852609735405524,0.08077184599289552,0.244019519129339,0.06305434320245659,GREEN,10.356293988696677,9.75,9.75
2362.0,384.93591648683395,0.9249294734781769,36.1998929140294,36.26558922607744,127.92381158652508,127.887865029057,0.08843002817859277,0.0769453855351781,0.24376364973653178,0.06006782184282074,GREEN,10.379828558582147,9.75,9.75
2363.0,384.96743346606735,0.9247622455223891,36.212084454978715,36.260516720115554,127.9116039771583,127.88044669038783,0.08755738408802055,0.07376597413676134,0.24136141118216603,0.057586491940408886,GREEN,10.404228435108251,9.75,9.75
2364.0,385.0027271464311,0.924581979228983,36.214251501305725,36.255110177600216,127.89957417795381,127.87310165175086,0.08652556518851595,0.07091573887356444,0.2385193122689163,0.055362184514966994,GREEN,10.430590745958852,9.75,9.75
2365.0,385.0333871898031,0.9243958175807926,36.207256861334194,36.24925361117522,127.89333087050395,127.86262697354834,0.0854277190310721,0.06846960301344868,0.23549526622661598,0.05345335198274804,GREEN,10.457586664126467,9.75,9.75
2366.0,385.05381071993605,0.924183978942436,36.21682038674772,36.241907732850436,127.88800183290127,127.84349663901163,0.08444568100600179,0.06666384469358569,0.23279026069236336,0.05204445710286741,GREEN,10.487722633265449,9.75,9.75
2367.0,385.0869612891985,0.9239601580787479,36.231514675413,36.23469027176502,127.8824416740104,127.82904129367677,0.08390815532480758,0.06542501260602686,0.23131189909696306,0.051078199751801605,GREEN,10.520042458462768,9.75,9.75
2368.0,385.1123197857263,0.9237214142513126,36.223423929230314,36.22652024477604,127.88066038010422,127.80863482164548,0.08309984859406944,0.06476186450970638,0.22908593695797985,0.0505613758390183,GREEN,10.55411486651235,9.75,9.75
2369.0,385.12402607177086,0.9234718012104418,36.23395496824615,36.21728135386942,127.8700094875355,127.77992365646335,0.08235973871464358,0.06472747933877551,0.22704698730024042,0.05053553156012651,GREEN,10.589134812864756,9.75,9.75
2370.0,385.1221158642796,0.9232113494876345,36.23675817458754,36.20697700578868,127.85739965051248,127.7429347872946,0.08193945144189448,0.06571710806180132,0.22589102055092908,0.051309366888729085,GREEN,10.62509422165293,9.75,9.75
2371.0,385.11248652944454,0.9229339985804547,36.2320685341117,36.195647201104144,127.84023123338545,127.69976876030078,0.08185772418484065,0.06783151048366132,0.2256713577732679,0.052961647036439595,GREEN,10.663070789128668,9.75,9.75
2372.0,385.0953476207171,0.9226590901931484,36.251186582433114,36.18406064938414,127.81583628564883,127.65320963178291,0.08211286894570574,0.07082214106155593,0.226378622740998,0.055298444214561045,GREEN,10.700393544727433,9.75,9.75
2373.0,385.08398199189304,0.9223862371308031,36.26206917952395,36.17282631902092,127.7836698845969,127.60980984256413,0.08253931012533122,0.0741788995237819,0.2275554949103176,0.05792164985964084,GREEN,10.73766836733445,9.75,9.75
2374.0,385.0698404309472,0.9221236051814499,36.27059900245854,36.16186278420408,127.74582457172701,127.56644805752347,0.08345744353407836,0.07766477749229482,0.2300882812986687,0.06064633163392794,GREEN,10.773409354999586,9.75,9.75
2375.0,385.06391166716344,0.9218649215099591,36.21840891978675,36.151439975914194,127.7088268099899,127.52771650000297,0.08374890951181507,0.08107647661775717,0.23090052571581643,0.0633137474077747,GREEN,10.808945981003788,9.75,9.75
2376.0,385.0591320485055,0.9216207278100572,36.19440522188962,36.141639478910484,127.67088062097766,127.49156178182905,0.08392131855007053,0.08428777175034069,0.23138818239248515,0.06582536781529327,GREEN,10.842525044508719,9.75,9.75
2377.0,385.0512391183901,0.9213887369949529,36.1449242796055,36.132171564192674,127.63070526075624,127.45555057398734,0.08377263047198609,0.08724578474024143,0.2309951529278791,0.06813990360195561,GREEN,10.874282922431334,9.75,9.75
2378.0,385.02961472159654,0.9211735065846822,36.14620560213988,36.12271695932589,127.58854270437607,127.41504363046761,0.0838262442000021,0.09004905660214059,0.23116409616151515,0.07033438119510854,GREEN,10.903137167923063,9.75,9.75
2379.0,385.014546427657,0.9209819478002499,36.127899160391436,36.114498512082655,127.55209385569843,127.3810695354518,0.0837983014458288,0.09268102198667702,0.23110849351944973,0.0723957662852532,GREEN,10.928991633172998,9.75,9.75
2380.0,385.0127614087663,0.9208133903364852,36.07541716124445,36.10780515967269,127.5183512649222,127.3568706521396,0.08377797540392537,0.09493864001141859,0.23107832520260918,0.07416541084550475,GREEN,10.952228660154958,9.75,9.75
2381.0,385.00865591865613,0.9206701615262456,36.05756094707875,36.10199625218756,127.49124958044173,127.33502406807875,0.08370400967245273,0.09693203999391412,0.23090074301280986,0.07572924753926001,GREEN,10.971863011859284,9.75,9.75
2382.0,384.9967060590912,0.9205410465950453,36.03254339313554,36.09637311161763,127.46259516951687,127.31123914393218,0.08396092496612016,0.09869218735932513,0.23164046726177623,0.07711145723409946,GREEN,10.98920885329612,9.75,9.75
2383.0,384.9785219366442,0.9204343653762027,36.03482353343954,36.09133755278227,127.42849983147065,127.28746650950873,0.08418253053061633,0.10013113554771534,0.23228386862705677,0.07824334036650864,GREEN,11.003183315895654,9.75,9.75
2384.0,384.976520020374,0.920339835693728,36.02690475557465,36.087537101063376,127.40865532351643,127.27340118544586,0.08419300532639168,0.10139477865680455,0.23234286053656877,0.0792387149076256,GREEN,11.016169959228705,9.75,9.75
2385.0,384.97497527806064,0.9202598736993826,36.06430351689262,36.08432930779734,127.39489546654764,127.26157730416591,0.08301347685649321,0.10253424417107664,0.22910845063708293,0.08013740609180418,GREEN,11.027161498041124,9.75,9.75
2386.0,384.97920817828214,0.9201927807316187,36.093083044026905,36.08189688731982,127.37597751873011,127.25439786634804,0.08111761361718439,0.10332241793013876,0.22389091218974536,0.08076194051884424,GREEN,11.036621723233779,9.75,9.75
2387.0,384.98684939961214,0.9201382542510429,36.106447314786436,36.08011689755296,127.35925713852015,127.25064583234538,0.07871977790543118,0.10379813018831681,0.21728435575750146,0.08114256430491633,GREEN,11.044491060884326,9.75,9.75
2388.0,384.99968241909545,0.9200887557531374,36.08600497742648,36.07877728473202,127.34518890701497,127.25016273556734,0.07441353283892622,0.10396361762708028,0.2054070108362043,0.08128085140321853,GREEN,11.051889039217045,9.75,9.75
2389.0,385.0087645254486,0.9200360500601032,36.10321664287938,36.07713609497306,127.33335064478969,127.24737592778595,0.06901537283891578,0.10382270123408412,0.19051154209386031,0.08117968725181017,GREEN,11.059569674479576,9.75,9.75
2390.0,385.01177953944523,0.9199804605282653,36.14373267522382,36.075097528713485,127.32296455209467,127.24118213848199,0.06368883258980679,0.10342370657120982,0.1758097924574299,0.0808767754304793,GREEN,11.067388095083984,9.75,9.75
2391.0,385.01642751672495,0.9199230668624294,36.15050307096419,36.073064697338964,127.30300655848022,127.2355481062012,0.05874806752497237,0.10276564436281493,0.16217306093851794,0.08037139980843429,GREEN,11.07552668852263,9.75,9.75
2392.0,385.0336765661004,0.9198649792989023,36.16129891663713,36.07159489329863,127.28820394227407,127.23606389290885,0.05465411888689094,0.10189381646276414,0.1508739927395471,0.07969883524465671,GREEN,11.08430567903082,9.75,9.75
2393.0,385.04343042037056,0.9198007188215136,36.14997862386059,36.069531838764476,127.28938189469592,127.23200985855304,0.05113578651478774,0.10084851458419544,0.1411655794303169,0.0788902829168057,GREEN,11.093615741705136,9.75,9.75
2394.0,385.04760776222594,0.9197387260017794,36.13627885631451,36.06729646661724,127.28569416939047,127.22550504197443,0.04883551606113968,0.09963559717083327,0.13482212624782428,0.07795033196867954,GREEN,11.102371609517434,9.75,9.75
2395.0,385.0481444949471,0.9196830157317425,36.11182401012383,36.06513694025238,127.27765568160343,127.21806475940464,0.04741535255796956,0.09858523944329056,0.13091130259566164,0.07713744503156417,GREEN,11.110101123036983,9.75,9.75
2396.0,385.04586080170435,0.9196300685623121,36.09129456329178,36.06295368650336,127.27227237518997,127.20960895942227,0.046309690109074694,0.09770503990480715,0.12787037272582433,0.07645753091212534,GREEN,11.117326303028705,9.75,9.75
2397.0,385.0378504313237,0.9195783620819539,36.07886757612986,36.060550934051236,127.26782967495829,127.19848716254776,0.04590169581039111,0.09699413213402555,0.12675793814165864,0.07590996253397612,GREEN,11.124131558674094,9.75,9.75
2398.0,385.0384719515965,0.9195341094505944,36.1019088754847,36.05884470418976,127.26322081639725,127.19267398981543,0.04613034562667022,0.09635370750272483,0.1274035709793002,0.07541740373097773,GREEN,11.130279647881423,9.75,9.75
2399.0,385.0424802676249,0.9195022595465673,36.06485553416971,36.0577834163094,127.2570344911987,127.19025449946957,0.046119840889537675,0.09583901691416977,0.12739156896085685,0.07502319686772188,GREEN,11.134859092084525,9.75,9.75
2400.0,385.0507920104581,0.9194709925166005,36.02088903578926,36.05694646308225,127.25327653566752,127.19004776638349,0.04630176146673203,0.09546933141175629,0.12791312705948507,0.07474240558932689,GREEN,11.139544794511977,9.75,9.75
2401.0,385.06643420340436,0.919450930546552,36.016652385028564,36.05689209540292,127.25799616644822,127.19502290988042,0.04658316389771801,0.0951939495338213,0.1287103324187485,0.07453524960654791,GREEN,11.14299892916587,9.75,9.75
2402.0,385.08483146066476,0.9194448228590743,35.975348275387226,36.05751390445992,127.26617830696972,127.20329349711062,0.047706184207540525,0.09506481689891909,0.1318350695694189,0.0744424565869625,GREEN,11.144642490568998,9.75,9.75
2403.0,385.09599793701796,0.919443006234919,35.94606547749782,36.0579654456809,127.2692877502122,127.20857505591216,0.04966134589161843,0.09510572299991807,0.13726162257983723,0.07448281474473352,GREEN,11.145378580459507,9.75,9.75
2404.0,385.1002234222294,0.9194613265217623,35.933953629183584,36.058881743057846,127.2678199384952,127.21320349122448,0.05180015908544834,0.09520016651074506,0.1431971526104103,0.07456514711883684,GREEN,11.143027294968931,9.75,9.75
2405.0,385.1007332781619,0.9194875877737843,35.96112129860514,36.05993551192641,127.26057010421981,127.21708954348505,0.05299060168415679,0.09522938103689574,0.1465107259872164,0.07459642709257218,GREEN,11.139416009239696,9.75,9.75
2406.0,385.093554296473,0.9195193599612699,35.948866024008005,36.06084541056524,127.2541229695013,127.2179279872968,0.05421125913857645,0.09524725789991233,0.14990810966355886,0.07461888427728165,GREEN,11.134708756159256,9.75,9.75
2407.0,385.0739027945841,0.919563686145785,35.958992922131856,36.061663596289435,127.24782507401233,127.21432230220401,0.055525346568588554,0.09525768973011467,0.15356579325543723,0.07463551947588574,GREEN,11.12772427795619,9.75,9.75
2408.0,385.05897974906236,0.9196276690640963,35.92580395750949,36.063473937012006,127.24057891086238,127.21577834517723,0.05829554929919171,0.09523117599850764,0.16125747812668856,0.07462323144040128,GREEN,11.118226409860767,9.75,9.75
2409.0,385.0561640717356,0.9197059754185498,35.943953162312994,36.066412878676516,127.23739045861598,127.22521529539033,0.06040124708508213,0.09518292049999832,0.16711236394732015,0.07459388854395009,GREEN,11.10727214712223,9.75,9.75
2410.0,385.050223147408,0.9198029656622373,35.97644924090539,36.0699381064336,127.23551164046455,127.23568751428014,0.061594369919831804,0.09512871996291453,0.17044150907114217,0.07455983177859815,GREEN,11.093598500440734,9.75,9.75
2411.0,385.043299444993,0.919903611358962,35.98586371347,36.07356058356091,127.23258623233619,127.2461776075415,0.06262545266477636,0.09509619912337426,0.1733218652934852,0.07454270069917068,GREEN,11.079377413992049,9.75,9.75
2412.0,385.0286858216787,0.92000524794159,36.03133925685682,36.07686157581229,127.2324403450037,127.25299171418224,0.06289703675528294,0.0950995022710377,0.17409659251990914,0.07455352757791515,GREEN,11.064688536986736,9.75,9.75
2413.0,385.0286500804187,0.9201165158241725,36.053200563016226,36.08122313277705,127.23395396598151,127.26836430857456,0.06292214172612773,0.09518699397467593,0.1741854989286776,0.07463021622480874,GREEN,11.049296683062906,9.75,9.75
2414.0,385.01970549115805,0.920221666304709,36.061554223283814,36.08492732665653,127.23318318925452,127.27847314459174,0.06295281394983687,0.09536419742210403,0.17428924641583335,0.07477712760870785,GREEN,11.034367994758952,9.75,9.75
2415.0,385.0117408876067,0.9203185635661061,36.066021256347696,36.08835371627728,127.23372747350366,127.28792551833178,0.06301813309077917,0.09562053796009545,0.17448971835255023,0.07498593029281433,GREEN,11.020623887766078,9.75,9.75
2416.0,385.0144373121745,0.9204191828947191,36.06805597607206,36.09242567702889,127.2336589990336,127.30317936917301,0.0630964123674067,0.09603767317797353,0.1747251866668201,0.07532069657159832,GREEN,11.006823002577235,9.75,9.75
2417.0,385.01624654234587,0.9205281137298771,36.08680256873501,36.09678199652139,127.23374327530442,127.31914302042759,0.06301883153822405,0.09664285313867511,0.17452499860346687,0.07580286166368373,GREEN,10.99183425602368,9.75,9.75
2418.0,385.0098945845786,0.9206231208139627,36.109676707928486,36.10020972855287,127.23436305704621,127.32913248402754,0.06254919089951978,0.09735622672343842,0.17323386816884723,0.07636984756615217,GREEN,10.978422046484795,9.75,9.75
2419.0,384.9890943530241,0.9207094805450207,36.13520290343983,36.10262087042137,127.23491085280664,127.33075738839615,0.061837292895159726,0.09805878608282195,0.1712675682916663,0.07692829842348128,GREEN,10.965589156250914,9.75,9.75
2420.0,384.9721764595256,0.920798278632565,36.10867937352627,36.10530946910057,127.23534452445026,127.33464402139056,0.06142648822102254,0.09880547300014451,0.1701386478387435,0.07752131005059498,GREEN,10.952586717669206,9.75,9.75
2421.0,384.9581101756505,0.9208914163562711,36.13987049800701,36.1083017924338,127.23592392381225,127.34054422270289,0.06118263418471713,0.09959978488098763,0.16946932836110795,0.07815166970823657,GREEN,10.939107385470905,9.75,9.75
2422.0,384.94948162556307,0.9209870146411901,36.13610576268352,36.11164550203193,127.23494931981661,127.34948173421553,0.06067415464062733,0.10058433839773312,0.1680658436910053,0.07893131719717301,GREEN,10.92552074649798,9.75,9.75
2423.0,384.9414743640959,0.9210761402484455,36.12999981323943,36.114764478324965,127.23841709682428,127.3578317551476,0.060383167301955434,0.10167936794635052,0.16726615488305407,0.07979764298574314,GREEN,10.912856399682738,9.75,9.75
2424.0,384.9424634122001,0.9211661026963169,36.1213120372515,36.118338244454506,127.24546485958663,127.37076181261476,0.06015355706024622,0.10290126041929114,0.1666372664501182,0.08076349018728032,GREEN,10.90045924056092,9.75,9.75
2425.0,384.95227218339863,0.9212539348782752,36.11288272524625,36.12224229765044,127.2550404316315,127.38777529839167,0.05992090623179823,0.1042429837221917,0.16600001061567632,0.08182339230472342,GREEN,10.888730750098986,9.75,9.75
2426.0,384.9583662036272,0.9213304995495243,36.15579040620308,36.125530328834664,127.26783510183941,127.40138759177782,0.05996070901936014,0.10550288579022397,0.1661149579366072,0.08281904580350453,GREEN,10.87840196698474,9.75,9.75
2427.0,384.96874589799677,0.9213822046420875,36.15797688975816,36.128044747866674,127.28416426776947,127.41369040117199,0.06008369804867813,0.10659713514117332,0.16646133851581846,0.08368457440305684,GREEN,10.871691885613146,9.75,9.75
2428.0,384.98422775040416,0.921420038719804,36.156060225619,36.130254731555,127.29882275239878,127.4266087722593,0.06017466003590607,0.10746460960232718,0.16671853366807896,0.08437201240598234,GREEN,10.867115498489511,9.75,9.75
2429.0,385.0029040710616,0.9214339541441041,36.11363070047261,36.13167675256805,127.30658702307736,127.43780600309208,0.060181258600727656,0.10816819486144257,0.16674608012554568,0.08493066885298285,GREEN,10.865981729004005,9.75,9.75
2430.0,385.0087629000788,0.9214213834935299,36.107813138112306,36.13145874096387,127.30804302334725,127.43897635660099,0.06013585033422895,0.10847909442379727,0.16663018808336344,0.0851809022225003,GREEN,10.86796836984064,9.75,9.75
2431.0,385.00587632226336,0.92137163380466,36.06013019057494,36.12937247970714,127.30765148983903,127.4306625112158,0.060614521201808276,0.10812530082081641,0.16796987274247083,0.0849090114332387,GREEN,10.874726797342376,9.75,9.75
2432.0,384.99838161480665,0.9212985927458868,36.03610122428132,36.1261567206642,127.30611344789635,127.41683991342478,0.06110800716389248,0.10702630224048645,0.16935420287904243,0.0840515933332519,GREEN,10.884510937079568,9.75,9.75
2433.0,384.98239367672016,0.9212170611549642,36.02523197749712,36.122209634514306,127.30155167550933,127.3976278556246,0.0613041176135176,0.10537876766267348,0.16991628963623107,0.08276294802830453,GREEN,10.895108164593537,9.75,9.75
2434.0,384.9615469808903,0.921128425439479,36.0206091908557,36.11775618088322,127.29598225899775,127.37502349342284,0.06097891202339896,0.10330800738066828,0.16903443960041137,0.08114138095755447,GREEN,10.906479905683568,9.75,9.75
2435.0,384.94396540415414,0.9210251776264122,35.97431406140228,36.11288311542282,127.28908421430747,127.35202129229893,0.06295794972071794,0.1009548409554484,0.17454004446297466,0.07929748663898784,GREEN,10.92000903427666,9.75,9.75
2436.0,384.92671101819326,0.9209163675294525,35.94110944469626,36.10780747292648,127.28240659675731,127.32841453616722,0.06618486923835523,0.09844408558123525,0.183507598704877,0.07732928415112572,GREEN,10.934319220809911,9.75,9.75
2437.0,384.91060665473464,0.9207704283548309,35.88131510920005,36.10133018956294,127.26605460600395,127.30024728684033,0.07200349746164844,0.0959135247919708,0.19966495128748415,0.07534508820684249,GREEN,10.95380971441638,9.75,9.75
2438.0,384.92633216750204,0.9203756477535711,35.86761815493698,36.08658886899748,127.25673713003853,127.25346527434829,0.07729453150962025,0.0932624460571496,0.21436453394981153,0.07326571005102238,GREEN,11.009064362268333,9.75,9.75
2439.0,385.028104595866,0.9194322272281836,35.836993574503786,36.054364067976074,127.24887453704406,127.17344485296037,0.08221283660260431,0.09113299345817877,0.22803536162545668,0.07159568343961416,GREEN,11.143922199041597,9.75,9.75
2440.0,385.19850238669085,0.9177588152292722,35.79259689957586,35.99670604389541,127.21854721022032,127.02626127781551,0.08623114194684933,0.09212412290808646,0.2392122897564617,0.07237717335970137,GREEN,11.382936400206432,9.75,9.75
2441.0,385.4212378087816,0.9152723119571331,35.696815405874716,35.90955699945363,127.10857417865132,126.79200036079376,0.09031731836381494,0.09874409794471169,0.25058947540305526,0.07758203389848874,GREEN,11.737264322930315,9.75,9.75
2442.0,385.67038393571005,0.9119189014824255,35.61276008496248,35.78955219569106,126.88622464565317,126.44996660436237,0.09279136968132731,0.11198483862000992,0.2575038285426427,0.08799176355883237,GREEN,12.213643064001644,9.75,9.75
2443.0,385.9271500977034,0.9076999049863546,35.491146412859734,35.6358283256827,126.54002267311954,125.99066110861597,0.09437101592085423,0.13129762472433748,0.261953349596016,0.10317873463088358,GREEN,12.811447844463572,9.75,9.75
2444.0,386.20907027100526,0.9025967149084313,35.299996824608044,35.448420189358906,126.09355189006604,125.41963093125463,0.09597799510309211,0.15653645754026194,0.2665035955797847,0.12303357402937921,GREEN,13.534598415767192,9.75,9.75
2445.0,386.49980657637855,0.8966373619397913,35.108323249608155,35.22762574917831,125.52663116229765,124.7322679773614,0.09717154819723701,0.18634461308359432,0.26993717711269505,0.1464978601373508,GREEN,14.378896995192036,9.75,9.75
2446.0,386.80815435084827,0.889806956423775,34.855631407551066,34.97321107788235,124.83782380285652,123.93024101607158,0.0983394152511439,0.21955955124261262,0.27333805029148583,0.17266774994571965,GREEN,15.347430529855487,9.75,9.75
2447.0,387.14369657178105,0.88213382603973,34.61902259295402,34.68665924124289,124.02983734655719,123.02144693306393,0.09866778103280716,0.25486724003905653,0.27443986032602097,0.2005222065662885,GREEN,16.43749149735423,9.75,9.75
2448.0,387.4627905387159,0.8738403039346937,34.29012065328655,34.37470458689782,123.11021531770973,122.01553847318466,0.09926581008582874,0.29116793617506864,0.2763333056834888,0.22920983530470884,GREEN,17.615854040731122,9.75,9.75
2449.0,387.7097656711726,0.8652437594834944,33.995777900518945,34.04738390057672,122.07840704749908,120.93072378039706,0.09943214163292625,0.326509603049411,0.27706724303462943,0.2572084250141922,GREEN,18.834195012644997,9.75,9.75
2450.0,387.92193061466196,0.8565279020998811,33.681267591415526,33.713635197932796,120.96847611075574,119.81083089174254,0.09912466275670076,0.35893280111410014,0.27652669260752344,0.28298594064822075,GREEN,20.06882813397263,9.75,9.75
2451.0,388.10141403571663,0.8478065684756878,33.384862599900664,33.37807540247917,119.81476875896867,118.67320755302869,0.09862312865456539,0.38791271971626357,0.27548180592829474,0.30613520317699094,GREEN,21.303541820825487,9.75,9.75
2452.0,388.2739332462654,0.8391307989494914,33.062202158767754,33.043852959233924,118.67666145567763,117.53712958708877,0.09796948263424654,0.4148170476616151,0.2740513849049754,0.32773894108688295,GREEN,22.532964055325067,9.75,9.75
2453.0,388.4691179396433,0.830498273127411,32.755582597000334,32.712134663323674,117.55357911110274,116.41569874069718,0.09757878947853602,0.43999756000582974,0.2733911437319894,0.34807982014661576,GREEN,23.760027696770365,9.75,9.75
2454.0,388.663111966715,0.8219343196629721,32.45016512548762,32.38289550265544,116.43219282647837,115.30155553842023,0.09755885757099196,0.4635117602742743,0.2738065919127274,0.36720726650116564,GREEN,24.979185610944043,9.75,9.75
2455.0,388.8684626184005,0.813440215327927,32.18353341496723,32.05670664555948,115.31202152475838,114.20044347469572,0.0987394879112582,0.4851570844947367,0.2776302718512702,0.38496352250848653,GREEN,26.191488621576937,9.75,9.75
2456.0,389.082235567846,0.8050582448597827,31.875970584981975,31.735102493693187,114.22622743967233,113.11689414293545,0.1003335937614167,0.5057887809764636,0.2826708800097883,0.4020280261946194,GREEN,27.390820504017967,9.75,9.75
2457.0,389.2948968208582,0.7968320100138642,31.55390318390749,31.41941027382945,113.17073689890171,112.05284929687954,0.1017974005651326,0.5258992578499372,0.2874055301195523,0.41879501925410634,GREEN,28.570077353531957,9.75,9.75
2458.0,389.51365932560395,0.7888109079790138,31.29480611024468,31.11187286348719,112.13902966444759,111.01841220482407,0.10435298235867528,0.5453593372034501,0.2952886673926327,0.43516539653724345,GREEN,29.72306472183334,9.75,9.75
2459.0,389.7439056031364,0.7809766906337477,31.02497804986995,30.81198233892162,111.14097372147633,110.01328615351262,0.10791121764830217,0.5643909414011966,0.30608497394879697,0.45131882585563105,GREEN,30.85300021956583,9.75,9.75
2460.0,389.96641566281016,0.7733386256756305,30.738347938048527,30.519344921004915,110.13792600559981,109.03064432011877,0.11145642175842911,0.5821555195690166,0.3169322429482569,0.46658870430347893,GREEN,31.956292967364675,9.75,9.75
2461.0,390.20149073801343,0.7658671350216764,30.458780701099272,30.233595441234083,109.15253688190292,108.07491086698366,0.11506818297869531,0.5984927615110633,0.3280666104860178,0.4808456978532931,GREEN,33.03952781946663,9.75,9.75
2462.0,390.44144386495265,0.7585452681390833,30.163340563355497,29.95376101666405,108.18227119885219,107.14044231374969,0.11772946387315225,0.6133659601112431,0.33658364351318176,0.4940577652661415,GREEN,34.10418317392116,9.75,9.75
2463.0,390.6833453877991,0.7513777365931756,29.86867561295738,29.679916415676594,107.24197275310439,106.22671118353095,0.11935395758766607,0.6271647588525519,0.342219013027613,0.5065343849091499,GREEN,35.14919870857453,9.75,9.75
2464.0,390.93153607419606,0.7443439871343398,29.636509483738525,29.411416365182514,106.30729511962419,105.33260128702614,0.1217772495101468,0.6396246711390853,0.35022118153159787,0.5180594261673145,GREEN,36.178048503466016,9.75,9.75
2465.0,391.18097416689994,0.7374172922113046,29.31623665032058,29.147014786884554,105.40605633119408,104.45229088295703,0.12306188823825275,0.6513442659464089,0.3550465260548196,0.5291125902649352,GREEN,37.19381910957425,9.75,9.75
2466.0,391.4311476914968,0.7305813591062807,29.05911414327633,28.886051380631823,104.48972426919204,103.58329572931345,0.12423533025447216,0.6617560450302619,0.35962344215902703,0.5392324402032885,GREEN,38.19871723639753,9.75,9.75
2467.0,391.68787250166883,0.7238069955433982,28.807476821992445,28.627586832543017,103.56965101114454,102.72378898173716,0.12569037207747255,0.6706914830372205,0.36509501175533193,0.5482765800563879,GREEN,39.19773100111024,9.75,9.75
2468.0,391.97636200917776,0.716943588253188,28.557325067589446,28.366570035504242,102.64817889469255,101.86215692840439,0.12684101840414325,0.6783170275093741,0.3697563180845182,0.5563745123551851,GREEN,40.21618591107698,9.75,9.75
2469.0,392.2943473357524,0.7098383631687702,28.273031003678014,28.09683454999305,101.69992304514544,100.97540616591313,0.12789106335389083,0.6847337178573158,0.3742119862170506,0.5636052572865102,GREEN,41.27586032685794,9.75,9.75
2470.0,392.6307873410685,0.7024133678235134,27.95835184644341,27.814857895459976,100.7125952479911,100.04775797641504,0.12866091035084043,0.6900920763321761,0.37794240060774215,0.5700900065699207,GREEN,42.38654432967776,9.75,9.75
2471.0,392.9458470296737,0.6946647788411399,27.640652246268466,27.51905607183225,99.69480812311164,99.06321092694222,0.12911962668730892,0.6948903357331087,0.3808459004732864,0.5762387070379925,GREEN,43.54256662838793,9.75,9.75
2472.0,393.28470615740684,0.6865948139186694,27.32229305910427,27.211090684896327,98.60234599732446,98.03906757706358,0.129782277055241,0.6986798854706022,0.3844463594157159,0.5816828708267944,GREEN,44.75121511894989,9.75,9.75
2473.0,393.59612285171914,0.678194413527846,26.979063069068765,26.888805878680824,97.45331119014406,96.95461627735806,0.13025407621640392,0.7016258201020695,0.38758028766389335,0.5865593293504483,GREEN,46.00529955712584,9.75,9.75
2474.0,393.90160887911094,0.669465442865664,26.62699236275081,26.553021266838368,96.23237260291606,95.8181678290535,0.13056881221081224,0.7036362921835659,0.39034317143444175,0.5907919792619941,GREEN,47.30821584043264,9.75,9.75
2475.0,394.23832951218515,0.6604268675438189,26.27928152898937,26.205717670909795,94.93475521874988,94.6457393271346,0.13088199429114164,0.7045901250397659,0.39319680882252345,0.5942788931707659,GREEN,48.66420758512504,9.75,9.75
2476.0,394.56333051249885,0.6510551755329425,25.91712213404589,25.844495443397843,93.59318903625875,93.41808129189819,0.13117968209338846,0.704895551346485,0.3961043599683643,0.5973613927618445,GREEN,50.069114267875605,9.75,9.75
2477.0,394.8525815435869,0.6413590391663789,25.515755139110446,25.46892489535174,92.20217997680955,92.12802453181745,0.13131260553852042,0.7048743411894867,0.39862641338619603,0.6003137086744221,GREEN,51.516983811033626,9.75,9.75
2478.0,395.08456242409875,0.6315098428470868,25.099011148449183,25.08517043075807,90.74561339588891,90.79319114405658,0.13131907478647892,0.7047949182784676,0.4008792931489212,0.603371130601595,GREEN,52.9784256762392,9.75,9.75
2479.0,395.33155163838285,0.6216751684186763,24.718262858143092,24.70223000022654,89.25282956642127,89.46307106271057,0.13126801005474553,0.705208805227768,0.403064718013858,0.6070150999573245,GREEN,54.443386211871015,9.75,9.75
2480.0,395.51299052792496,0.6119459539491724,24.356755224147044,24.321219413643252,87.77048976958481,88.12360647740826,0.13134743148080524,0.7065644410042399,0.40574881593365514,0.6116448795338721,GREEN,55.881931771035994,9.75,9.75
2481.0,395.66684350077026,0.6023732730842394,23.986104164616705,23.945418146364407,86.32428693537828,86.79570757749299,0.13138922040423434,0.7090520734564083,0.408433648093719,0.6174428411262648,GREEN,57.29386521030061,9.75,9.75
2482.0,395.85187771159946,0.592958181936163,23.616051464807214,23.576662282840182,84.88292918867374,85.49903170716877,0.13144966321820914,0.7133460498677784,0.41128940684336773,0.6250238672783602,GREEN,58.691628463827016,9.75,9.75
2483.0,395.9771768875374,0.5836818120389242,23.27411584070914,23.21149642660916,83.44171637161674,84.2014284705373,0.1316833267858353,0.7198918648466308,0.41480136935234757,0.6348193181097118,GREEN,60.05769822111658,9.75,9.75
2484.0,396.1081493235579,0.5745399389433787,22.90823907589794,22.851726338308588,82.02586305060069,82.92375432338662,0.1318847198167999,0.7289852220226939,0.41833769937229537,0.6471389420697475,GREEN,61.40695047650857,9.75,9.75
2485.0,396.2893640289153,0.5655282840763624,22.587705783623896,22.498441790660827,80.62433382257113,81.67911460499224,0.1323817219327924,0.7413963311409943,0.4229383233466617,0.6627289109861302,GREEN,62.75064585940788,9.75,9.75
2486.0,396.3785909492677,0.5566741981092721,22.232606296817778,22.14869225219924,79.2340414306523,80.42747653774481,0.13276678253710963,0.7570398743024459,0.42733668570859035,0.6815901432809793,GREEN,64.05106550877798,9.75,9.75
2487.0,396.3774284151056,0.5479984077661445,21.906294776994965,21.80347199605927,77.84245967563537,79.17366268531896,0.13337276732754877,0.7761216261083937,0.4325944930505061,0.7039930695702856,GREEN,65.3042437525149,9.75,9.75
2488.0,396.56470263534686,0.5394755538619567,21.56442559752652,21.46943915051686,76.49259738812023,77.997542561219,0.13389387622716603,0.7999001752088585,0.43773758046275735,0.7311777706667631,GREEN,66.58276696876084,9.75,9.75
2489.0,396.55564456830143,0.5311137064268571,21.21428879309998,21.13642238868743,75.15900552852816,76.78595315522527,0.13425049487233726,0.8268429675302018,0.4424958150454022,0.7618584410190925,GREEN,67.78940279221145,9.75,9.75
2490.0,396.53906709756086,0.5229041681471844,20.91010645512969,20.809277216760407,73.84046368707362,75.59431581184147,0.13484553775733937,0.8571173715332572,0.4481989932922085,0.796291740224596,GREEN,68.97197456541097,9.75,9.75
2491.0,396.5885879971795,0.5148099209689075,20.599510650307057,20.48844112288892,72.50982995651054,74.43810240282124,0.13531082048999774,0.8923948512370674,0.453630688892384,0.8361604337471391,GREEN,70.15526957945067,9.75,9.75
2492.0,396.5542609834168,0.5068427819697079,20.301882341038397,20.17049137714748,71.22505065760095,73.27659211732116,0.13587338968466195,0.9307584384222022,0.4595569094940952,0.879811793201759,GREEN,71.29800719442484,9.75,9.75
2493.0,396.5257034835379,0.49902537776550027,19.986021144584345,19.85867215359611,69.94253500655677,72.13860084024033,0.1362906074661285,0.9729007379578429,0.4651738739758717,0.928033595680235,GREEN,72.42038163727882,9.75,9.75
2494.0,396.59156956369253,0.4913311792597547,19.66282137152318,19.554106027413038,68.67949802783657,71.04403312885651,0.1364361431453532,1.0196153644254848,0.4700444294016273,0.9817426304978406,GREEN,73.55096944332354,9.75,9.75
2495.0,396.5157935584067,0.48376330899208114,19.324060767479168,19.251078869461207,67.46262752643177,69.92971011295238,0.13558602706331976,1.0681718408514456,0.4716245939303322,1.0384655238472362,AMBER,74.62385319603577,9.75,NaN
2496.0,396.4699884852056,0.47629187940112366,19.02671859466789,18.952662894036237,66.2495216843523,68.83775852544436,0.13420818767056886,1.119198508683598,0.47145492638903125,1.098940824981825,AMBER,75.6907575013228,9.75,NaN
2497.0,396.6678319092034,0.46887221596572637,18.696061984812008,18.662073328238996,65.06691810620421,67.81613556940242,0.13124143473370428,1.1741191423850943,0.46571899620094653,1.164722969255052,AMBER,76.82057622577814,9.75,NaN
2498.0,396.57558563001896,0.461445112559284,18.41768962588284,18.364323708214165,63.881396302564454,66.71862356703484,0.12834579586739633,1.2299267828894058,0.46019299152844967,1.233003439385064,AMBER,77.8676376179575,9.75,NaN
2499.0,396.5640027897891,0.4539539179864898,18.1103373317679,18.065929678798177,62.68330855579274,65.63262423470434,0.12537149511352355,1.2874779403466416,0.45434142882291456,1.3047742647459188,AMBER,78.94730256891819,9.75,NaN
2500.0,396.64314378975445,0.44627677409819877,17.78823320456249,17.762175746477702,61.477020153258245,64.54197916685447,0.12261723339638406,1.3466808993965982,0.4492454192386441,1.3800973378666523,AMBER,80.08122982105638,9.75,NaN
2501.0,396.80772669058433,0.43835986218948,17.449519761371842,17.45069562868725,60.247207498171555,63.4364729380803,0.11950185162947947,1.4076230659757678,0.4427647427101563,1.4592160781688281,AMBER,81.27676020610764,9.75,NaN
2502.0,396.8047165363485,0.4301784878292983,17.094769684315512,17.124937821909754,58.95479050260377,62.25181143964252,0.11736667746017801,1.4694907719609438,0.4398838648618965,1.5414431322245294,AMBER,82.45977503175035,9.75,NaN
2503.0,396.8917364265995,0.4217411554277577,16.7115598225266,16.790897625996955,57.64155311817292,61.050909017054835,0.11632267261400328,1.5323516635626286,0.4411459917959533,1.626979470305312,AMBER,83.70828327740591,9.75,NaN
2504.0,396.8235459406364,0.41305557973938883,16.339196905860202,16.44368360405327,56.29837738660021,59.7781829353504,0.1155238665629457,1.594474701627345,0.44343091303321364,1.7141095678040006,AMBER,84.94370406364993,9.75,NaN
2505.0,396.8543555906075,0.40412058946488877,15.974195634721596,16.088607446874992,54.90118822690427,58.49190564845284,0.11544138491717594,1.6573232091719823,0.44860562788447106,1.8045080605759174,AMBER,86.24683613628065,9.75,NaN
2506.0,396.882741884352,0.39494644179992927,15.593458648698144,15.72393408406693,53.47725332228079,57.1701844341316,0.11567206962322378,1.720548589169621,0.45518066608467167,1.8979259224059275,AMBER,87.58408698956866,9.75,NaN
2507.0,396.7739114082913,0.38555534563401533,15.226223886602897,15.347943266690493,52.03988433316727,55.78782864662742,0.11640751355706896,1.782542576454522,0.46397590336552985,1.9926848159582733,AMBER,88.90690656677944,9.75,NaN
2508.0,396.74570763076537,0.3759434345692117,14.805191429622955,14.964786494881048,50.53799371841131,54.39123578760965,0.11771141942493166,1.8452490313518124,0.4753255196494554,2.091057452128197,AMBER,90.28807175219569,9.75,NaN
2509.0,396.82275420764233,0.36616923193679546,14.417828087949227,14.577130256065155,49.01156242820038,52.99254361225948,0.11930861224197827,1.9097455047227923,0.4882077749792833,2.1944287851266027,AMBER,91.72891026840557,9.75,NaN
2510.0,396.8436033644446,0.3564246587357944,14.026823641952639,14.189573323420728,47.47620758974451,51.58636008262571,0.12107246412601498,1.9764483492288558,0.5021564403064986,2.303495742284948,AMBER,93.14649949448045,9.75,NaN
2511.0,396.7571524565984,0.3467813932099151,13.610534277825728,13.804162760397155,45.91327270320271,50.17426280594282,0.12362297638295143,2.0462720546517033,0.5198406902575241,2.419606849189427,AMBER,94.51130507160224,9.75,NaN
2512.0,396.82837134207574,0.3372571297502846,13.224867448108006,13.426239772788035,44.380813584643434,48.80937849586318,0.12630469359253788,2.1195416705515497,0.5386055836167015,2.543485463753604,AMBER,95.9151482532173,9.75,NaN
2513.0,397.02195549624327,0.3278381833066361,12.868490014707108,13.054453583180626,42.887778682118935,47.48094858871045,0.12844371421423773,2.196018562633032,0.5555797637563685,2.6752088932928935,AMBER,97.3494921787709,9.75,NaN
2514.0,397.262549525643,0.31852241944967147,12.512686388738976,12.687344151644332,41.38620011302485,46.173682286988026,0.1301183688836211,2.2766623836023596,0.5710309614605501,2.8163626645646276,AMBER,98.78842859602238,9.75,NaN
2515.0,397.47934934882755,0.309322078534664,12.125675883905252,12.324238857030487,39.90626234952121,44.876692532452395,0.1316048137489641,2.3610063778560293,0.5861536527272443,2.9668259327973123,AMBER,100.2041007463349,9.75,NaN
2516.0,397.7653161787653,0.3002441508869548,11.77076432440417,11.966851813710214,38.44114523862256,43.606676588997644,0.13277776573614608,2.449194291820168,0.6003375340453512,3.1272779849171095,RED,101.63071258304335,9.75,NaN
2517.0,397.9251767202073,0.29125252607069296,11.417903239012308,11.610804472315309,36.969197599818735,42.32625983569377,0.13397254988625668,2.540871254292358,0.6150725353883588,3.2978154766061416,RED,102.99869375945656,9.75,NaN
2518.0,398.18492590210633,0.282374084294641,11.054801138507594,11.260538114086625,35.54114576744236,41.07618717194203,0.13452272284715214,2.6354711903568773,0.6273136625316226,3.47822993463514,RED,104.39108286648477,9.75,NaN
2519.0,398.43099465215744,0.27358775466150725,10.692674224195223,10.913526689316093,34.14548890357968,39.83496086120255,0.13473371368494988,2.7320350034900813,0.6383856236497771,3.667790632406221,RED,105.76717294221939,9.75,NaN
2520.0,398.59701703989225,0.2647792827530469,10.357263472956669,10.564353511046795,32.75767452132874,38.57652770862949,0.13441939211551335,2.8298230077222772,0.6473146623022853,3.8660082608138664,RED,107.11662210101349,9.75,NaN
2521.0,398.75583653302414,0.2559089720701407,10.033582372747855,10.212473453895642,31.402679840842826,37.30647004097905,0.13325464321215474,2.9273633079424197,0.6524007111295154,4.0713402763393365,RED,108.47376477921289,9.75,NaN
2522.0,398.9517616858721,0.24698036565439985,9.708229364021717,9.858583626287464,30.048537180685862,36.031394961385196,0.13191479662052094,3.0245565404961874,0.6568036813315328,4.2841058638324485,RED,109.85629479855308,9.75,NaN
2523.0,398.93188338272853,0.23800529168586904,9.394189231235092,9.500093695741723,28.668083564544073,34.71944707899004,0.13036337260968886,3.1210702767074707,0.6602978731306621,4.504364288224091,RED,111.15733924395633,9.75,NaN
2524.0,398.8915972247118,0.22901546961580901,9.073063205806218,9.140799122337548,27.311063699731825,33.40298028433309,0.12738378870284234,3.216173191686164,0.6566042160607382,4.731523362557991,RED,112.45170953364794,9.75,NaN
2525.0,398.89051725814835,0.21996946264969114,8.776835553422144,8.77972982611935,25.968741265401306,32.08344744877008,0.12549701956667525,3.3093457639285835,0.6584981143287227,4.965307796775001,RED,113.77065003504325,9.75,NaN
2526.0,398.77871623990654,0.21087274841589004,8.443942690477204,8.4154694125979,24.624772889963207,30.74372459942644,0.12354689547874467,3.400309104671613,0.6601673269756761,5.205754569367104,RED,115.0490572103533,9.75,NaN
2527.0,398.87841924210824,0.2017009544518992,8.08950253490733,8.0504494104306,23.280430698187452,29.41757230689001,0.1214492254108297,3.489687533746718,0.6611574901680162,5.454330878343693,RED,116.42988977790341,9.75,NaN
2528.0,398.85398068576166,0.1924516132575286,7.761541408228876,7.681047012873997,21.936212366991555,28.06599984092241,0.11937941800488838,3.5768505908021635,0.6623878386626045,5.7106330813676305,RED,117.76805873548437,9.75,NaN
2529.0,398.8255880704623,0.18313028572887585,7.457168841176539,7.308757996674508,20.591421499842113,26.70378117981013,0.11874814490240826,3.6616654341167245,0.6718175083997499,5.974998986369845,RED,119.11470577075929,9.75,NaN
2530.0,398.80583469198666,0.17370839299563043,7.09690258109614,6.932557114810214,19.225850306981094,25.32801321913396,0.11919775119423069,3.744467048622297,0.6878924152781135,6.248588996425325,RED,120.47964052947378,9.75,NaN
2531.0,398.93470185876396,0.16395744842602833,6.729989402824194,6.544462156383034,17.82826211191189,23.917839139164663,0.12056263675784326,3.8252364677357447,0.7100501761881347,6.532103740100426,RED,121.96049312797555,9.75,NaN
2532.0,399.05300778499355,0.1536719334018851,6.324317931432222,6.134818965278466,16.372732224890964,22.427378077672458,0.1221791616891685,3.903604095084436,0.734713961396985,6.8256681681276685,RED,123.51585033880134,9.75,NaN
2533.0,399.071506517377,0.14305627989760067,5.911105992014245,5.711158187351357,14.86448577470984,20.87954710595264,0.12433138630536687,3.979572343171589,0.7637835154326431,7.130114180718058,RED,125.07382957138134,9.75,NaN
2534.0,398.97369897520184,0.13280920125436926,5.529989724290499,5.301419854510973,13.378288423113082,19.37682565967055,0.1274277625151733,4.053867793963045,0.8000870375494288,7.447488386691439,RED,126.52289722593085,9.75,NaN
2535.0,398.81524828642915,0.12323115794807851,5.209881544654517,4.91811079898346,11.963064620301818,17.96868220179213,0.13253858597853035,4.12717530078654,0.8509383187954869,7.7798098725058615,RED,127.84413414261768,9.75,NaN
2536.0,398.68217200950653,0.11442368664008878,4.902782446010451,NaN,10.665836215817531,NaN,0.13332221515630177,4.161941966632138,0.8657117768137389,7.94830332265442,RED,NaN,NaN,NaN
2537.0,398.4617365946561,0.10646853958078858,4.648706264110225,NaN,9.486647422779564,NaN,0.1343259608812106,4.197656152346316,0.8822203950970536,8.123066444748803,RED,NaN,NaN,NaN
2538.0,398.32414636265815,0.099381727765505,4.410052039313372,NaN,8.428731864238607,NaN,0.13548673353843216,4.234312911414692,0.9000835823346667,8.304150192300238,RED,NaN,NaN,NaN
2539.0,398.1322185834387,0.09317828101822985,4.163192439838843,NaN,7.4958326516099,NaN,0.1366742922103451,4.271859604527193,0.9185048467318992,8.491570301743119,RED,NaN,NaN,NaN
2540.0,397.9780213764766,0.08792979153935675,3.970827820230589,NaN,6.708038821724405,NaN,0.1378279221373832,4.310256772597965,0.9371088932162808,8.685496767198561,RED,NaN,NaN,NaN
2541.0,397.6310872460665,0.08389225761631086,3.827797238382752,NaN,6.078871289169353,NaN,0.13898801803924235,4.349510406873724,0.956166760173633,8.886288683628454,RED,NaN,NaN,NaN
2542.0,397.3570154960456,0.08127976334037734,3.7556513628598753,NaN,5.634167434748619,NaN,0.14018872905074253,4.389536056156639,0.9759294559514735,9.094042343739769,RED,NaN,NaN,NaN
2543.0,397.2080432571182,0.07987915721876811,3.714589860515167,NaN,5.3718209901480325,NaN,0.1412636267000522,4.4302896617112495,0.9952837783966091,9.308925478558738,RED,NaN,NaN,NaN
2544.0,397.1566749364001,0.0789885603490219,3.680582435139397,NaN,5.22071124233644,NaN,0.14242216631630183,4.471745828672763,1.0156746362340336,9.531251287900352,RED,NaN,NaN,NaN
2545.0,397.12510814499586,0.07834101224798742,3.6433917544629346,NaN,5.114831515626271,NaN,0.1432843107901165,4.51377776606226,1.0344605115700765,9.761098585654128,RED,NaN,NaN,NaN
2546.0,397.0795940187525,0.07782275532816667,3.61671211291764,NaN,5.0277785970543905,NaN,0.14424172731526647,4.556415523496107,1.0543936792028556,9.998888213961946,RED,NaN,NaN,NaN
2547.0,397.04357426988236,0.07740598094568642,3.614470949370971,NaN,4.9540531407208,NaN,0.14497884865604407,4.599622034431355,1.0732270405863649,10.24486297146098,RED,NaN,NaN,NaN
2548.0,396.9916174715635,0.0770458660852848,3.6039302428917015,NaN,4.894476361423655,NaN,0.1458564705200654,4.643110286627702,1.093599400186707,10.498928080792167,RED,NaN,NaN,NaN
2549.0,396.9211787952922,0.0767280345745951,3.620054548886077,NaN,4.830726310578897,NaN,0.14698565389288584,4.687173243586345,1.1163993687630291,10.762214567713709,RED,NaN,NaN,NaN
2550.0,396.8727861088988,0.07643945640277178,3.624183220729805,NaN,4.769420111974076,NaN,0.1478477788811899,4.7317492218522395,1.1378196300618757,11.035106947547122,RED,NaN,NaN,NaN
2551.0,396.8379960481107,0.0761689778583262,3.638747893774244,NaN,4.713383095665964,NaN,0.14857788112970388,4.776379017446323,1.158854198716309,11.316925213760456,RED,NaN,NaN,NaN
2552.0,396.702479562087,0.07590176340862008,3.628895930126331,NaN,4.666361884581089,NaN,0.14895398322437226,4.8214593574885924,1.1777690002652,11.609370933795786,RED,NaN,NaN,NaN
2553.0,396.6253169753368,0.07564187651853324,3.628087801794166,NaN,4.627699826109234,NaN,0.14943032032688117,4.866737244999744,1.198088413822523,11.912428286685925,RED,NaN,NaN,NaN
2554.0,396.5726888839865,0.07539317942261493,3.6210388398852444,NaN,4.588567225125236,NaN,0.15028563377950235,4.9118683868879724,1.2221306312094236,12.225992772905352,RED,NaN,NaN,NaN
2555.0,396.40858634150317,0.07515249684503017,3.575617874188818,NaN,4.542362440414036,NaN,0.15171439311272272,4.957564917794255,1.251630251842744,12.552880491334278,RED,NaN,NaN,NaN
2556.0,396.3314738939896,0.07492589483939559,3.5559202895674153,NaN,4.5012262030138706,NaN,0.1531888424257932,5.003585961831846,1.2825286966079432,12.893383896254196,RED,NaN,NaN,NaN
2557.0,396.2395508681459,0.07470585294253373,3.5149864591207436,NaN,4.478171854517208,NaN,0.15509341900684004,5.0493377105064985,1.318081465811921,13.247169625247974,RED,NaN,NaN,NaN
2558.0,396.0844655725419,0.07450143623388275,3.502534203562333,NaN,4.446083504784289,NaN,0.15693025532641988,5.095814316831127,1.3543830453725625,13.617890140783334,RED,NaN,NaN,NaN
2559.0,395.9157599452943,0.07430011014554845,3.482829150953304,NaN,4.415824812044799,NaN,0.1589226617222534,5.142666052080883,1.3933695483516544,14.005753096298038,RED,NaN,NaN,NaN
2560.0,395.7725889349124,0.07409817065165508,3.4849630516914063,NaN,4.3900468077044765,NaN,0.16111680373461515,5.189821176883737,1.4355594526259488,14.411827811563326,RED,NaN,NaN,NaN
2561.0,395.6195051346657,0.07390619275301684,3.4952379285015667,NaN,4.361175959993154,NaN,0.16346887389762002,5.237104949680425,1.4806760043194964,14.83682682281794,RED,NaN,NaN,NaN
2562.0,395.4209584939703,0.0737261040974199,3.501531600648303,NaN,4.330403469307068,NaN,0.16584406297631182,5.284788845228819,1.5275764815541875,15.282286290124258,RED,NaN,NaN,NaN
2563.0,395.2460770802105,0.07355403967472425,3.4995087478631812,NaN,4.2967422817469405,NaN,0.1678304454416624,5.332779135715649,1.572371703942248,15.749261755576857,RED,NaN,NaN,NaN
2564.0,395.000461436962,0.07338487713217322,3.511959468903586,NaN,4.264052346285309,NaN,0.1694800777377121,5.381941187368987,1.6154875106572777,16.241633025265074,RED,NaN,NaN,NaN
2565.0,394.85987535839973,0.07321511783760777,3.52404456545394,NaN,4.239051822466228,NaN,0.17101055878601815,5.4314846579053855,1.6589790150513857,16.758039887419198,RED,NaN,NaN,NaN
2566.0,394.71022891254177,0.07304939841540056,3.5169300796261944,NaN,4.2099236767462385,NaN,NaN,NaN,NaN,NaN,OFFLINE,NaN,NaN,NaN
2567.0,394.47770154136674,0.07288048151263223,3.5132929650501485,NaN,4.164400125224252,NaN,NaN,NaN,NaN,NaN,OFFLINE,NaN,NaN,NaN
2568.0,394.30134845146927,0.07271506046643224,3.5081564729311716,NaN,4.120727140149252,NaN,NaN,NaN,NaN,NaN,OFFLINE,NaN,NaN,NaN
2569.0,394.14122374785603,0.07254988228442419,3.484358911952738,NaN,4.087774799026168,NaN,NaN,NaN,NaN,NaN,OFFLINE,NaN,NaN,NaN
2570.0,393.969891061715,0.07239019977213058,3.4709224165457604,NaN,4.05390419770216,NaN,NaN,NaN,NaN,NaN,OFFLINE,NaN,NaN,NaN
2571.0,393.85796901542346,0.07222814412973301,3.4422287201185733,NaN,4.020880828282639,NaN,NaN,NaN,NaN,NaN,OFFLINE,NaN,NaN,NaN
2572.0,393.6750759774933,0.07206734582995192,3.4284562675696457,NaN,3.983036313483497,NaN,NaN,NaN,NaN,NaN,OFFLINE,NaN,NaN,NaN
2573.0,393.4914832991745,0.07189844696852357,3.404746020665711,NaN,3.9453271514829624,NaN,NaN,NaN,NaN,NaN,OFFLINE,NaN,NaN,NaN
2574.0,393.3746092111793,0.07172302685659317,3.370405451431001,NaN,3.9021738700780886,NaN,NaN,NaN,NaN,NaN,OFFLINE,NaN,NaN,NaN
2575.0,393.14426812913706,0.07153592983431492,3.372353777791668,NaN,3.8627041640107684,NaN,NaN,NaN,NaN,NaN,OFFLINE,NaN,NaN,NaN
2576.0,393.01220128331687,0.07133306884428763,3.3852870024435244,NaN,3.823624874152637,NaN,NaN,NaN,NaN,NaN,OFFLINE,NaN,NaN,NaN
2577.0,392.87467336404364,0.0711377102760978,3.398429279598296,NaN,3.7888763950074766,NaN,NaN,NaN,NaN,NaN,OFFLINE,NaN,NaN,NaN
2578.0,392.67720426243756,0.07094922268284637,3.3833545839195125,NaN,3.749062560834267,NaN,NaN,NaN,NaN,NaN,OFFLINE,NaN,NaN,NaN
2579.0,392.5228385857359,0.0707712143325277,3.3827066592670945,NaN,3.707426252304343,NaN,NaN,NaN,NaN,NaN,OFFLINE,NaN,NaN,NaN
2580.0,392.4085525388688,0.07059676845295576,3.375273505200259,NaN,3.6675773030182857,NaN,NaN,NaN,NaN,NaN,OFFLINE,NaN,NaN,NaN
2581.0,392.25164499237826,0.0704379727419115,3.3927479824368554,NaN,3.628188361710512,NaN,NaN,NaN,NaN,NaN,OFFLINE,NaN,NaN,NaN
2582.0,392.17845921024406,0.07029867000480892,3.3957890390690615,NaN,3.5965686391199396,NaN,NaN,NaN,NaN,NaN,OFFLINE,NaN,NaN,NaN
2583.0,392.0124637588778,0.07019733041039283,3.395907196955466,NaN,3.567872409287954,NaN,NaN,NaN,NaN,NaN,OFFLINE,NaN,NaN,NaN
2584.0,391.86529868543045,0.07013526958868575,3.3794392100785138,NaN,3.550329696980787,NaN,NaN,NaN,NaN,NaN,OFFLINE,NaN,NaN,NaN
2585.0,391.8089215819255,0.07010829223424664,3.3648274784819137,NaN,3.5281422129289775,NaN,NaN,NaN,NaN,NaN,OFFLINE,NaN,NaN,NaN
2586.0,391.6148456032122,0.07011418481344045,3.35026725553969,NaN,3.511058072072749,NaN,NaN,NaN,NaN,NaN,OFFLINE,NaN,NaN,NaN
2587.0,391.52117038339543,0.07013387762991721,3.3542125013311903,NaN,3.4912127660477736,NaN,NaN,NaN,NaN,NaN,OFFLINE,NaN,NaN,NaN
2588.0,391.4568593343296,0.07016521682524333,3.359154876922503,NaN,3.4832644602550573,NaN,NaN,NaN,NaN,NaN,OFFLINE,NaN,NaN,NaN
2589.0,391.3818648371997,0.07021967946723157,3.3519666830799055,NaN,3.4745787370925747,NaN,NaN,NaN,NaN,NaN,OFFLINE,NaN,NaN,NaN
2590.0,391.3220564817789,0.07030169123535653,3.345066569417494,NaN,3.463169836928875,NaN,NaN,NaN,NaN,NaN,OFFLINE,NaN,NaN,NaN
2591.0,391.18290561061946,0.07041372795658041,3.3043608706476024,NaN,3.4580430304533447,NaN,NaN,NaN,NaN,NaN,OFFLINE,NaN,NaN,NaN
2592.0,391.1312335134791,0.0705568623967339,3.271091855335959,NaN,3.449162418414564,NaN,NaN,NaN,NaN,NaN,OFFLINE,NaN,NaN,NaN
2593.0,391.09823461869775,0.07070900640451011,3.2712031078913397,NaN,3.444890664936835,NaN,NaN,NaN,NaN,NaN,OFFLINE,NaN,NaN,NaN
2594.0,391.07702690277154,0.07086933285386116,3.287814725653583,NaN,3.4323299890717847,NaN,NaN,NaN,NaN,NaN,OFFLINE,NaN,NaN,NaN
2595.0,391.03516540520616,0.07103336749247409,3.28027118859157,NaN,3.425726592101074,NaN,NaN,NaN,NaN,NaN,OFFLINE,NaN,NaN,NaN
2596.0,391.089306251105,0.07119068242584528,3.2709080712295306,NaN,3.4192882361607415,NaN,NaN,NaN,NaN,NaN,OFFLINE,NaN,NaN,NaN
2597.0,391.0495065658319,0.0713491728219054,3.267811260443134,NaN,3.4188212051598885,NaN,NaN,NaN,NaN,NaN,OFFLINE,NaN,NaN,NaN
2598.0,391.1422659583197,0.07150769513725931,3.2819803858964196,NaN,3.416821399483304,NaN,NaN,NaN,NaN,NaN,OFFLINE,NaN,NaN,NaN
2599.0,391.12856963032783,0.07165502904624005,3.297863926015772,NaN,3.4137821864664746,NaN,NaN,NaN,NaN,NaN,OFFLINE,NaN,NaN,NaN
2600.0,391.10286435838765,0.07178100339648968,3.299573992880823,NaN,3.414279065313246,NaN,NaN,NaN,NaN,NaN,OFFLINE,NaN,NaN,NaN
2601.0,391.13992941923846,0.07186589622782855,3.3345632028763528,NaN,3.4104444949904495,NaN,NaN,NaN,NaN,NaN,OFFLINE,NaN,NaN,NaN
2602.0,391.17189027997625,0.07190737326842331,3.370963402177711,NaN,3.4108254939648304,NaN,NaN,NaN,NaN,NaN,OFFLINE,NaN,NaN,NaN
2603.0,391.21063623810255,0.07192744772863023,3.3889851908361797,NaN,3.4072964251237967,NaN,NaN,NaN,NaN,NaN,OFFLINE,NaN,NaN,NaN
2604.0,391.2604573055852,0.07191083859349326,3.390570705989805,NaN,3.407461466154173,NaN,NaN,NaN,NaN,NaN,OFFLINE,NaN,NaN,NaN
2605.0,391.3343901999576,0.07186893411192068,3.3817138261176973,NaN,3.409580663214436,NaN,NaN,NaN,NaN,NaN,OFFLINE,NaN,NaN,NaN
2606.0,391.36715517331504,0.07181556505269383,3.386693030141135,NaN,3.407765211880293,NaN,NaN,NaN,NaN,NaN,OFFLINE,NaN,NaN,NaN
2607.0,391.39213713028187,0.07174453352163472,3.383382205243606,NaN,3.4061007555313885,NaN,NaN,NaN,NaN,NaN,OFFLINE,NaN,NaN,NaN
2608.0,391.38554366105114,0.07165576180220197,3.384351509116923,NaN,3.401381284364874,NaN,NaN,NaN,NaN,NaN,OFFLINE,NaN,NaN,NaN
2609.0,391.47728793906197,0.07154976754207316,3.380304115576873,NaN,3.3970656369960865,NaN,NaN,NaN,NaN,NaN,OFFLINE,NaN,NaN,NaN
2610.0,391.53939665621897,0.07143460134226189,3.3923538670625066,NaN,3.3917720337345343,NaN,NaN,NaN,NaN,NaN,OFFLINE,NaN,NaN,NaN
2611.0,391.6671260833285,0.07131937546724916,3.3886389012729947,NaN,3.3908502620223233,NaN,NaN,NaN,NaN,NaN,OFFLINE,NaN,NaN,NaN
2612.0,391.69089175188236,0.071206408923119,3.382219756704029,NaN,3.387212336331466,NaN,NaN,NaN,NaN,NaN,OFFLINE,NaN,NaN,NaN
2613.0,391.74286295949463,0.07109016024290943,3.3628971571325086,NaN,3.378382641206316,NaN,NaN,NaN,NaN,NaN,OFFLINE,NaN,NaN,NaN
2614.0,391.83961127790377,0.07098604783331924,3.362051126205613,NaN,3.3754119026595375,NaN,NaN,NaN,NaN,NaN,OFFLINE,NaN,NaN,NaN
2615.0,391.84532766509113,0.070895369283031,3.385914569157072,NaN,3.3709996887304254,NaN,NaN,NaN,NaN,NaN,OFFLINE,NaN,NaN,NaN
2616.0,391.9009973795888,0.0708049807819777,3.3934533492132686,NaN,3.373152245147891,NaN,NaN,NaN,NaN,NaN,OFFLINE,NaN,NaN,NaN
2617.0,391.9574579725018,0.07072193371849747,3.381475310869081,NaN,3.374618301109215,NaN,NaN,NaN,NaN,NaN,OFFLINE,NaN,NaN,NaN
2618.0,392.0736858072268,0.07064949773851133,3.3671816848549696,NaN,3.3771975061477604,NaN,NaN,NaN,NaN,NaN,OFFLINE,NaN,NaN,NaN
2619.0,392.11696860776624,0.07059296866919863,3.3595406547490225,NaN,3.3831495177751747,NaN,NaN,NaN,NaN,NaN,OFFLINE,NaN,NaN,NaN
2620.0,392.1653062196236,0.07054393508274646,3.338902666343401,NaN,3.3910433951429795,NaN,NaN,NaN,NaN,NaN,OFFLINE,NaN,NaN,NaN
2621.0,392.17735209848456,0.07050262457759755,3.325920592868378,NaN,3.394110700250087,NaN,NaN,NaN,NaN,NaN,OFFLINE,NaN,NaN,NaN
2622.0,392.2757651955404,0.0704579667099862,3.315183263482036,NaN,3.394855140642424,NaN,NaN,NaN,NaN,NaN,OFFLINE,NaN,NaN,NaN
2623.0,392.31302340767047,0.0704208667760276,3.326589745019868,NaN,3.404675081949838,NaN,NaN,NaN,NaN,NaN,OFFLINE,NaN,NaN,NaN
2624.0,392.303858315623,0.07038083026703977,3.3424668401635977,NaN,3.4089977523411914,NaN,NaN,NaN,NaN,NaN,OFFLINE,NaN,NaN,NaN
2625.0,392.35493393944927,0.0703320659128918,3.3523247884317313,NaN,3.411457565996061,NaN,NaN,NaN,NaN,NaN,OFFLINE,NaN,NaN,NaN
2626.0,392.38210877482567,0.0702852403088931,3.3716049330051066,NaN,3.4105235039943547,NaN,NaN,NaN,NaN,NaN,OFFLINE,NaN,NaN,NaN
2627.0,392.3967911123818,0.07023588197832144,3.389405034962417,NaN,3.4125759823402095,NaN,NaN,NaN,NaN,NaN,OFFLINE,NaN,NaN,NaN
2628.0,392.36980761839146,0.07018410888378437,3.398336134355378,NaN,3.4229718114982997,NaN,NaN,NaN,NaN,NaN,OFFLINE,NaN,NaN,NaN
2629.0,392.39340388865935,0.07013325589758586,3.3977478513027646,NaN,3.4333307697878994,NaN,NaN,NaN,NaN,NaN,OFFLINE,NaN,NaN,NaN
2630.0,392.44615304831467,0.07008340628744883,3.408984001342013,NaN,3.439277514148387,NaN,NaN,NaN,NaN,NaN,OFFLINE,NaN,NaN,NaN
2631.0,392.3995509500865,0.07003995718961559,3.402636416462692,NaN,3.4403573038684048,NaN,NaN,NaN,NaN,NaN,OFFLINE,NaN,NaN,NaN
2632.0,392.40439433757473,0.0700028988895185,3.406948718961048,NaN,3.4431401765614575,NaN,NaN,NaN,NaN,NaN,OFFLINE,NaN,NaN,NaN
2633.0,392.4644381207799,0.06994677921984362,3.4042591181026447,NaN,3.446908028169844,NaN,NaN,NaN,NaN,NaN,OFFLINE,NaN,NaN,NaN
2634.0,392.43325900279063,0.0698848460753117,3.3928284934815305,NaN,3.450328240161055,NaN,NaN,NaN,NaN,NaN,OFFLINE,NaN,NaN,NaN
2635.0,392.4484641853773,0.0698171313752166,3.3911107540264527,NaN,3.452998744493,NaN,NaN,NaN,NaN,NaN,OFFLINE,NaN,NaN,NaN
2636.0,392.4046442021,0.0697315848922526,3.377034876117287,NaN,3.455137254865331,NaN,NaN,NaN,NaN,NaN,OFFLINE,NaN,NaN,NaN
2637.0,392.44345387773075,0.06963518584939797,3.3655891109185205,NaN,3.455346189786765,NaN,NaN,NaN,NaN,NaN,OFFLINE,NaN,NaN,NaN
2638.0,392.45588598045117,0.06936991153763646,3.332227257267559,NaN,3.446562144308311,NaN,NaN,NaN,NaN,NaN,OFFLINE,NaN,NaN,NaN
2639.0,394.15792657655646,0.0636915704803944,3.0035504313914547,NaN,3.0163231625537854,NaN,NaN,NaN,NaN,NaN,OFFLINE,NaN,NaN,NaN
2640.0,393.6804464461756,0.05613857737922053,2.765906584399857,NaN,2.598808940009789,NaN,NaN,NaN,NaN,NaN,OFFLINE,NaN,NaN,NaN
2641.0,393.92957917668514,0.04858440603976698,2.482137172194422,NaN,2.202133781184316,NaN,NaN,NaN,NaN,NaN,OFFLINE,NaN,NaN,NaN
2642.0,393.6966744404973,0.04104117469131319,2.245255008790039,NaN,1.8115493386820012,NaN,NaN,NaN,NaN,NaN,OFFLINE,NaN,NaN,NaN
2643.0,393.79320240452176,0.03351620811788759,1.977524020721301,NaN,1.4253237989829317,NaN,NaN,NaN,NaN,NaN,OFFLINE,NaN,NaN,NaN
2644.0,393.6751701689668,0.026002817145746863,1.724485019540823,NaN,1.0452070120058883,NaN,NaN,NaN,NaN,NaN,OFFLINE,NaN,NaN,NaN
2645.0,393.60666042647694,0.018504424078304094,1.4601973364240528,NaN,0.6685422002357666,NaN,NaN,NaN,NaN,NaN,OFFLINE,NaN,NaN,NaN
2646.0,393.7511299743841,0.011031021042312801,1.1739596008565716,NaN,0.2974153609897747,NaN,NaN,NaN,NaN,NaN,OFFLINE,NaN,NaN,NaN
2647.0,393.688469645383,0.003571755477882399,0.9218418219852411,NaN,-0.075144174860338,NaN,NaN,NaN,NaN,NaN,OFFLINE,NaN,NaN,NaN
2648.0,393.67862571597766,0.0,0.6833251923028538,NaN,-0.4469294224721946,NaN,NaN,NaN,NaN,NaN,OFFLINE,NaN,NaN,NaN
2649.0,391.96240540951953,0.0,0.7628284678537083,NaN,-0.39666932106971553,NaN,NaN,NaN,NaN,NaN,OFFLINE,NaN,NaN,NaN
2650.0,392.43830147206415,0.0,0.7257455614918138,NaN,-0.3523747984973414,NaN,NaN,NaN,NaN,NaN,OFFLINE,NaN,NaN,NaN
2651.0,392.12544728044344,0.0,0.7657973509890675,NaN,-0.32345893959591876,NaN,NaN,NaN,NaN,NaN,OFFLINE,NaN,NaN,NaN
2652.0,392.46291694216114,0.0,0.7227589290981943,NaN,-0.29895002735668225,NaN,NaN,NaN,NaN,NaN,OFFLINE,NaN,NaN,NaN
2653.0,392.2836705712623,0.0,0.7396661973294488,NaN,-0.2814879201949118,NaN,NaN,NaN,NaN,NaN,OFFLINE,NaN,NaN,NaN
2654.0,392.5351435901241,0.0,0.715485160301504,NaN,-0.2695746393194234,NaN,NaN,NaN,NaN,NaN,OFFLINE,NaN,NaN,NaN
2655.0,392.521787419718,0.0,0.7118935186090126,NaN,-0.25929612656107,NaN,NaN,NaN,NaN,NaN,OFFLINE,NaN,NaN,NaN
2656.0,392.5511536184957,0.0,0.7011058570320986,NaN,-0.2529385353802829,NaN,NaN,NaN,NaN,NaN,OFFLINE,NaN,NaN,NaN
2657.0,392.5357694319274,0.0,0.7156471031016571,NaN,-0.2465142254850881,NaN,NaN,NaN,NaN,NaN,OFFLINE,NaN,NaN,NaN
2658.0,392.68210656418535,0.0,0.7076537988123051,NaN,-0.24000563931906285,NaN,NaN,NaN,NaN,NaN,OFFLINE,NaN,NaN,NaN
2659.0,392.6076688786329,0.0,0.714779793525089,NaN,-0.23826919698882304,NaN,NaN,NaN,NaN,NaN,OFFLINE,NaN,NaN,NaN
2660.0,392.7115997187386,0.0,0.7015706625358892,NaN,-0.2382727085001076,NaN,NaN,NaN,NaN,NaN,OFFLINE,NaN,NaN,NaN
2661.0,392.68204348125914,0.0,0.7160452082228194,NaN,-0.2383517175040113,NaN,NaN,NaN,NaN,NaN,OFFLINE,NaN,NaN,NaN
2662.0,392.7154580156286,0.0,0.7184124579989206,NaN,-0.2383113351242383,NaN,NaN,NaN,NaN,NaN,OFFLINE,NaN,NaN,NaN
2663.0,392.62411446873006,0.0,0.7318775465913964,NaN,-0.2384816434215419,NaN,NaN,NaN,NaN,NaN,OFFLINE,NaN,NaN,NaN
2664.0,392.6808583875092,0.0,0.7375884599503393,NaN,-0.23869233409861856,NaN,NaN,NaN,NaN,NaN,OFFLINE,NaN,NaN,NaN
2665.0,392.66429331701875,0.0,0.7436808033347863,NaN,-0.23872744921146466,NaN,NaN,NaN,NaN,NaN,OFFLINE,NaN,NaN,NaN
2666.0,392.57657098041176,0.0,0.7588697183037622,NaN,-0.2391295172535526,NaN,NaN,NaN,NaN,NaN,OFFLINE,NaN,NaN,NaN
2667.0,392.62450659004514,0.0,0.7470242111646274,NaN,-0.23918745718974868,NaN,NaN,NaN,NaN,NaN,OFFLINE,NaN,NaN,NaN
2668.0,392.55238495039544,0.0,0.756564207302073,NaN,-0.23946662233687524,NaN,NaN,NaN,NaN,NaN,OFFLINE,NaN,NaN,NaN
2669.0,392.5932367972082,0.0,0.7509670528779195,NaN,-0.23937181153219075,NaN,NaN,NaN,NaN,NaN,OFFLINE,NaN,NaN,NaN
2670.0,392.45436928505296,0.0,0.7783211662371234,NaN,-0.2395491428520636,NaN,NaN,NaN,NaN,NaN,OFFLINE,NaN,NaN,NaN
2671.0,392.5410868277473,0.0,0.7752459921546001,NaN,-0.23940517088939461,NaN,NaN,NaN,NaN,NaN,OFFLINE,NaN,NaN,NaN
2672.0,392.45784863764294,0.0,0.7980579833688611,NaN,-0.23984235404432866,NaN,NaN,NaN,NaN,NaN,OFFLINE,NaN,NaN,NaN
2673.0,392.47564900743447,0.0,0.793263023807253,NaN,-0.2399266303151593,NaN,NaN,NaN,NaN,NaN,OFFLINE,NaN,NaN,NaN
2674.0,392.3174878028755,0.0,0.7984034033718431,NaN,-0.2398160177096941,NaN,NaN,NaN,NaN,NaN,OFFLINE,NaN,NaN,NaN
2675.0,392.33877293094235,0.0,0.7936485970313727,NaN,-0.23980723893148256,NaN,NaN,NaN,NaN,NaN,OFFLINE,NaN,NaN,NaN
2676.0,392.3084293064375,0.0,0.7967651519494375,NaN,-0.2395649446528445,NaN,NaN,NaN,NaN,NaN,OFFLINE,NaN,NaN,NaN
2677.0,392.24151508223645,0.0,0.7841871682157969,NaN,-0.2399740357175016,NaN,NaN,NaN,NaN,NaN,OFFLINE,NaN,NaN,NaN
2678.0,392.143812036901,0.0,0.7755524354002495,NaN,-0.24014258825916288,NaN,NaN,NaN,NaN,NaN,OFFLINE,NaN,NaN,NaN
2679.0,392.1636088582355,0.0,0.7567775564554035,NaN,-0.24044106671835472,NaN,NaN,NaN,NaN,NaN,OFFLINE,NaN,NaN,NaN
2680.0,392.10160879556736,0.0,0.7491722294683784,NaN,-0.24069389553084672,NaN,NaN,NaN,NaN,NaN,OFFLINE,NaN,NaN,NaN
2681.0,392.14023816425754,0.0,0.7272041720064051,NaN,-0.24065878041800048,NaN,NaN,NaN,NaN,NaN,OFFLINE,NaN,NaN,NaN
2682.0,391.98356193685277,0.0,0.7216270686175204,NaN,-0.24035679044752403,NaN,NaN,NaN,NaN,NaN,OFFLINE,NaN,NaN,NaN
2683.0,392.09890339178594,0.0,0.7012234522619004,NaN,-0.24044633398528154,NaN,NaN,NaN,NaN,NaN,OFFLINE,NaN,NaN,NaN
2684.0,392.04101485719883,0.0,0.7095342994771395,NaN,-0.24068336099699278,NaN,NaN,NaN,NaN,NaN,OFFLINE,NaN,NaN,NaN
2685.0,392.047792739123,0.0,0.7027230855578318,NaN,-0.24090107469663866,NaN,NaN,NaN,NaN,NaN,OFFLINE,NaN,NaN,NaN
2686.0,391.92147922330895,0.0,0.7075937991582993,NaN,-0.24113634595270764,NaN,NaN,NaN,NaN,NaN,OFFLINE,NaN,NaN,NaN
2687.0,391.9942753604863,0.0,0.7177600832442875,NaN,-0.24084313476044267,NaN,NaN,NaN,NaN,NaN,OFFLINE,NaN,NaN,NaN
2688.0,391.98062049463937,0.0,0.7418408139452901,NaN,-0.24068862826391985,NaN,NaN,NaN,NaN,NaN,OFFLINE,NaN,NaN,NaN
2689.0,391.9476627463494,0.0,0.7659370432781456,NaN,-0.24046213578606243,NaN,NaN,NaN,NaN,NaN,OFFLINE,NaN,NaN,NaN
2690.0,391.9501399356031,0.0,0.7888772690470452,NaN,-0.2403234310903203,NaN,NaN,NaN,NaN,NaN,OFFLINE,NaN,NaN,NaN
2691.0,391.9750110692284,0.0,0.8106911074494906,NaN,-0.2399547224054362,NaN,NaN,NaN,NaN,NaN,OFFLINE,NaN,NaN,NaN
2692.0,391.9618451709758,0.0,0.838896724849808,NaN,-0.2401829706389358,NaN,NaN,NaN,NaN,NaN,OFFLINE,NaN,NaN,NaN
2693.0,391.9621400432755,0.0,0.8569743699636684,NaN,-0.2398493770668978,NaN,NaN,NaN,NaN,NaN,OFFLINE,NaN,NaN,NaN
2694.0,391.9868320293208,0.0,0.876403362783553,NaN,-0.2394947144271522,NaN,NaN,NaN,NaN,NaN,OFFLINE,NaN,NaN,NaN
2695.0,392.05269587656164,0.0,0.8843300689914777,NaN,-0.23916112085511426,NaN,NaN,NaN,NaN,NaN,OFFLINE,NaN,NaN,NaN
2696.0,392.0950736236455,0.0,0.904159571010733,NaN,-0.23884684059514164,NaN,NaN,NaN,NaN,NaN,OFFLINE,NaN,NaN,NaN
2697.0,392.119210310623,0.0,0.9191182059777204,NaN,-0.23877309885816475,NaN,NaN,NaN,NaN,NaN,OFFLINE,NaN,NaN,NaN
2698.0,392.1151804457323,0.0,0.9294460748096616,NaN,-0.23822530309776546,NaN,NaN,NaN,NaN,NaN,OFFLINE,NaN,NaN,NaN
2699.0,392.16562053435945,0.0,0.93341121818463,NaN,-0.23787064045801987,NaN,NaN,NaN,NaN,NaN,OFFLINE,NaN,NaN,NaN
2700.0,392.18640077592744,0.0,0.9178306430701145,NaN,-0.23773895878484697,NaN,NaN,NaN,NaN,NaN,OFFLINE,NaN,NaN,NaN
2701.0,392.1599974030526,0.0,0.8988729007296428,NaN,-0.23796720701834664,NaN,NaN,NaN,NaN,NaN,OFFLINE,NaN,NaN,NaN
2702.0,392.25418659277665,0.0,0.8680679632802308,NaN,-0.23766521704787005,NaN,NaN,NaN,NaN,NaN,OFFLINE,NaN,NaN,NaN
2703.0,392.31556803888907,0.0,0.8454368917387892,NaN,-0.23752300084084335,NaN,NaN,NaN,NaN,NaN,OFFLINE,NaN,NaN,NaN
2704.0,392.34051601624253,0.0,0.8249222785807898,NaN,-0.23722101087036687,NaN,NaN,NaN,NaN,NaN,OFFLINE,NaN,NaN,NaN
2705.0,392.4066297376481,0.0,0.8133175373166791,NaN,-0.2370190989715018,NaN,NaN,NaN,NaN,NaN,OFFLINE,NaN,NaN,NaN
2706.0,392.4852245168401,0.0,0.8032296159501585,NaN,-0.2371139097761862,NaN,NaN,NaN,NaN,NaN,OFFLINE,NaN,NaN,NaN
2707.0,392.58582994819255,0.0,0.7900382853698185,NaN,-0.23757216199882789,NaN,NaN,NaN,NaN,NaN,OFFLINE,NaN,NaN,NaN
2708.0,392.61654474088135,0.0,0.7846338152565244,NaN,-0.23804797177789258,NaN,NaN,NaN,NaN,NaN,OFFLINE,NaN,NaN,NaN
2709.0,392.70470352830847,0.0,0.7714269860443317,NaN,-0.2385606524254458,NaN,NaN,NaN,NaN,NaN,OFFLINE,NaN,NaN,NaN
2710.0,392.784158604177,0.0,0.7760816395096598,NaN,-0.23878012188073394,NaN,NaN,NaN,NaN,NaN,OFFLINE,NaN,NaN,NaN
2711.0,392.8912611900207,0.0,0.7875992713016724,NaN,-0.23879065641458785,NaN,NaN,NaN,NaN,NaN,OFFLINE,NaN,NaN,NaN
2712.0,392.9703721366531,0.0,0.8033255233254865,NaN,-0.23869935712118795,NaN,NaN,NaN,NaN,NaN,OFFLINE,NaN,NaN,NaN
2713.0,393.01781410254705,0.0,0.821891554369818,NaN,-0.2385834772487958,NaN,NaN,NaN,NaN,NaN,OFFLINE,NaN,NaN,NaN
2714.0,393.11061227775394,0.0,0.8356312705346343,NaN,-0.23865019596320333,NaN,NaN,NaN,NaN,NaN,OFFLINE,NaN,NaN,NaN
2715.0,393.1580140066287,0.0,0.8494580961715485,NaN,-0.23889073448619907,NaN,NaN,NaN,NaN,NaN,OFFLINE,NaN,NaN,NaN
2716.0,393.2481024589939,0.0,0.8613943444753934,NaN,-0.23849393371103808,NaN,NaN,NaN,NaN,NaN,OFFLINE,NaN,NaN,NaN
2717.0,393.3142800672894,0.0,0.877539826818242,NaN,-0.2379830088191273,NaN,NaN,NaN,NaN,NaN,OFFLINE,NaN,NaN,NaN
2718.0,393.4423498563632,0.0,0.8874467262107426,NaN,-0.23783201383388897,NaN,NaN,NaN,NaN,NaN,OFFLINE,NaN,NaN,NaN
2719.0,393.5366218823181,0.0,0.895725501999672,NaN,-0.23762659042373918,NaN,NaN,NaN,NaN,NaN,OFFLINE,NaN,NaN,NaN
2720.0,393.5938294620838,0.0,0.9028892970059861,NaN,-0.23728246231784741,NaN,NaN,NaN,NaN,NaN,OFFLINE,NaN,NaN,NaN
2721.0,393.66816675589064,0.0,0.9081214918978905,NaN,-0.23729475260734356,NaN,NaN,NaN,NaN,NaN,OFFLINE,NaN,NaN,NaN
2722.0,393.75761121562516,0.0,0.9135468314560556,NaN,-0.237521245085201,NaN,NaN,NaN,NaN,NaN,OFFLINE,NaN,NaN,NaN
2723.0,393.8462710855651,0.0,0.9186600500519527,NaN,-0.23771964547278154,NaN,NaN,NaN,NaN,NaN,OFFLINE,NaN,NaN,NaN
2724.0,393.90700838470235,0.0,0.9254546911768035,NaN,-0.2379794973078428,NaN,NaN,NaN,NaN,NaN,OFFLINE,NaN,NaN,NaN
2725.0,393.97293208619016,0.0,0.9376801449740378,NaN,-0.2381322480487234,NaN,NaN,NaN,NaN,NaN,OFFLINE,NaN,NaN,NaN
2726.0,394.0708511142572,0.0,0.94383816572911,NaN,-0.23831835814680777,NaN,NaN,NaN,NaN,NaN,OFFLINE,NaN,NaN,NaN
2727.0,394.14474852558556,0.0,0.9485317448011709,NaN,-0.23840263441763837,NaN,NaN,NaN,NaN,NaN,OFFLINE,NaN,NaN,NaN
2728.0,394.2086974932481,0.0,0.9531783676222713,NaN,-0.23849568946668043,NaN,NaN,NaN,NaN,NaN,OFFLINE,NaN,NaN,NaN
2729.0,394.2666892271883,0.0,0.969252290275475,NaN,-0.2383798095942882,NaN,NaN,NaN,NaN,NaN,OFFLINE,NaN,NaN,NaN
2730.0,394.3276603339017,0.0,0.9844411540938502,NaN,-0.2384535513312651,NaN,NaN,NaN,NaN,NaN,OFFLINE,NaN,NaN,NaN
2731.0,394.36472624958077,0.0,0.9977950412815462,NaN,-0.23862034811728408,NaN,NaN,NaN,NaN,NaN,OFFLINE,NaN,NaN,NaN
2732.0,394.4359456999398,0.0,1.011899614677411,NaN,-0.23833064843630372,NaN,NaN,NaN,NaN,NaN,OFFLINE,NaN,NaN,NaN
2733.0,394.4580180375714,0.0,1.0232123371651223,NaN,-0.23833415994758833,NaN,NaN,NaN,NaN,NaN,OFFLINE,NaN,NaN,NaN
2734.0,394.55115909682314,0.0,1.0251611238811908,NaN,-0.23822705885340786,NaN,NaN,NaN,NaN,NaN,OFFLINE,NaN,NaN,NaN
2735.0,394.6240835547218,0.0,1.017365158607314,NaN,-0.2380848426463811,NaN,NaN,NaN,NaN,NaN,OFFLINE,NaN,NaN,NaN
2736.0,394.60924267953567,0.0,1.005340624367567,NaN,-0.238026902710185,NaN,NaN,NaN,NaN,NaN,OFFLINE,NaN,NaN,NaN
2737.0,394.6138647601192,0.0,0.9858561842970929,NaN,-0.23808133113509647,NaN,NaN,NaN,NaN,NaN,OFFLINE,NaN,NaN,NaN
2738.0,394.639334186347,0.0,0.9597440586607394,NaN,-0.2377266684953509,NaN,NaN,NaN,NaN,NaN,OFFLINE,NaN,NaN,NaN
2739.0,394.5718179317871,0.0,0.929400704227307,NaN,-0.23787590772494674,NaN,NaN,NaN,NaN,NaN,OFFLINE,NaN,NaN,NaN
2740.0,394.5749508133588,0.0,0.893973235889477,NaN,-0.2378320138338891,NaN,NaN,NaN,NaN,NaN,OFFLINE,NaN,NaN,NaN
2741.0,394.56335725316785,0.0,0.862698991683459,NaN,-0.23733337923147443,NaN,NaN,NaN,NaN,NaN,OFFLINE,NaN,NaN,NaN
2742.0,394.51766063988504,0.0,0.8320458180647661,NaN,-0.237440480325655,NaN,NaN,NaN,NaN,NaN,OFFLINE,NaN,NaN,NaN
2743.0,394.4967838932659,0.0,0.8010329534256421,NaN,-0.2373210889419783,NaN,NaN,NaN,NaN,NaN,OFFLINE,NaN,NaN,NaN
2744.0,394.45538210002906,0.0,0.7781001444937674,NaN,-0.23727192778399375,NaN,NaN,NaN,NaN,NaN,OFFLINE,NaN,NaN,NaN
2745.0,394.4029064698192,0.0,0.7650122404269812,NaN,-0.23750895479570497,NaN,NaN,NaN,NaN,NaN,OFFLINE,NaN,NaN,NaN
2746.0,394.38829780606505,0.0,0.7529369647918605,NaN,-0.2377196454727816,NaN,NaN,NaN,NaN,NaN,OFFLINE,NaN,NaN,NaN
2747.0,394.54397583786175,0.0,0.7175880637758993,NaN,-0.23788117499187375,NaN,NaN,NaN,NaN,NaN,OFFLINE,NaN,NaN,NaN
2748.0,394.77418371647803,0.0,0.6299256536899261,NaN,-0.23819721100748872,NaN,NaN,NaN,NaN,NaN,OFFLINE,NaN,NaN,NaN
2749.0,394.56576985241236,0.0,0.5886143829645626,NaN,-0.2377705623864086,NaN,NaN,NaN,NaN,NaN,OFFLINE,NaN,NaN,NaN
2750.0,394.6193279753947,0.0,0.5181762725297268,NaN,-0.2377758296533355,NaN,NaN,NaN,NaN,NaN,OFFLINE,NaN,NaN,NaN
2751.0,394.49124098945185,0.0,0.47142656769255126,NaN,-0.23816385165028486,NaN,NaN,NaN,NaN,NaN,OFFLINE,NaN,NaN,NaN
2752.0,394.49733847357976,0.0,0.4024309041826539,NaN,-0.23850973551181898,NaN,NaN,NaN,NaN,NaN,OFFLINE,NaN,NaN,NaN
2753.0,394.36519759456263,0.0,0.34820195858788705,NaN,-0.2385940117826496,NaN,NaN,NaN,NaN,NaN,OFFLINE,NaN,NaN,NaN
2754.0,394.32460660331236,0.0,0.27655004441090025,NaN,-0.23879943519279936,NaN,NaN,NaN,NaN,NaN,OFFLINE,NaN,NaN,NaN
2755.0,394.2290798008976,0.0,0.21685560603683157,NaN,-0.2385167585343882,NaN,NaN,NaN,NaN,NaN,OFFLINE,NaN,NaN,NaN
2756.0,394.19109358686484,0.0,0.14190933745557363,NaN,-0.2384517955756229,NaN,NaN,NaN,NaN,NaN,OFFLINE,NaN,NaN,NaN
2757.0,393.8121725049413,0.0,0.11912634863161266,NaN,-0.238170874672854,NaN,NaN,NaN,NaN,NaN,OFFLINE,NaN,NaN,NaN
2758.0,393.5377466590249,0.0,0.12673494925704834,NaN,-0.2379935433529812,NaN,NaN,NaN,NaN,NaN,OFFLINE,NaN,NaN,NaN
2759.0,393.5462707074399,0.0,0.1213544687752371,NaN,-0.2379039998152236,NaN,NaN,NaN,NaN,NaN,OFFLINE,NaN,NaN,NaN
2760.0,393.47499305897367,0.0,0.12262591924378789,NaN,-0.23780041023232765,NaN,NaN,NaN,NaN,NaN,OFFLINE,NaN,NaN,NaN
2761.0,393.3842390182764,0.0,0.12041340003321685,NaN,-0.23789170952572755,NaN,NaN,NaN,NaN,NaN,OFFLINE,NaN,NaN,NaN
2762.0,393.30214581309605,0.0,0.12231011543830725,NaN,-0.23758620804396643,NaN,NaN,NaN,NaN,NaN,OFFLINE,NaN,NaN,NaN
2763.0,393.22874837431596,0.0,0.11742272674218301,NaN,-0.2375212450852011,NaN,NaN,NaN,NaN,NaN,OFFLINE,NaN,NaN,NaN
2764.0,393.1501680313078,0.0,0.11982455432400187,NaN,-0.23717711697930927,NaN,NaN,NaN,NaN,NaN,OFFLINE,NaN,NaN,NaN
2765.0,393.08314977342985,0.0,0.10657532126426411,NaN,-0.2368575694524096,NaN,NaN,NaN,NaN,NaN,OFFLINE,NaN,NaN,NaN
2766.0,392.93491949169584,0.0,0.11258853467024081,NaN,-0.23662229819634073,NaN,NaN,NaN,NaN,NaN,OFFLINE,NaN,NaN,NaN
2767.0,392.9721263361938,0.0,0.09066958178443602,NaN,-0.2363764924064181,NaN,NaN,NaN,NaN,NaN,OFFLINE,NaN,NaN,NaN
2768.0,392.8034831002156,0.0,0.09714263908598626,NaN,-0.2362290089324646,NaN,NaN,NaN,NaN,NaN,OFFLINE,NaN,NaN,NaN
2769.0,392.798365470322,0.0,0.07556726478155716,NaN,-0.23667321510996767,NaN,NaN,NaN,NaN,NaN,OFFLINE,NaN,NaN,NaN
2770.0,392.62614692810536,0.0,0.07518353297904407,NaN,-0.23677504893722132,NaN,NaN,NaN,NaN,NaN,OFFLINE,NaN,NaN,NaN
2771.0,392.6235054582732,0.0,0.05696077361248732,NaN,-0.2360727466802992,NaN,NaN,NaN,NaN,NaN,OFFLINE,NaN,NaN,NaN
2772.0,392.4856674781124,0.0,0.05117589648569196,NaN,-0.2358831250709303,NaN,NaN,NaN,NaN,NaN,OFFLINE,NaN,NaN,NaN
2773.0,392.47448073897493,0.0,0.03804891336037253,NaN,-0.23588663658221493,NaN,NaN,NaN,NaN,NaN,OFFLINE,NaN,NaN,NaN
2774.0,392.35625867365417,0.0,0.031903219899942485,NaN,-0.23580587182266896,NaN,NaN,NaN,NaN,NaN,OFFLINE,NaN,NaN,NaN
2775.0,392.29330166709195,0.0,0.02422684472927458,NaN,-0.23591472867249186,NaN,NaN,NaN,NaN,NaN,OFFLINE,NaN,NaN,NaN
2776.0,392.22024502358676,0.0,0.021232079390226748,NaN,-0.23588663658221493,NaN,NaN,NaN,NaN,NaN,OFFLINE,NaN,NaN,NaN
2777.0,392.185252407108,0.0,0.013743938428202963,NaN,-0.2358883923378572,NaN,NaN,NaN,NaN,NaN,OFFLINE,NaN,NaN,NaN
2778.0,392.07906849922745,0.0,0.015886534768334747,NaN,-0.23606221214644543,NaN,NaN,NaN,NaN,NaN,OFFLINE,NaN,NaN,NaN
2779.0,392.0733606289693,0.0,0.008042897135094481,NaN,-0.23573037433004979,NaN,NaN,NaN,NaN,NaN,OFFLINE,NaN,NaN,NaN
2780.0,391.9968806939737,0.0,0.01183550953567248,NaN,-0.23557762358916923,NaN,NaN,NaN,NaN,NaN,OFFLINE,NaN,NaN,NaN
2781.0,391.98453926333076,0.0,0.004228699181242619,NaN,-0.23573564159697674,NaN,NaN,NaN,NaN,NaN,OFFLINE,NaN,NaN,NaN
2782.0,391.87946603213356,0.0,0.007485355593186621,NaN,-0.2353195275097503,NaN,NaN,NaN,NaN,NaN,OFFLINE,NaN,NaN,NaN
2783.0,391.86167444878254,0.0,0.0025868672168244083,NaN,-0.23484722924197016,NaN,NaN,NaN,NaN,NaN,OFFLINE,NaN,NaN,NaN
2784.0,391.8097672895593,0.0,0.00382839458427281,NaN,-0.23444340544423997,NaN,NaN,NaN,NaN,NaN,OFFLINE,NaN,NaN,NaN
2785.0,391.7798076754643,0.0,0.002804206116968124,NaN,-0.23393599206361376,NaN,NaN,NaN,NaN,NaN,OFFLINE,NaN,NaN,NaN
2786.0,391.7399119323051,0.0,0.0030886546045414826,NaN,-0.2338411812589294,NaN,NaN,NaN,NaN,NaN,OFFLINE,NaN,NaN,NaN
2787.0,391.70997708804674,0.0,0.005980453785436975,NaN,-0.23329514125417244,NaN,NaN,NaN,NaN,NaN,OFFLINE,NaN,NaN,NaN
2788.0,391.6946597537085,0.0,0.007143925337018276,NaN,-0.23287902716694614,NaN,NaN,NaN,NaN,NaN,OFFLINE,NaN,NaN,NaN
2789.0,391.6828917619133,0.0,0.007453949124679151,NaN,-0.23257528144082731,NaN,NaN,NaN,NaN,NaN,OFFLINE,NaN,NaN,NaN
2790.0,391.6747641524043,0.0,0.009156803755106175,NaN,-0.2321328310189664,NaN,NaN,NaN,NaN,NaN,OFFLINE,NaN,NaN,NaN
2791.0,391.6962980664785,0.0,0.009215882698308338,NaN,-0.23192916336445907,NaN,NaN,NaN,NaN,NaN,OFFLINE,NaN,NaN,NaN
2792.0,391.7288732035775,0.0,0.008384429692463178,NaN,-0.23202397416914364,NaN,NaN,NaN,NaN,NaN,OFFLINE,NaN,NaN,NaN
2793.0,391.7379858680217,0.0,0.006941982767527246,NaN,-0.2320485547481359,NaN,NaN,NaN,NaN,NaN,OFFLINE,NaN,NaN,NaN
2794.0,391.72389423093534,0.0,0.007461570564105231,NaN,-0.2321995497333741,NaN,NaN,NaN,NaN,NaN,OFFLINE,NaN,NaN,NaN
2795.0,391.73453564960124,0.0,0.004906188880560931,NaN,-0.23224695513571636,NaN,NaN,NaN,NaN,NaN,OFFLINE,NaN,NaN,NaN
2796.0,391.7508768118021,0.0,0.0015507095090787645,NaN,-0.23181679500335156,NaN,NaN,NaN,NaN,NaN,OFFLINE,NaN,NaN,NaN
2797.0,391.76482265204925,0.0,-0.0015123418812027383,NaN,-0.23200114934579358,NaN,NaN,NaN,NaN,NaN,OFFLINE,NaN,NaN,NaN
2798.0,391.7942363186705,0.0,-0.004900557636796926,NaN,-0.2319853475450127,NaN,NaN,NaN,NaN,NaN,OFFLINE,NaN,NaN,NaN
2799.0,391.8125755782321,0.0,-0.0038095153350634716,NaN,-0.23198885905629732,NaN,NaN,NaN,NaN,NaN,OFFLINE,NaN,NaN,NaN
2800.0,391.8496199049855,0.0,-0.005519172995313775,NaN,-0.23229962780498534,NaN,NaN,NaN,NaN,NaN,OFFLINE,NaN,NaN,NaN
2801.0,391.8456436275277,0.0,4.733769388566244e-6,NaN,-0.2325348990610543,NaN,NaN,NaN,NaN,NaN,OFFLINE,NaN,NaN,NaN
2802.0,391.8767689607869,0.0,0.002908451040124841,NaN,-0.23241199616609284,NaN,NaN,NaN,NaN,NaN,OFFLINE,NaN,NaN,NaN
2803.0,391.883809399202,0.0,0.011044567805165944,NaN,-0.23235405622989683,NaN,NaN,NaN,NaN,NaN,OFFLINE,NaN,NaN,NaN
2804.0,391.95892834192006,0.0,0.015819015976103704,NaN,-0.2324857379030697,NaN,NaN,NaN,NaN,NaN,OFFLINE,NaN,NaN,NaN
2805.0,392.0044547296151,0.0,0.023127362578512244,NaN,-0.23249978394820814,NaN,NaN,NaN,NaN,NaN,OFFLINE,NaN,NaN,NaN
2806.0,392.0531120055185,0.0,0.02873300800229429,NaN,-0.23290009623465374,NaN,NaN,NaN,NaN,NaN,OFFLINE,NaN,NaN,NaN
2807.0,392.0900223069217,0.0,0.036466722995758406,NaN,-0.2332424685849033,NaN,NaN,NaN,NaN,NaN,OFFLINE,NaN,NaN,NaN
2808.0,392.11640768859854,0.0,0.04150050470958358,NaN,-0.23348476286354145,NaN,NaN,NaN,NaN,NaN,OFFLINE,NaN,NaN,NaN
2809.0,392.160343613418,0.0,0.04782374190322117,NaN,-0.2337446146986027,NaN,NaN,NaN,NaN,NaN,OFFLINE,NaN,NaN,NaN
2810.0,392.2149879424782,0.0,0.05194300203651692,NaN,-0.23398339746595617,NaN,NaN,NaN,NaN,NaN,OFFLINE,NaN,NaN,NaN
2811.0,392.26546360827587,0.0,0.05649990670491027,NaN,-0.23368316325112207,NaN,NaN,NaN,NaN,NaN,OFFLINE,NaN,NaN,NaN
2812.0,392.33376279609695,0.0,0.05636313000004223,NaN,-0.234034314379583,NaN,NaN,NaN,NaN,NaN,OFFLINE,NaN,NaN,NaN
2813.0,392.3932305580453,0.0,0.058558360307754125,NaN,-0.2343889770193287,NaN,NaN,NaN,NaN,NaN,OFFLINE,NaN,NaN,NaN
2814.0,392.44328415724436,0.0,0.05546262368396077,NaN,-0.2346242482753976,NaN,NaN,NaN,NaN,NaN,OFFLINE,NaN,NaN,NaN
2815.0,392.4838566966342,0.0,0.05770399183303054,NaN,-0.2349192152233048,NaN,NaN,NaN,NaN,NaN,OFFLINE,NaN,NaN,NaN
2816.0,392.58085163487937,0.0,0.05479935385149112,NaN,-0.23490341342252408,NaN,NaN,NaN,NaN,NaN,OFFLINE,NaN,NaN,NaN
2817.0,392.60468023713076,0.0,0.055250348693234384,NaN,-0.23494730731358177,NaN,NaN,NaN,NaN,NaN,OFFLINE,NaN,NaN,NaN
2818.0,392.71175267818757,0.0,0.050839683590741466,NaN,-0.23511761561088537,NaN,NaN,NaN,NaN,NaN,OFFLINE,NaN,NaN,NaN
2819.0,392.78452420208856,0.0,0.04940168676802076,NaN,-0.2352809008856197,NaN,NaN,NaN,NaN,NaN,OFFLINE,NaN,NaN,NaN
2820.0,392.82822092195784,0.0,0.04668037253750865,NaN,-0.23534761960002734,NaN,NaN,NaN,NaN,NaN,OFFLINE,NaN,NaN,NaN
2821.0,392.87274155493816,0.0,0.045415827399981484,NaN,-0.23588136931528816,NaN,NaN,NaN,NaN,NaN,OFFLINE,NaN,NaN,NaN
2822.0,392.91401380739507,0.0,0.04552288560614783,NaN,-0.2358322081573036,NaN,NaN,NaN,NaN,NaN,OFFLINE,NaN,NaN,NaN
2823.0,392.94929727972345,0.0,0.04814189863630987,NaN,-0.23604816610130716,NaN,NaN,NaN,NaN,NaN,OFFLINE,NaN,NaN,NaN
2824.0,392.9963786874013,0.0,0.0512513947715503,NaN,-0.23607801394722636,NaN,NaN,NaN,NaN,NaN,OFFLINE,NaN,NaN,NaN
2825.0,393.03746966266186,0.0,0.056423436557648594,NaN,-0.2363993172297682,NaN,NaN,NaN,NaN,NaN,OFFLINE,NaN,NaN,NaN
2826.0,393.075386748843,0.0,0.05932255027436912,NaN,-0.23649237227881043,NaN,NaN,NaN,NaN,NaN,OFFLINE,NaN,NaN,NaN
2827.0,393.09989640712416,0.0,0.06448732867524255,NaN,-0.23672764353487924,NaN,NaN,NaN,NaN,NaN,OFFLINE,NaN,NaN,NaN
2828.0,393.1380414751818,0.0,0.06753416532526857,NaN,-0.23673466655744838,NaN,NaN,NaN,NaN,NaN,OFFLINE,NaN,NaN,NaN
2829.0,393.1305789929865,0.0,0.07255879108166242,NaN,-0.2369471129901672,NaN,NaN,NaN,NaN,NaN,OFFLINE,NaN,NaN,NaN
2830.0,393.17574886309546,0.0,0.07531488772029354,NaN,-0.23662756546326782,NaN,NaN,NaN,NaN,NaN,OFFLINE,NaN,NaN,NaN
2831.0,393.1877564090052,0.0,0.07954698607757543,NaN,-0.23680665253878289,NaN,NaN,NaN,NaN,NaN,OFFLINE,NaN,NaN,NaN
2832.0,393.21641018708846,0.0,0.08149454517923982,NaN,-0.23709459646412095,NaN,NaN,NaN,NaN,NaN,OFFLINE,NaN,NaN,NaN
2833.0,393.2135101998472,0.0,0.08335918915802047,NaN,-0.2369734493248019,NaN,NaN,NaN,NaN,NaN,OFFLINE,NaN,NaN,NaN
2834.0,393.22690451851565,0.0,0.084290692737808,NaN,-0.23704192379485178,NaN,NaN,NaN,NaN,NaN,OFFLINE,NaN,NaN,NaN
2835.0,393.23450811077316,0.0,0.08339233474693389,NaN,-0.2369383342119557,NaN,NaN,NaN,NaN,NaN,OFFLINE,NaN,NaN,NaN
2836.0,393.2206034024674,0.0,0.08269254338593926,NaN,-0.23698222810301342,NaN,NaN,NaN,NaN,NaN,OFFLINE,NaN,NaN,NaN
2837.0,393.2087700913786,0.0,0.08185704948268027,NaN,-0.23709635221976327,NaN,NaN,NaN,NaN,NaN,OFFLINE,NaN,NaN,NaN
2838.0,393.1869757734388,0.0,0.07983700998056786,NaN,-0.23701558746021734,NaN,NaN,NaN,NaN,NaN,OFFLINE,NaN,NaN,NaN
2839.0,393.156173316779,0.0,0.07829778612010077,NaN,-0.23689619607654058,NaN,NaN,NaN,NaN,NaN,OFFLINE,NaN,NaN,NaN
2840.0,393.1264538132513,0.0,0.07715303568818353,NaN,-0.23705772559563262,NaN,NaN,NaN,NaN,NaN,OFFLINE,NaN,NaN,NaN
2841.0,393.10087152640625,0.0,0.07533703593016934,NaN,-0.23661351941812944,NaN,NaN,NaN,NaN,NaN,OFFLINE,NaN,NaN,NaN
2842.0,393.0694739752875,0.0,0.07331689412685659,NaN,-0.2363835154289874,NaN,NaN,NaN,NaN,NaN,OFFLINE,NaN,NaN,NaN
2843.0,393.04444142738464,0.0,0.07019476379337292,NaN,-0.23623954346631829,NaN,NaN,NaN,NaN,NaN,OFFLINE,NaN,NaN,NaN
2844.0,392.99790781584846,0.0,0.06863267561462759,NaN,-0.23629923915815665,NaN,NaN,NaN,NaN,NaN,OFFLINE,NaN,NaN,NaN
2845.0,392.9379118975928,0.0,0.06688946316066247,NaN,-0.23623603195503365,NaN,NaN,NaN,NaN,NaN,OFFLINE,NaN,NaN,NaN
2846.0,392.87026431026703,0.0,0.06671151022265352,NaN,-0.2359814473868994,NaN,NaN,NaN,NaN,NaN,OFFLINE,NaN,NaN,NaN
2847.0,392.8611676738197,0.0,0.06441433676879278,NaN,-0.23546701098370396,NaN,NaN,NaN,NaN,NaN,OFFLINE,NaN,NaN,NaN
2848.0,392.78771608127016,0.0,0.06434037300093969,NaN,-0.2354599879611347,NaN,NaN,NaN,NaN,NaN,OFFLINE,NaN,NaN,NaN
2849.0,392.7599715850164,0.0,0.06379786973548328,NaN,-0.23526334332919652,NaN,NaN,NaN,NaN,NaN,OFFLINE,NaN,NaN,NaN
2850.0,392.68792542834115,0.0,0.06434584611515842,NaN,-0.23534235233310033,NaN,NaN,NaN,NaN,NaN,OFFLINE,NaN,NaN,NaN
2851.0,392.63766798759843,0.0,0.06421254765110228,NaN,-0.23544243040471174,NaN,NaN,NaN,NaN,NaN,OFFLINE,NaN,NaN,NaN
2852.0,392.5811740779546,0.0,0.0672284381880224,NaN,-0.23556006603274615,NaN,NaN,NaN,NaN,NaN,OFFLINE,NaN,NaN,NaN
2853.0,392.5151109485776,0.0,0.07000294904271655,NaN,-0.23561800596894228,NaN,NaN,NaN,NaN,NaN,OFFLINE,NaN,NaN,NaN
2854.0,392.48439424094744,0.0,0.07242851050301662,NaN,-0.23554777574325,NaN,NaN,NaN,NaN,NaN,OFFLINE,NaN,NaN,NaN
2855.0,392.42117940996167,0.0,0.07585570301594417,NaN,-0.23566716712692673,NaN,NaN,NaN,NaN,NaN,OFFLINE,NaN,NaN,NaN
2856.0,392.38112213958266,0.0,0.08095255341978516,NaN,-0.23578304699931885,NaN,NaN,NaN,NaN,NaN,OFFLINE,NaN,NaN,NaN
2857.0,392.29959807616297,0.0,0.08557856254901498,NaN,-0.23624481073324505,NaN,NaN,NaN,NaN,NaN,OFFLINE,NaN,NaN,NaN
2858.0,392.2221298445231,0.0,0.09336025680544327,NaN,-0.23637473665077555,NaN,NaN,NaN,NaN,NaN,OFFLINE,NaN,NaN,NaN
2859.0,392.1814036721802,0.0,0.09895577441039066,NaN,-0.2363554233387102,NaN,NaN,NaN,NaN,NaN,OFFLINE,NaN,NaN,NaN
2860.0,392.1314198653495,0.0,0.10550264202799349,NaN,-0.2364923722788101,NaN,NaN,NaN,NaN,NaN,OFFLINE,NaN,NaN,NaN
2861.0,392.0725583198638,0.0,0.11287809821783168,NaN,-0.23665741330918688,NaN,NaN,NaN,NaN,NaN,OFFLINE,NaN,NaN,NaN
2862.0,391.9907789651495,0.0,0.11697827917726215,NaN,-0.23653802192551024,NaN,NaN,NaN,NaN,NaN,OFFLINE,NaN,NaN,NaN
2863.0,391.95519514869795,0.0,0.11960680621905675,NaN,-0.2363712251394912,NaN,NaN,NaN,NaN,NaN,OFFLINE,NaN,NaN,NaN
2864.0,391.8623234070998,0.0,0.12227277550017947,NaN,-0.2358708347814342,NaN,NaN,NaN,NaN,NaN,OFFLINE,NaN,NaN,NaN
2865.0,391.8167779448332,0.0,0.1235691363110155,NaN,-0.23571632828491132,NaN,NaN,NaN,NaN,NaN,OFFLINE,NaN,NaN,NaN
2866.0,391.7567961366142,0.0,0.12496022803337571,NaN,-0.23597793587561475,NaN,NaN,NaN,NaN,NaN,OFFLINE,NaN,NaN,NaN
2867.0,391.71459905095554,0.0,0.12516948513869178,NaN,-0.23584449844679953,NaN,NaN,NaN,NaN,NaN,OFFLINE,NaN,NaN,NaN
2868.0,391.6949384702565,0.0,0.12471281258032907,NaN,-0.2357707567098227,NaN,NaN,NaN,NaN,NaN,OFFLINE,NaN,NaN,NaN
2869.0,391.64012038300865,0.0,0.12350192442238551,NaN,-0.23577075670982278,NaN,NaN,NaN,NaN,NaN,OFFLINE,NaN,NaN,NaN
2870.0,391.5907303344569,0.0,0.12254443633770908,NaN,-0.23525632030662746,NaN,NaN,NaN,NaN,NaN,OFFLINE,NaN,NaN,NaN
2871.0,391.5522438731723,0.0,0.11964874971120028,NaN,-0.23489990191123952,NaN,NaN,NaN,NaN,NaN,OFFLINE,NaN,NaN,NaN
2872.0,391.5223365040452,0.0,0.12035692977062361,NaN,-0.23500173573849326,NaN,NaN,NaN,NaN,NaN,OFFLINE,NaN,NaN,NaN
2873.0,391.4882402951201,0.0,0.1209799440807555,NaN,-0.23472783785829365,NaN,NaN,NaN,NaN,NaN,OFFLINE,NaN,NaN,NaN
2874.0,391.4687275130046,0.0,0.12298694017982328,NaN,-0.23513517316730842,NaN,NaN,NaN,NaN,NaN,OFFLINE,NaN,NaN,NaN
2875.0,391.4629430589784,0.0,0.12397077082358987,NaN,-0.23511059258831613,NaN,NaN,NaN,NaN,NaN,OFFLINE,NaN,NaN,NaN
2876.0,391.45255493086,0.0,0.12578743553940633,NaN,-0.23473134936957815,NaN,NaN,NaN,NaN,NaN,OFFLINE,NaN,NaN,NaN
2877.0,391.43330007892484,0.0,0.12942501047085378,NaN,-0.2346084464746167,NaN,NaN,NaN,NaN,NaN,OFFLINE,NaN,NaN,NaN
2878.0,391.42262985820656,0.0,0.13228944408065557,NaN,-0.23472257059136667,NaN,NaN,NaN,NaN,NaN,OFFLINE,NaN,NaN,NaN
2879.0,391.42424693540073,0.0,0.1354077892697262,NaN,-0.23486303104275108,NaN,NaN,NaN,NaN,NaN,OFFLINE,NaN,NaN,NaN
2880.0,391.43624932928617,0.0,0.13807616262905711,NaN,-0.23545296493856555,NaN,NaN,NaN,NaN,NaN,OFFLINE,NaN,NaN,NaN
2881.0,391.4445898662098,0.0,0.1419061149677628,NaN,-0.23572335130748057,NaN,NaN,NaN,NaN,NaN,OFFLINE,NaN,NaN,NaN
2882.0,391.45628273963905,0.0,0.14433873521088694,NaN,-0.2359287747176302,NaN,NaN,NaN,NaN,NaN,OFFLINE,NaN,NaN,NaN
2883.0,391.48894766939827,0.0,0.14775181015816616,NaN,-0.23662756546326774,NaN,NaN,NaN,NaN,NaN,OFFLINE,NaN,NaN,NaN
2884.0,391.52115806322195,0.0,0.14942617390429563,NaN,-0.23653451041422552,NaN,NaN,NaN,NaN,NaN,OFFLINE,NaN,NaN,NaN
2885.0,391.5449235582421,0.0,0.1526788405694259,NaN,-0.23676802591465218,NaN,NaN,NaN,NaN,NaN,OFFLINE,NaN,NaN,NaN
2886.0,391.57122909511213,0.0,0.1539597027484089,NaN,-0.2369787165917288,NaN,NaN,NaN,NaN,NaN,OFFLINE,NaN,NaN,NaN
2887.0,391.6362505501732,0.0,0.1546883941985024,NaN,-0.23700329717072113,NaN,NaN,NaN,NaN,NaN,OFFLINE,NaN,NaN,NaN
2888.0,391.6918658025359,0.0,0.1552544267400393,NaN,-0.23675924713644073,NaN,NaN,NaN,NaN,NaN,OFFLINE,NaN,NaN,NaN
2889.0,391.728541354876,0.0,0.1576756403993244,NaN,-0.23645901292160648,NaN,NaN,NaN,NaN,NaN,OFFLINE,NaN,NaN,NaN
2890.0,391.7815878390145,0.0,0.16031582977795894,NaN,-0.23620442835347227,NaN,NaN,NaN,NaN,NaN,OFFLINE,NaN,NaN,NaN
2891.0,391.852817415612,0.0,0.16181009226087212,NaN,-0.23614824417291858,NaN,NaN,NaN,NaN,NaN,OFFLINE,NaN,NaN,NaN
2892.0,391.9302063957936,0.0,0.16164472237050623,NaN,-0.236058700635161,NaN,NaN,NaN,NaN,NaN,OFFLINE,NaN,NaN,NaN
2893.0,391.9633765009488,0.0,0.16040181393685307,NaN,-0.2357918257775305,NaN,NaN,NaN,NaN,NaN,OFFLINE,NaN,NaN,NaN
2894.0,392.0189038049854,0.0,0.15912274202887616,NaN,-0.235927018961988,NaN,NaN,NaN,NaN,NaN,OFFLINE,NaN,NaN,NaN
2895.0,392.10231730557314,0.0,0.15589636677223584,NaN,-0.23599373767639553,NaN,NaN,NaN,NaN,NaN,OFFLINE,NaN,NaN,NaN
2896.0,392.1857320445517,0.0,0.15386625060188902,NaN,-0.23614648841727606,NaN,NaN,NaN,NaN,NaN,OFFLINE,NaN,NaN,NaN
2897.0,392.2410954116426,0.0,0.15262027313222545,NaN,-0.2361763362631952,NaN,NaN,NaN,NaN,NaN,OFFLINE,NaN,NaN,NaN
2898.0,392.31978801221777,0.0,0.1514037584082627,NaN,-0.23625710102274128,NaN,NaN,NaN,NaN,NaN,OFFLINE,NaN,NaN,NaN
2899.0,392.40732432049964,0.0,0.14779288409010663,NaN,-0.23631679671457967,NaN,NaN,NaN,NaN,NaN,OFFLINE,NaN,NaN,NaN
2900.0,392.49780017235844,0.0,0.14351428983726572,NaN,-0.23591297291684957,NaN,NaN,NaN,NaN,NaN,OFFLINE,NaN,NaN,NaN
2901.0,392.5586229503366,0.0,0.1400063305266619,NaN,-0.23577602397674968,NaN,NaN,NaN,NaN,NaN,OFFLINE,NaN,NaN,NaN
2902.0,392.6299676149516,0.0,0.13756071803109327,NaN,-0.23578655851060354,NaN,NaN,NaN,NaN,NaN,OFFLINE,NaN,NaN,NaN
2903.0,392.73545424543653,0.0,0.13561658601964066,NaN,-0.23589190384914194,NaN,NaN,NaN,NaN,NaN,OFFLINE,NaN,NaN,NaN
2904.0,392.83452396338294,0.0,0.13293941475707965,NaN,-0.23583747542423047,NaN,NaN,NaN,NaN,NaN,OFFLINE,NaN,NaN,NaN
2905.0,392.8937830263366,0.0,0.13238586296198548,NaN,-0.2354073152918658,NaN,NaN,NaN,NaN,NaN,OFFLINE,NaN,NaN,NaN
2906.0,392.9799782187144,0.0,0.13182029077585017,NaN,-0.23523876275020453,NaN,NaN,NaN,NaN,NaN,OFFLINE,NaN,NaN,NaN
2907.0,393.09118377801394,0.0,0.12948240144425016,NaN,-0.23553021818682712,NaN,NaN,NaN,NaN,NaN,OFFLINE,NaN,NaN,NaN
2908.0,393.1697101881335,0.0,0.1262566911454121,NaN,-0.23521944943813902,NaN,NaN,NaN,NaN,NaN,OFFLINE,NaN,NaN,NaN
2909.0,393.2351783918249,0.0,0.12409992608903182,NaN,-0.23533708506617348,NaN,NaN,NaN,NaN,NaN,OFFLINE,NaN,NaN,NaN
2910.0,393.3140709906011,0.0,0.12231154765511215,NaN,-0.2358093833339535,NaN,NaN,NaN,NaN,NaN,OFFLINE,NaN,NaN,NaN
2911.0,393.40481545125107,0.0,0.12037345141448014,NaN,-0.23591472867249186,NaN,NaN,NaN,NaN,NaN,OFFLINE,NaN,NaN,NaN
2912.0,393.4943070376965,0.0,0.11822369399032386,NaN,-0.2356759459051383,NaN,NaN,NaN,NaN,NaN,OFFLINE,NaN,NaN,NaN
2913.0,393.55833840566794,0.0,0.11682539003333897,NaN,-0.23577602397674965,NaN,NaN,NaN,NaN,NaN,OFFLINE,NaN,NaN,NaN
2914.0,393.6263884052193,0.0,0.11606462715693572,NaN,-0.235732130085692,NaN,NaN,NaN,NaN,NaN,OFFLINE,NaN,NaN,NaN
2915.0,393.6921650818509,0.0,0.11420980409338867,NaN,-0.23583747542423025,NaN,NaN,NaN,NaN,NaN,OFFLINE,NaN,NaN,NaN
2916.0,393.7513290895359,0.0,0.11195314191486656,NaN,-0.23585678873629554,NaN,NaN,NaN,NaN,NaN,OFFLINE,NaN,NaN,NaN
2917.0,393.7716846173454,0.0,0.11151856641577948,NaN,-0.23583571966858796,NaN,NaN,NaN,NaN,NaN,OFFLINE,NaN,NaN,NaN
2918.0,393.82050035470377,0.0,0.11211713073902771,NaN,-0.23637298089513345,NaN,NaN,NaN,NaN,NaN,OFFLINE,NaN,NaN,NaN
2919.0,393.8879786538277,0.0,0.1133246941079599,NaN,-0.23627290282352206,NaN,NaN,NaN,NaN,NaN,OFFLINE,NaN,NaN,NaN
2920.0,393.9220449308837,0.0,0.11400668506009361,NaN,-0.23616580172934146,NaN,NaN,NaN,NaN,NaN,OFFLINE,NaN,NaN,NaN
2921.0,393.95641293921796,0.0,0.11554969406497366,NaN,-0.23627641433480673,NaN,NaN,NaN,NaN,NaN,OFFLINE,NaN,NaN,NaN
2922.0,393.99918606008805,0.0,0.11817960217297298,NaN,-0.2362167186429683,NaN,NaN,NaN,NaN,NaN,OFFLINE,NaN,NaN,NaN
2923.0,394.04234025948284,0.0,0.11971217645541732,NaN,-0.2357918257775305,NaN,NaN,NaN,NaN,NaN,OFFLINE,NaN,NaN,NaN
2924.0,394.0494572112113,0.0,0.12016849095957878,NaN,-0.23557937934481155,NaN,NaN,NaN,NaN,NaN,OFFLINE,NaN,NaN,NaN
2925.0,394.06842958349336,0.0,0.12017554974240294,NaN,-0.2353142602428236,NaN,NaN,NaN,NaN,NaN,OFFLINE,NaN,NaN,NaN
2926.0,394.07680059143314,0.0,0.11887985388936918,NaN,-0.23522822821635056,NaN,NaN,NaN,NaN,NaN,OFFLINE,NaN,NaN,NaN
2927.0,394.10410695041776,0.0,0.11684283238799867,NaN,-0.2348841001104588,NaN,NaN,NaN,NaN,NaN,OFFLINE,NaN,NaN,NaN
2928.0,394.12788320773814,0.0,0.11459138757069441,NaN,-0.23463478280925149,NaN,NaN,NaN,NaN,NaN,OFFLINE,NaN,NaN,NaN
2929.0,394.1077737309411,0.0,0.11212828156986587,NaN,-0.2347348608808629,NaN,NaN,NaN,NaN,NaN,OFFLINE,NaN,NaN,NaN
2930.0,394.11580078618294,0.0,0.11067084751907866,NaN,-0.23469799001237443,NaN,NaN,NaN,NaN,NaN,OFFLINE,NaN,NaN,NaN
2931.0,394.11759949493785,0.0,0.10900978292899463,NaN,-0.23449607811350928,NaN,NaN,NaN,NaN,NaN,OFFLINE,NaN,NaN,NaN
2932.0,394.08973806308074,0.0,0.1067959849534192,NaN,-0.23461371374154377,NaN,NaN,NaN,NaN,NaN,OFFLINE,NaN,NaN,NaN
2933.0,394.0495724913001,0.0,0.10496602108155723,NaN,-0.23478402203884727,NaN,NaN,NaN,NaN,NaN,OFFLINE,NaN,NaN,NaN
2934.0,394.0424805083197,0.0,0.10500177535107957,NaN,-0.2347032572793013,NaN,NaN,NaN,NaN,NaN,OFFLINE,NaN,NaN,NaN
2935.0,394.0362130595768,0.0,0.10598151394683215,NaN,-0.234845473486328,NaN,NaN,NaN,NaN,NaN,OFFLINE,NaN,NaN,NaN
2936.0,394.00129134472155,0.0,0.10736989468738307,NaN,-0.2349367727797279,NaN,NaN,NaN,NaN,NaN,OFFLINE,NaN,NaN,NaN
2937.0,393.9694433234284,0.0,0.10903883646989405,NaN,-0.23500524724977778,NaN,NaN,NaN,NaN,NaN,OFFLINE,NaN,NaN,NaN
2938.0,393.9126908710791,0.0,0.1100022580241908,NaN,-0.23444340544424008,NaN,NaN,NaN,NaN,NaN,OFFLINE,NaN,NaN,NaN
2939.0,393.8849273974519,0.0,0.11112971955324888,NaN,-0.23410630036091745,NaN,NaN,NaN,NaN,NaN,OFFLINE,NaN,NaN,NaN
2940.0,393.8362908732752,0.0,0.11146802962280654,NaN,-0.23352514524331444,NaN,NaN,NaN,NaN,NaN,OFFLINE,NaN,NaN,NaN
2941.0,393.7724072223911,0.0,0.11161319502610328,NaN,-0.23330743154366854,NaN,NaN,NaN,NaN,NaN,OFFLINE,NaN,NaN,NaN
2942.0,393.7244660712885,0.0,0.11106322377302133,NaN,-0.23295628041520758,NaN,NaN,NaN,NaN,NaN,OFFLINE,NaN,NaN,NaN
2943.0,393.6887978322693,0.0,0.11066470944705765,NaN,-0.23298788401676898,NaN,NaN,NaN,NaN,NaN,OFFLINE,NaN,NaN,NaN
2944.0,393.634980153529,0.0,0.11074281641352493,NaN,-0.2329404786144267,NaN,NaN,NaN,NaN,NaN,OFFLINE,NaN,NaN,NaN
2945.0,393.566110741569,0.0,0.11018711629322336,NaN,-0.23273329944863477,NaN,NaN,NaN,NaN,NaN,OFFLINE,NaN,NaN,NaN
2946.0,393.52309108006995,0.0,0.11031545314906252,NaN,-0.23249802819256576,NaN,NaN,NaN,NaN,NaN,OFFLINE,NaN,NaN,NaN
2947.0,393.46884996476507,0.0,0.11054731881965595,NaN,-0.23222237455672387,NaN,NaN,NaN,NaN,NaN,OFFLINE,NaN,NaN,NaN
2948.0,393.4121341245427,0.0,0.1115217889035905,NaN,-0.23255421237311957,NaN,NaN,NaN,NaN,NaN,OFFLINE,NaN,NaN,NaN
2949.0,393.3501416822381,0.0,0.11192245155476153,NaN,-0.23274207822684628,NaN,NaN,NaN,NaN,NaN,OFFLINE,NaN,NaN,NaN
2950.0,393.2900211947774,0.0,0.11254122036507891,NaN,-0.23329865276545708,NaN,NaN,NaN,NaN,NaN,OFFLINE,NaN,NaN,NaN
2951.0,393.24589723258794,0.0,0.11301405651309691,NaN,-0.23344438048376853,NaN,NaN,NaN,NaN,NaN,OFFLINE,NaN,NaN,NaN
2952.0,393.1906312517228,0.0,0.11347927122168884,NaN,-0.23359010820207987,NaN,NaN,NaN,NaN,NaN,OFFLINE,NaN,NaN,NaN
2953.0,393.12481184527854,0.0,0.11506212654410523,NaN,-0.2335479700666646,NaN,NaN,NaN,NaN,NaN,OFFLINE,NaN,NaN,NaN
2954.0,393.07145672398593,0.0,0.11645239985686263,NaN,-0.233711255341399,NaN,NaN,NaN,NaN,NaN,OFFLINE,NaN,NaN,NaN
2955.0,393.0272729889504,0.0,0.11852364110975025,NaN,-0.23388858666127188,NaN,NaN,NaN,NaN,NaN,OFFLINE,NaN,NaN,NaN
2956.0,392.9690785221451,0.0,0.12093442004659972,NaN,-0.2337411031873182,NaN,NaN,NaN,NaN,NaN,OFFLINE,NaN,NaN,NaN
2957.0,392.91345757815844,0.0,0.12252868195285516,NaN,-0.2340027107780216,NaN,NaN,NaN,NaN,NaN,OFFLINE,NaN,NaN,NaN
2958.0,392.8757154171021,0.0,0.1250991530634511,NaN,-0.23422218023330976,NaN,NaN,NaN,NaN,NaN,OFFLINE,NaN,NaN,NaN
2959.0,392.82774412425204,0.0,0.12686257000448536,NaN,-0.23458913316255148,NaN,NaN,NaN,NaN,NaN,OFFLINE,NaN,NaN,NaN
2960.0,392.7863217584708,0.0,0.1272091153206712,NaN,-0.23437668672983247,NaN,NaN,NaN,NaN,NaN,OFFLINE,NaN,NaN,NaN
2961.0,392.7424830438049,0.0,0.12814092580405978,NaN,-0.23429592197028648,NaN,NaN,NaN,NaN,NaN,OFFLINE,NaN,NaN,NaN
2962.0,392.7077438418395,0.0,0.1304372296977175,NaN,-0.23427309714693637,NaN,NaN,NaN,NaN,NaN,OFFLINE,NaN,NaN,NaN
2963.0,392.68621305921084,0.0,0.13226330612396614,NaN,-0.23435561766212484,NaN,NaN,NaN,NaN,NaN,OFFLINE,NaN,NaN,NaN
2964.0,392.6493649957056,0.0,0.13243021053233728,NaN,-0.2344416496885978,NaN,NaN,NaN,NaN,NaN,OFFLINE,NaN,NaN,NaN
2965.0,392.6123602647165,0.0,0.13240964799106691,NaN,-0.23425905110179807,NaN,NaN,NaN,NaN,NaN,OFFLINE,NaN,NaN,NaN
2966.0,392.59163796141115,0.0,0.1322959402068778,NaN,-0.23463302705360914,NaN,NaN,NaN,NaN,NaN,OFFLINE,NaN,NaN,NaN
2967.0,392.5658959386852,0.0,0.13363675088926588,NaN,-0.23431874679363648,NaN,NaN,NaN,NaN,NaN,OFFLINE,NaN,NaN,NaN
2968.0,392.5346637331072,0.0,0.13384380851877442,NaN,-0.2339904204885254,NaN,NaN,NaN,NaN,NaN,OFFLINE,NaN,NaN,NaN
2969.0,392.5193176974886,0.0,0.13556047381124867,NaN,-0.23311956568994208,NaN,NaN,NaN,NaN,NaN,OFFLINE,NaN,NaN,NaN
2970.0,392.5084254306013,0.0,0.13813498581925834,NaN,-0.23331269881059563,NaN,NaN,NaN,NaN,NaN,OFFLINE,NaN,NaN,NaN
2971.0,392.49003306633495,0.0,0.13993502659001794,NaN,-0.23311956568994202,NaN,NaN,NaN,NaN,NaN,OFFLINE,NaN,NaN,NaN
2972.0,392.4813745253379,0.0,0.14058463921224082,NaN,-0.23295276890392308,NaN,NaN,NaN,NaN,NaN,OFFLINE,NaN,NaN,NaN
2973.0,392.48287318517527,0.0,0.14111701465886256,NaN,-0.23289658472336922,NaN,NaN,NaN,NaN,NaN,OFFLINE,NaN,NaN,NaN
2974.0,392.48816536479234,0.0,0.14280979262105503,NaN,-0.23263146562138123,NaN,NaN,NaN,NaN,NaN,OFFLINE,NaN,NaN,NaN
2975.0,392.49025997378567,0.0,0.14415382579125421,NaN,-0.23285444658795396,NaN,NaN,NaN,NaN,NaN,OFFLINE,NaN,NaN,NaN
2976.0,392.5014194570583,0.0,0.14555351081444376,NaN,-0.23274383398248868,NaN,NaN,NaN,NaN,NaN,OFFLINE,NaN,NaN,NaN
2977.0,392.50294643582265,0.0,0.1459295700269306,NaN,-0.2329123865241499,NaN,NaN,NaN,NaN,NaN,OFFLINE,NaN,NaN,NaN
2978.0,392.5278577509464,0.0,0.1452995480845747,NaN,-0.23298612826112666,NaN,NaN,NaN,NaN,NaN,OFFLINE,NaN,NaN,NaN
2979.0,392.5515808545069,0.0,0.14459126572395103,NaN,-0.23356728337872967,NaN,NaN,NaN,NaN,NaN,OFFLINE,NaN,NaN,NaN
2980.0,392.56806169108273,0.0,0.14481300357570986,NaN,-0.23369720929626023,NaN,NaN,NaN,NaN,NaN,OFFLINE,NaN,NaN,NaN
2981.0,392.5942820727007,0.0,0.14466676400980938,NaN,-0.23402553560137138,NaN,NaN,NaN,NaN,NaN,OFFLINE,NaN,NaN,NaN
2982.0,392.618882006165,0.0,0.14378165402438062,NaN,-0.23426080685744027,NaN,NaN,NaN,NaN,NaN,OFFLINE,NaN,NaN,NaN
2983.0,392.6298238958619,0.0,0.14338257704181506,NaN,-0.23423095901152113,NaN,NaN,NaN,NaN,NaN,OFFLINE,NaN,NaN,NaN
2984.0,392.6501828482649,0.0,0.1425988475459332,NaN,-0.23441355759832078,NaN,NaN,NaN,NaN,NaN,OFFLINE,NaN,NaN,NaN
2985.0,392.68130107863954,0.0,0.1418793632038712,NaN,-0.23444867271116693,NaN,NaN,NaN,NaN,NaN,OFFLINE,NaN,NaN,NaN
2986.0,392.69556318873686,0.0,0.14131455827673853,NaN,-0.2344223363765323,NaN,NaN,NaN,NaN,NaN,OFFLINE,NaN,NaN,NaN
2987.0,392.7359945667244,0.0,0.1417286735357556,NaN,-0.23432576981620554,NaN,NaN,NaN,NaN,NaN,OFFLINE,NaN,NaN,NaN
2988.0,392.7622863085933,0.0,0.14245378444383683,NaN,-0.23431172377106715,NaN,NaN,NaN,NaN,NaN,OFFLINE,NaN,NaN,NaN
2989.0,392.77337310412685,0.0,0.14344119562961563,NaN,-0.23407820827064052,NaN,NaN,NaN,NaN,NaN,OFFLINE,NaN,NaN,NaN
2990.0,392.8025073093883,0.0,0.14271823304674172,NaN,-0.23397110717645994,NaN,NaN,NaN,NaN,NaN,OFFLINE,NaN,NaN,NaN
2991.0,392.8394824253504,0.0,0.14366656517398685,NaN,-0.233965839909533,NaN,NaN,NaN,NaN,NaN,OFFLINE,NaN,NaN,NaN
2992.0,392.86907743215073,0.0,0.14439009041346268,NaN,-0.2337446146986025,NaN,NaN,NaN,NaN,NaN,OFFLINE,NaN,NaN,NaN
2993.0,392.89849722787284,0.0,0.1448815453799444,NaN,-0.2334794955966146,NaN,NaN,NaN,NaN,NaN,OFFLINE,NaN,NaN,NaN
2994.0,392.9310393320134,0.0,0.14602026004104093,NaN,-0.233274072186465,NaN,NaN,NaN,NaN,NaN,OFFLINE,NaN,NaN,NaN
2995.0,392.9450785230387,0.0,0.14760183659845294,NaN,-0.23284917932102714,NaN,NaN,NaN,NaN,NaN,OFFLINE,NaN,NaN,NaN
2996.0,392.98094545200473,0.0,0.14897696933355847,NaN,-0.23237512529760473,NaN,NaN,NaN,NaN,NaN,OFFLINE,NaN,NaN,NaN
2997.0,393.0087647907169,0.0,0.14990392050993043,NaN,-0.23215390008667425,NaN,NaN,NaN,NaN,NaN,OFFLINE,NaN,NaN,NaN
2998.0,393.02679828187263,0.0,0.15019373981052217,NaN,-0.23207137957148583,NaN,NaN,NaN,NaN,NaN,OFFLINE,NaN,NaN,NaN
2999.0,393.062717431831,0.0,0.15025338141032624,NaN,-0.23216443462052794,NaN,NaN,NaN,NaN,NaN,OFFLINE,NaN,NaN,NaN
3000.0,393.09379918271304,0.0,0.15115920738882585,NaN,-0.23194145365395527,NaN,NaN,NaN,NaN,NaN,OFFLINE,NaN,NaN,NaN
3001.0,393.1082978635921,0.0,0.15136585581353298,NaN,-0.23197305725551665,NaN,NaN,NaN,NaN,NaN,OFFLINE,NaN,NaN,NaN
3002.0,393.12326420938496,0.0,0.15245152730224806,NaN,-0.23214687706410492,NaN,NaN,NaN,NaN,NaN,OFFLINE,NaN,NaN,NaN
3003.0,393.1429676223203,0.0,0.15323776317753848,NaN,-0.2321872594438779,NaN,NaN,NaN,NaN,NaN,OFFLINE,NaN,NaN,NaN
3004.0,393.1449661526976,0.0,0.152992444899099,NaN,-0.23251909726027353,NaN,NaN,NaN,NaN,NaN,OFFLINE,NaN,NaN,NaN
3005.0,393.1659095771175,0.0,0.15297546289984087,NaN,-0.2329369671031422,NaN,NaN,NaN,NaN,NaN,OFFLINE,NaN,NaN,NaN
3006.0,393.174700374876,0.0,0.15287940207271222,NaN,-0.23321964376155335,NaN,NaN,NaN,NaN,NaN,OFFLINE,NaN,NaN,NaN
3007.0,393.1739931252612,0.0,0.1531394517240021,NaN,-0.2331915516712766,NaN,NaN,NaN,NaN,NaN,OFFLINE,NaN,NaN,NaN
3008.0,393.17804550080155,0.0,0.1546814888674788,NaN,-0.23326529340825342,NaN,NaN,NaN,NaN,NaN,OFFLINE,NaN,NaN,NaN
3009.0,393.18065250967516,0.0,0.15588905223641092,NaN,-0.23300544157319228,NaN,NaN,NaN,NaN,NaN,OFFLINE,NaN,NaN,NaN
3010.0,393.1630690194693,0.0,0.1562824515023571,NaN,-0.23284742356538476,NaN,NaN,NaN,NaN,NaN,OFFLINE,NaN,NaN,NaN
3011.0,393.14835818867016,0.0,0.15744346782512994,NaN,-0.23248573790306995,NaN,NaN,NaN,NaN,NaN,OFFLINE,NaN,NaN,NaN
3012.0,393.1290652665224,0.0,0.15697845771893873,NaN,-0.23247169185793148,NaN,NaN,NaN,NaN,NaN,OFFLINE,NaN,NaN,NaN
3013.0,393.1016334130729,0.0,0.15635043064998966,NaN,-0.23255070086183524,NaN,NaN,NaN,NaN,NaN,OFFLINE,NaN,NaN,NaN
3014.0,393.08646682850974,0.0,0.15721646146155316,NaN,-0.23249978394820833,NaN,NaN,NaN,NaN,NaN,OFFLINE,NaN,NaN,NaN
3015.0,393.06115599928546,0.0,0.1573302715469426,NaN,-0.23216267886488567,NaN,NaN,NaN,NaN,NaN,OFFLINE,NaN,NaN,NaN
3016.0,393.03345738306234,0.0,0.15720802161252428,NaN,-0.2322241303123663,NaN,NaN,NaN,NaN,NaN,OFFLINE,NaN,NaN,NaN
3017.0,392.9990966752505,0.0,0.15641334588820496,NaN,-0.2325454335949082,NaN,NaN,NaN,NaN,NaN,OFFLINE,NaN,NaN,NaN
3018.0,392.95773414695634,0.0,0.15581442351075556,NaN,-0.2324910051699967,NaN,NaN,NaN,NaN,NaN,OFFLINE,NaN,NaN,NaN
3019.0,392.9070357674799,0.0,0.15393361594231958,NaN,-0.23278070485097713,NaN,NaN,NaN,NaN,NaN,OFFLINE,NaN,NaN,NaN
3020.0,392.86520227306073,0.0,0.1537522870646991,NaN,-0.2327543685163426,NaN,NaN,NaN,NaN,NaN,OFFLINE,NaN,NaN,NaN
3021.0,392.82013360694947,0.0,0.15157536867184992,NaN,-0.2330265106408999,NaN,NaN,NaN,NaN,NaN,OFFLINE,NaN,NaN,NaN
3022.0,392.77019746847293,0.0,0.1503713346943298,NaN,-0.23298788401676918,NaN,NaN,NaN,NaN,NaN,OFFLINE,NaN,NaN,NaN
3023.0,392.7195380444175,0.0,0.14922192955779665,NaN,-0.2330036858175499,NaN,NaN,NaN,NaN,NaN,OFFLINE,NaN,NaN,NaN
3024.0,392.67167773054086,0.0,0.1472287952713764,NaN,-0.2325858159746812,NaN,NaN,NaN,NaN,NaN,OFFLINE,NaN,NaN,NaN
3025.0,392.6232566819297,0.0,0.1454964267446484,NaN,-0.2326174195762427,NaN,NaN,NaN,NaN,NaN,OFFLINE,NaN,NaN,NaN
3026.0,392.55909499415594,0.0,0.14313326901656193,NaN,-0.2325226087715582,NaN,NaN,NaN,NaN,NaN,OFFLINE,NaN,NaN,NaN
3027.0,392.50282856002883,0.0,0.13960812310429926,NaN,-0.232647267422162,NaN,NaN,NaN,NaN,NaN,OFFLINE,NaN,NaN,NaN
3028.0,392.4566637981628,0.0,0.1356562277347763,NaN,-0.23254543359490834,NaN,NaN,NaN,NaN,NaN,OFFLINE,NaN,NaN,NaN
3029.0,392.4077543743081,0.0,0.13290954280657744,NaN,-0.23243130947815854,NaN,NaN,NaN,NaN,NaN,OFFLINE,NaN,NaN,NaN
3030.0,392.34726243941253,0.0,0.12942695419366043,NaN,-0.2321486328197474,NaN,NaN,NaN,NaN,NaN,OFFLINE,NaN,NaN,NaN
3031.0,392.2830084540711,0.0,0.12697591973447322,NaN,-0.2321679461318127,NaN,NaN,NaN,NaN,NaN,OFFLINE,NaN,NaN,NaN
3032.0,392.227879834523,0.0,0.1251755720601126,NaN,-0.2322399321131472,NaN,NaN,NaN,NaN,NaN,OFFLINE,NaN,NaN,NaN
3033.0,392.1761761043907,0.0,0.1235353257642998,NaN,-0.23217321339873953,NaN,NaN,NaN,NaN,NaN,OFFLINE,NaN,NaN,NaN
3034.0,392.11860182312546,0.0,0.12070874359862749,NaN,-0.23227504722599324,NaN,NaN,NaN,NaN,NaN,OFFLINE,NaN,NaN,NaN
3035.0,392.05702429764995,0.0,0.11843980527606338,NaN,-0.23228382600420475,NaN,NaN,NaN,NaN,NaN,OFFLINE,NaN,NaN,NaN
3036.0,391.9962749926613,0.0,0.11662181064464235,NaN,-0.23257176992954273,NaN,NaN,NaN,NaN,NaN,OFFLINE,NaN,NaN,NaN
3037.0,391.9476197590626,0.0,0.11560841495397459,NaN,-0.2322627569364969,NaN,NaN,NaN,NaN,NaN,OFFLINE,NaN,NaN,NaN
3038.0,391.8925472537617,0.0,0.11448361325612562,NaN,-0.23272803218170782,NaN,NaN,NaN,NaN,NaN,OFFLINE,NaN,NaN,NaN
3039.0,391.83004075253797,0.0,0.11350008951596008,NaN,-0.2329966627949805,NaN,NaN,NaN,NaN,NaN,OFFLINE,NaN,NaN,NaN
3040.0,391.77560920856536,0.0,0.11203395986314311,NaN,-0.23335308119036843,NaN,NaN,NaN,NaN,NaN,OFFLINE,NaN,NaN,NaN
3041.0,391.735288293799,0.0,0.1113669048862605,NaN,-0.23318979591563407,NaN,NaN,NaN,NaN,NaN,OFFLINE,NaN,NaN,NaN
3042.0,391.68829089454783,0.0,0.11057054119213541,NaN,-0.23323720131797634,NaN,NaN,NaN,NaN,NaN,OFFLINE,NaN,NaN,NaN
3043.0,391.64994201489026,0.0,0.10890292932522899,NaN,-0.23328636247596082,NaN,NaN,NaN,NaN,NaN,OFFLINE,NaN,NaN,NaN
3044.0,391.60651928334545,0.0,0.10894246873916429,NaN,-0.23340399810399537,NaN,NaN,NaN,NaN,NaN,OFFLINE,NaN,NaN,NaN
3045.0,391.562361986408,0.0,0.10827096366006646,NaN,-0.23373583592039116,NaN,NaN,NaN,NaN,NaN,OFFLINE,NaN,NaN,NaN
3046.0,391.53508699688666,0.0,0.10795203966797512,NaN,-0.23378499707837572,NaN,NaN,NaN,NaN,NaN,OFFLINE,NaN,NaN,NaN
3047.0,391.5007619558224,0.0,0.10698779970407557,NaN,-0.23420637843252898,NaN,NaN,NaN,NaN,NaN,OFFLINE,NaN,NaN,NaN
3048.0,391.4699348790354,0.0,0.10658524448069806,NaN,-0.2338411812589295,NaN,NaN,NaN,NaN,NaN,OFFLINE,NaN,NaN,NaN
3049.0,391.45512947975436,0.0,0.10527190167060392,NaN,-0.2337498819655296,NaN,NaN,NaN,NaN,NaN,OFFLINE,NaN,NaN,NaN
3050.0,391.44841755360585,0.0,0.10563072313083177,NaN,-0.23405538344729054,NaN,NaN,NaN,NaN,NaN,OFFLINE,NaN,NaN,NaN
3051.0,391.4339891527061,0.0,0.1055976798431187,NaN,-0.2337165226083257,NaN,NaN,NaN,NaN,NaN,OFFLINE,NaN,NaN,NaN
3052.0,391.42652969503314,0.0,0.10513983082095198,NaN,-0.23350934344253374,NaN,NaN,NaN,NaN,NaN,OFFLINE,NaN,NaN,NaN
3053.0,391.4200870164854,0.0,0.10515292537459679,NaN,-0.23367438447291047,NaN,NaN,NaN,NaN,NaN,OFFLINE,NaN,NaN,NaN
3054.0,391.416199268611,0.0,0.1050986034372109,NaN,-0.23403607013522537,NaN,NaN,NaN,NaN,NaN,OFFLINE,NaN,NaN,NaN
3055.0,391.4162796734526,0.0,0.10524075095509733,NaN,-0.23407996402628298,NaN,NaN,NaN,NaN,NaN,OFFLINE,NaN,NaN,NaN
3056.0,391.41992241386396,0.0,0.10464193087884821,NaN,-0.2340483604247215,NaN,NaN,NaN,NaN,NaN,OFFLINE,NaN,NaN,NaN
3057.0,391.4341988598971,0.0,0.10364331771163104,NaN,-0.2338446927702141,NaN,NaN,NaN,NaN,NaN,OFFLINE,NaN,NaN,NaN
3058.0,391.4507052914249,0.0,0.10303058467213431,NaN,-0.23358308517951054,NaN,NaN,NaN,NaN,NaN,OFFLINE,NaN,NaN,NaN
3059.0,391.45993842973644,0.0,0.10371349633507118,NaN,-0.23330216427674177,NaN,NaN,NaN,NaN,NaN,OFFLINE,NaN,NaN,NaN
3060.0,391.4773618499056,0.0,0.10228685494558934,NaN,-0.23287727141130388,NaN,NaN,NaN,NaN,NaN,OFFLINE,NaN,NaN,NaN
3061.0,391.5186612557121,0.0,0.10038154623966954,NaN,-0.2333495696790839,NaN,NaN,NaN,NaN,NaN,OFFLINE,NaN,NaN,NaN
3062.0,391.5545381624678,0.0,0.09990809628444942,NaN,-0.23375339347681404,NaN,NaN,NaN,NaN,NaN,OFFLINE,NaN,NaN,NaN
3063.0,391.58538244384823,0.0,0.09822831057470134,NaN,-0.23349354164175298,NaN,NaN,NaN,NaN,NaN,OFFLINE,NaN,NaN,NaN
3064.0,391.62868153946533,0.0,0.09630167206850855,NaN,-0.23311429842301495,NaN,NaN,NaN,NaN,NaN,OFFLINE,NaN,NaN,NaN
3065.0,391.6840061064233,0.0,0.09516167864240759,NaN,-0.23267887102372337,NaN,NaN,NaN,NaN,NaN,OFFLINE,NaN,NaN,NaN
3066.0,391.7339954789317,0.0,0.09446071081760894,NaN,-0.232699940091431,NaN,NaN,NaN,NaN,NaN,OFFLINE,NaN,NaN,NaN
3067.0,391.7805267299506,0.0,0.09620571354258019,NaN,-0.2328544465879539,NaN,NaN,NaN,NaN,NaN,OFFLINE,NaN,NaN,NaN
3068.0,391.8374595171567,0.0,0.09678305036675579,NaN,-0.23345140350633772,NaN,NaN,NaN,NaN,NaN,OFFLINE,NaN,NaN,NaN
3069.0,391.90134181967596,0.0,0.0965638188944056,NaN,-0.23359361971336437,NaN,NaN,NaN,NaN,NaN,OFFLINE,NaN,NaN,NaN
3070.0,391.9597157560095,0.0,0.09829695468013624,NaN,-0.23371652260832562,NaN,NaN,NaN,NaN,NaN,OFFLINE,NaN,NaN,NaN
3071.0,392.01221458782425,0.0,0.09997459206467697,NaN,-0.23362697907056812,NaN,NaN,NaN,NaN,NaN,OFFLINE,NaN,NaN,NaN
3072.0,392.0800219433001,0.0,0.10070052138236105,NaN,-0.23333552363394544,NaN,NaN,NaN,NaN,NaN,OFFLINE,NaN,NaN,NaN
3073.0,392.1513228183217,0.0,0.1024975442677103,NaN,-0.23357430640129892,NaN,NaN,NaN,NaN,NaN,OFFLINE,NaN,NaN,NaN
3074.0,392.22313461462,0.0,0.10424423496248733,NaN,-0.23410278884963284,NaN,NaN,NaN,NaN,NaN,OFFLINE,NaN,NaN,NaN
3075.0,392.28909924471367,0.0,0.10514678730257579,NaN,-0.23424851656794413,NaN,NaN,NaN,NaN,NaN,OFFLINE,NaN,NaN,NaN
3076.0,392.36895324585953,0.0,0.10642800753576001,NaN,-0.23417477483096735,NaN,NaN,NaN,NaN,NaN,OFFLINE,NaN,NaN,NaN
3077.0,392.45625969563497,0.0,0.10645358283584754,NaN,-0.23433806010570185,NaN,NaN,NaN,NaN,NaN,OFFLINE,NaN,NaN,NaN
3078.0,392.5330752343185,0.0,0.1066814587596273,NaN,-0.23435737341776722,NaN,NaN,NaN,NaN,NaN,OFFLINE,NaN,NaN,NaN
3079.0,392.6073888661635,0.0,0.10774206645425662,NaN,-0.2344908108465824,NaN,NaN,NaN,NaN,NaN,OFFLINE,NaN,NaN,NaN
3080.0,392.6964057200839,0.0,0.10788994283936264,NaN,-0.23432928132749034,NaN,NaN,NaN,NaN,NaN,OFFLINE,NaN,NaN,NaN
3081.0,392.79201550574186,0.0,0.10797490398625337,NaN,-0.23419935540995973,NaN,NaN,NaN,NaN,NaN,OFFLINE,NaN,NaN,NaN
3082.0,392.8704589472257,0.0,0.10820139884382841,NaN,-0.23410630036091756,NaN,NaN,NaN,NaN,NaN,OFFLINE,NaN,NaN,NaN
3083.0,392.9516340570389,0.0,0.10850999041468438,NaN,-0.23408347553756753,NaN,NaN,NaN,NaN,NaN,OFFLINE,NaN,NaN,NaN
3084.0,393.0375533421543,0.0,0.10900011546556156,NaN,-0.23383591399200263,NaN,NaN,NaN,NaN,NaN,OFFLINE,NaN,NaN,NaN
3085.0,393.1347829007933,0.0,0.10842385280398963,NaN,-0.23383591399200263,NaN,NaN,NaN,NaN,NaN,OFFLINE,NaN,NaN,NaN
3086.0,393.2156264976955,0.0,0.10591634808220916,NaN,-0.23418530936482135,NaN,NaN,NaN,NaN,NaN,OFFLINE,NaN,NaN,NaN
3087.0,393.28680168858017,0.0,0.10280557318196434,NaN,-0.2342186687220251,NaN,NaN,NaN,NaN,NaN,OFFLINE,NaN,NaN,NaN
3088.0,393.3680364036326,0.0,0.10051203142071605,NaN,-0.23421691296638283,NaN,NaN,NaN,NaN,NaN,OFFLINE,NaN,NaN,NaN
3089.0,393.45469277362963,0.0,0.09773869702982593,NaN,-0.23409576582706373,NaN,NaN,NaN,NaN,NaN,OFFLINE,NaN,NaN,NaN
3090.0,393.52628997577125,0.0,0.0943620413098713,NaN,-0.23465234036567442,NaN,NaN,NaN,NaN,NaN,OFFLINE,NaN,NaN,NaN
3091.0,393.58576132262505,0.0,0.09114420820346014,NaN,-0.2348366947081164,NaN,NaN,NaN,NaN,NaN,OFFLINE,NaN,NaN,NaN
3092.0,393.658269170521,0.0,0.08776801283890709,NaN,-0.23498066667078546,NaN,NaN,NaN,NaN,NaN,OFFLINE,NaN,NaN,NaN
3093.0,393.7288338368377,0.0,0.08459299278484245,NaN,-0.23507547747546995,NaN,NaN,NaN,NaN,NaN,OFFLINE,NaN,NaN,NaN
3094.0,393.78585283408523,0.0,0.08055398794322131,NaN,-0.23506669869725852,NaN,NaN,NaN,NaN,NaN,OFFLINE,NaN,NaN,NaN
3095.0,393.8318794366653,0.0,0.07784766083856048,NaN,-0.2351597537463008,NaN,NaN,NaN,NaN,NaN,OFFLINE,NaN,NaN,NaN
3096.0,393.88850880173067,0.0,0.07688807557927686,NaN,-0.2348542522645396,NaN,NaN,NaN,NaN,NaN,OFFLINE,NaN,NaN,NaN
3097.0,393.94277355246425,0.0,0.07602700637593036,NaN,-0.23483318319683186,NaN,NaN,NaN,NaN,NaN,OFFLINE,NaN,NaN,NaN
3098.0,393.98122562501027,0.0,0.07414492004249001,NaN,-0.2349227267345894,NaN,NaN,NaN,NaN,NaN,OFFLINE,NaN,NaN,NaN
3099.0,394.0213474593012,0.0,0.0732014983728617,NaN,-0.2350666986972584,NaN,NaN,NaN,NaN,NaN,OFFLINE,NaN,NaN,NaN
3100.0,394.0577456007987,0.0,0.0723230379654557,NaN,-0.23472608210265125,NaN,NaN,NaN,NaN,NaN,OFFLINE,NaN,NaN,NaN
3101.0,394.0869882898314,0.0,0.07250989110789509,NaN,-0.23470852454622818,NaN,NaN,NaN,NaN,NaN,OFFLINE,NaN,NaN,NaN
3102.0,394.1134377138657,0.0,0.07335290414937981,NaN,-0.2348577637758241,NaN,NaN,NaN,NaN,NaN,OFFLINE,NaN,NaN,NaN
3103.0,394.1306806831876,0.0,0.07384783735667343,NaN,-0.2342660741243672,NaN,NaN,NaN,NaN,NaN,OFFLINE,NaN,NaN,NaN
3104.0,394.1482104786422,0.0,0.07538946529534875,NaN,-0.23418882087610576,NaN,NaN,NaN,NaN,NaN,OFFLINE,NaN,NaN,NaN
3105.0,394.16709107231316,0.0,0.07734275326423273,NaN,-0.2342169129663827,NaN,NaN,NaN,NaN,NaN,OFFLINE,NaN,NaN,NaN
3106.0,394.17343109651137,0.0,0.07892837071905859,NaN,-0.23452241444814378,NaN,NaN,NaN,NaN,NaN,OFFLINE,NaN,NaN,NaN
3107.0,394.1738124539561,0.0,0.08196932505006448,NaN,-0.23451714718121688,NaN,NaN,NaN,NaN,NaN,OFFLINE,NaN,NaN,NaN
3108.0,394.1678059596971,0.0,0.08474271059155476,NaN,-0.23408698704885214,NaN,NaN,NaN,NaN,NaN,OFFLINE,NaN,NaN,NaN
3109.0,394.159513748004,0.0,0.08739711983703792,NaN,-0.23396057264260617,NaN,NaN,NaN,NaN,NaN,OFFLINE,NaN,NaN,NaN
3110.0,394.1455225773586,0.0,0.09046523513673675,NaN,-0.23375163772117175,NaN,NaN,NaN,NaN,NaN,OFFLINE,NaN,NaN,NaN
3111.0,394.12399665605346,0.0,0.09228640110536863,NaN,-0.23370072080754498,NaN,NaN,NaN,NaN,NaN,OFFLINE,NaN,NaN,NaN
3112.0,394.0958129300015,0.0,0.09270159052698937,NaN,-0.23371476685268347,NaN,NaN,NaN,NaN,NaN,OFFLINE,NaN,NaN,NaN
3113.0,394.0708507575555,0.0,0.093814013779596,NaN,-0.2340992773383482,NaN,NaN,NaN,NaN,NaN,OFFLINE,NaN,NaN,NaN
3114.0,394.03735579089124,0.0,0.09480362444118236,NaN,-0.23407996402628287,NaN,NaN,NaN,NaN,NaN,OFFLINE,NaN,NaN,NaN
3115.0,393.99246632088017,0.0,0.09518873730990018,NaN,-0.23406065071421747,NaN,NaN,NaN,NaN,NaN,OFFLINE,NaN,NaN,NaN
3116.0,393.9519879394704,0.0,0.09725496580397064,NaN,-0.23341102112656456,NaN,NaN,NaN,NaN,NaN,OFFLINE,NaN,NaN,NaN
3117.0,393.9101838282583,0.0,0.09827946117487638,NaN,-0.23315994806971502,NaN,NaN,NaN,NaN,NaN,OFFLINE,NaN,NaN,NaN
3118.0,393.87131466744,0.0,0.09992083278389301,NaN,-0.23314941353586105,NaN,NaN,NaN,NaN,NaN,OFFLINE,NaN,NaN,NaN
3119.0,393.8244273320212,0.0,0.10057735073713957,NaN,-0.233091473599665,NaN,NaN,NaN,NaN,NaN,OFFLINE,NaN,NaN,NaN
3120.0,393.7700784356538,0.0,0.10143100310346069,NaN,-0.23342506717170303,NaN,NaN,NaN,NaN,NaN,OFFLINE,NaN,NaN,NaN
3121.0,393.7239139556088,0.0,0.10269498558438593,NaN,-0.23366560569469894,NaN,NaN,NaN,NaN,NaN,OFFLINE,NaN,NaN,NaN
3122.0,393.6808934638062,0.0,0.10464909196287271,NaN,-0.23311780993429967,NaN,NaN,NaN,NaN,NaN,OFFLINE,NaN,NaN,NaN
3123.0,393.6284193020609,0.0,0.10616800903507032,NaN,-0.23297208221598834,NaN,NaN,NaN,NaN,NaN,OFFLINE,NaN,NaN,NaN
3124.0,393.57504783518715,0.0,0.1077951607772383,NaN,-0.23280352967432713,NaN,NaN,NaN,NaN,NaN,OFFLINE,NaN,NaN,NaN
3125.0,393.5213080913172,0.0,0.10910185400930969,NaN,-0.2328386447871732,NaN,NaN,NaN,NaN,NaN,OFFLINE,NaN,NaN,NaN
3126.0,393.46462086340745,0.0,0.10907919429343214,NaN,-0.23290185199029606,NaN,NaN,NaN,NaN,NaN,OFFLINE,NaN,NaN,NaN
3127.0,393.4042411187082,0.0,0.10902778794025625,NaN,-0.2330493354642497,NaN,NaN,NaN,NaN,NaN,OFFLINE,NaN,NaN,NaN
3128.0,393.34166386169716,0.0,0.10925070225581904,NaN,-0.23320033044948793,NaN,NaN,NaN,NaN,NaN,OFFLINE,NaN,NaN,NaN
3129.0,393.2792187832988,0.0,0.10925377129182953,NaN,-0.23334079090087237,NaN,NaN,NaN,NaN,NaN,OFFLINE,NaN,NaN,NaN
3130.0,393.22854407568906,0.0,0.10872722701362775,NaN,-0.2330510912198921,NaN,NaN,NaN,NaN,NaN,OFFLINE,NaN,NaN,NaN
3131.0,393.1700743395104,0.0,0.10769316648048928,NaN,-0.23293345559185769,NaN,NaN,NaN,NaN,NaN,OFFLINE,NaN,NaN,NaN
3132.0,393.1045965778107,0.0,0.10720268337541089,NaN,-0.23304582395296525,NaN,NaN,NaN,NaN,NaN,OFFLINE,NaN,NaN,NaN
3133.0,393.04811219977074,0.0,0.10618299616092161,NaN,-0.23316170382535725,NaN,NaN,NaN,NaN,NaN,OFFLINE,NaN,NaN,NaN
3134.0,393.0008431941496,0.0,0.10586458367483202,NaN,-0.23294399012571146,NaN,NaN,NaN,NaN,NaN,OFFLINE,NaN,NaN,NaN
3135.0,392.9520574468357,0.0,0.10514433207376739,NaN,-0.2326946728245041,NaN,NaN,NaN,NaN,NaN,OFFLINE,NaN,NaN,NaN
3136.0,392.8987549874745,0.0,0.10487691673605232,NaN,-0.23305986999810363,NaN,NaN,NaN,NaN,NaN,OFFLINE,NaN,NaN,NaN
3137.0,392.8550710508995,0.0,0.10476709639747651,NaN,-0.23278772787354632,NaN,NaN,NaN,NaN,NaN,OFFLINE,NaN,NaN,NaN
3138.0,392.8116763334026,0.0,0.10419666490432455,NaN,-0.23265955771165808,NaN,NaN,NaN,NaN,NaN,OFFLINE,NaN,NaN,NaN
3139.0,392.76613807678496,0.0,0.10485108568296392,NaN,-0.23272100915913874,NaN,NaN,NaN,NaN,NaN,OFFLINE,NaN,NaN,NaN
3140.0,392.72282626312506,0.0,0.10499088027324228,NaN,-0.23274207822684648,NaN,NaN,NaN,NaN,NaN,OFFLINE,NaN,NaN,NaN
3141.0,392.68480774991104,0.0,0.10573808824059917,NaN,-0.23256123539568901,NaN,NaN,NaN,NaN,NaN,OFFLINE,NaN,NaN,NaN
3142.0,392.6517627620221,0.0,0.1057109784225064,NaN,-0.232854446587954,NaN,NaN,NaN,NaN,NaN,OFFLINE,NaN,NaN,NaN
3143.0,392.6188155012506,0.0,0.105591337168697,NaN,-0.23289658472336935,NaN,NaN,NaN,NaN,NaN,OFFLINE,NaN,NaN,NaN
3144.0,392.58623647928613,0.0,0.1045856140680555,NaN,-0.23283513327588864,NaN,NaN,NaN,NaN,NaN,OFFLINE,NaN,NaN,NaN
3145.0,392.55954963996663,0.0,0.10472223732112301,NaN,-0.23263848864395048,NaN,NaN,NaN,NaN,NaN,OFFLINE,NaN,NaN,NaN
3146.0,392.5428603126768,0.0,0.10406265033186596,NaN,-0.23244535552329687,NaN,NaN,NaN,NaN,NaN,OFFLINE,NaN,NaN,NaN
3147.0,392.5210068241163,0.0,0.1037353887919461,NaN,-0.23268764980193501,NaN,NaN,NaN,NaN,NaN,OFFLINE,NaN,NaN,NaN
3148.0,392.51045837254003,0.0,0.10278189045408331,NaN,-0.23240146163223926,NaN,NaN,NaN,NaN,NaN,OFFLINE,NaN,NaN,NaN
3149.0,392.51032965640053,0.0,0.10159591263842499,NaN,-0.23198359178937059,NaN,NaN,NaN,NaN,NaN,OFFLINE,NaN,NaN,NaN
3150.0,392.50439972341377,0.0,0.10233365774474949,NaN,-0.2320222184135013,NaN,NaN,NaN,NaN,NaN,OFFLINE,NaN,NaN,NaN
3151.0,392.49652621750835,0.0,0.10243319681269011,NaN,-0.2322030612446587,NaN,NaN,NaN,NaN,NaN,OFFLINE,NaN,NaN,NaN
3152.0,392.4951375959911,0.0,0.10296132675949733,NaN,-0.23167457879632483,NaN,NaN,NaN,NaN,NaN,OFFLINE,NaN,NaN,NaN
3153.0,392.500166673145,0.0,0.10399605225043806,NaN,-0.23172725146559403,NaN,NaN,NaN,NaN,NaN,OFFLINE,NaN,NaN,NaN
3154.0,392.50355222459655,0.0,0.10524197856950153,NaN,-0.2317290072212363,NaN,NaN,NaN,NaN,NaN,OFFLINE,NaN,NaN,NaN
3155.0,392.506648602496,0.0,0.10581931539367712,NaN,-0.23208893712790887,NaN,NaN,NaN,NaN,NaN,OFFLINE,NaN,NaN,NaN
3156.0,392.50891904478823,0.0,0.10632632014261205,NaN,-0.2321135177069012,NaN,NaN,NaN,NaN,NaN,OFFLINE,NaN,NaN,NaN
3157.0,392.52286631061935,0.0,0.10696565149419979,NaN,-0.2319484766765244,NaN,NaN,NaN,NaN,NaN,OFFLINE,NaN,NaN,NaN
3158.0,392.5320375150184,0.0,0.10836109101757486,NaN,-0.2323645907637508,NaN,NaN,NaN,NaN,NaN,OFFLINE,NaN,NaN,NaN
3159.0,392.5357955070088,0.0,0.10900789035678815,NaN,-0.23249276092563909,NaN,NaN,NaN,NaN,NaN,OFFLINE,NaN,NaN,NaN
3160.0,392.5514948162388,0.0,0.10887295507352641,NaN,-0.23245589005715062,NaN,NaN,NaN,NaN,NaN,OFFLINE,NaN,NaN,NaN
3161.0,392.57919840574334,0.0,0.10885003960464801,NaN,-0.23244184401201223,NaN,NaN,NaN,NaN,NaN,OFFLINE,NaN,NaN,NaN
3162.0,392.60070875881553,0.0,0.1088361266414004,NaN,-0.23270871886964262,NaN,NaN,NaN,NaN,NaN,OFFLINE,NaN,NaN,NaN
3163.0,392.61809192442246,0.0,0.10885592192366814,NaN,-0.2324541343015083,NaN,NaN,NaN,NaN,NaN,OFFLINE,NaN,NaN,NaN
3164.0,392.6462204917586,0.0,0.10913290242361594,NaN,-0.23234001018475844,NaN,NaN,NaN,NaN,NaN,OFFLINE,NaN,NaN,NaN
3165.0,392.6837177088417,0.0,0.10898267311090186,NaN,-0.2322522224026433,NaN,NaN,NaN,NaN,NaN,OFFLINE,NaN,NaN,NaN
3166.0,392.71627731507704,0.0,0.10942630226621992,NaN,-0.23222061880108175,NaN,NaN,NaN,NaN,NaN,OFFLINE,NaN,NaN,NaN
3167.0,392.7424801049125,0.0,0.10939786253252261,NaN,-0.2321117619512588,NaN,NaN,NaN,NaN,NaN,OFFLINE,NaN,NaN,NaN
3168.0,392.773660757713,0.0,0.10969192733292887,NaN,-0.2322206188010818,NaN,NaN,NaN,NaN,NaN,OFFLINE,NaN,NaN,NaN
3169.0,392.81383491972224,0.0,0.10971075075379329,NaN,-0.23212756375203955,NaN,NaN,NaN,NaN,NaN,OFFLINE,NaN,NaN,NaN
3170.0,392.8476681673186,0.0,0.10960584087283429,NaN,-0.2320239741691435,NaN,NaN,NaN,NaN,NaN,OFFLINE,NaN,NaN,NaN
3171.0,392.87591982297994,0.0,0.10938267080427062,NaN,-0.23184488709362838,NaN,NaN,NaN,NaN,NaN,OFFLINE,NaN,NaN,NaN
3172.0,392.9086918261991,0.0,0.10922323438352505,NaN,-0.23184137558234374,NaN,NaN,NaN,NaN,NaN,OFFLINE,NaN,NaN,NaN
3173.0,392.9474347552464,0.0,0.10890052524702076,NaN,-0.231537629856225,NaN,NaN,NaN,NaN,NaN,OFFLINE,NaN,NaN,NaN
3174.0,392.9726632013608,0.0,0.10730135288314853,NaN,-0.23162541763834021,NaN,NaN,NaN,NaN,NaN,OFFLINE,NaN,NaN,NaN
3175.0,392.99793065628273,0.0,0.1060752218463528,NaN,-0.23176938960100926,NaN,NaN,NaN,NaN,NaN,OFFLINE,NaN,NaN,NaN
3176.0,393.0263180158515,0.0,0.10471717341170568,NaN,-0.2317641223340824,NaN,NaN,NaN,NaN,NaN,OFFLINE,NaN,NaN,NaN
3177.0,393.05811634485315,0.0,0.10420111500653978,NaN,-0.23178694715743237,NaN,NaN,NaN,NaN,NaN,OFFLINE,NaN,NaN,NaN
3178.0,393.0846585417897,0.0,0.10225386280847644,NaN,-0.2312128150623986,NaN,NaN,NaN,NaN,NaN,OFFLINE,NaN,NaN,NaN
3179.0,393.10134579501084,0.0,0.10128051803774574,NaN,-0.23126548773166775,NaN,NaN,NaN,NaN,NaN,OFFLINE,NaN,NaN,NaN
3180.0,393.11706010553945,0.0,0.0994447229974638,NaN,-0.23166053275118637,NaN,NaN,NaN,NaN,NaN,OFFLINE,NaN,NaN,NaN
3181.0,393.13920528439866,0.0,0.0978585940366362,NaN,-0.23191336156367828,NaN,NaN,NaN,NaN,NaN,OFFLINE,NaN,NaN,NaN
3182.0,393.1574942641578,0.0,0.09658658091148349,NaN,-0.23190458278546677,NaN,NaN,NaN,NaN,NaN,OFFLINE,NaN,NaN,NaN
3183.0,393.16385951936866,0.0,0.09600714691270071,NaN,-0.23235230047425465,NaN,NaN,NaN,NaN,NaN,OFFLINE,NaN,NaN,NaN
3184.0,393.175087155804,0.0,0.0959983490094706,NaN,-0.2324242864555892,NaN,NaN,NaN,NaN,NaN,OFFLINE,NaN,NaN,NaN
3185.0,393.1801800556095,0.0,0.09553108827687168,NaN,-0.23215741159795883,NaN,NaN,NaN,NaN,NaN,OFFLINE,NaN,NaN,NaN
3186.0,393.18114571270075,0.0,0.09667819163639697,NaN,-0.23198183603372832,NaN,NaN,NaN,NaN,NaN,OFFLINE,NaN,NaN,NaN
3187.0,393.1762670818374,0.0,0.09680489167303052,NaN,-0.2319677899885898,NaN,NaN,NaN,NaN,NaN,OFFLINE,NaN,NaN,NaN
3188.0,393.1744706167382,0.0,0.09832227422722288,NaN,-0.23189931551853996,NaN,NaN,NaN,NaN,NaN,OFFLINE,NaN,NaN,NaN
3189.0,393.17395428726456,0.0,0.09833981888308292,NaN,-0.23161488310448647,NaN,NaN,NaN,NaN,NaN,OFFLINE,NaN,NaN,NaN
3190.0,393.1681948697179,0.0,0.0988125015793004,NaN,-0.23095647473862202,NaN,NaN,NaN,NaN,NaN,OFFLINE,NaN,NaN,NaN
3191.0,393.15035886493956,0.0,0.09954201143899671,NaN,-0.23059830058759181,NaN,NaN,NaN,NaN,NaN,OFFLINE,NaN,NaN,NaN
3192.0,393.132038087217,0.0,0.09976978506157615,NaN,-0.23039287717744197,NaN,NaN,NaN,NaN,NaN,OFFLINE,NaN,NaN,NaN
3193.0,393.1205028972467,0.0,0.0990839578144293,NaN,-0.23021027859064225,NaN,NaN,NaN,NaN,NaN,OFFLINE,NaN,NaN,NaN
3194.0,393.10314461692167,0.0,0.098010204415555,NaN,-0.23011897929724232,NaN,NaN,NaN,NaN,NaN,OFFLINE,NaN,NaN,NaN
3195.0,393.07787073825557,0.0,0.09662223287980548,NaN,-0.22991004437580803,NaN,NaN,NaN,NaN,NaN,OFFLINE,NaN,NaN,NaN
3196.0,393.0487966012871,0.0,0.09299432541179109,NaN,-0.22976431665749672,NaN,NaN,NaN,NaN,NaN,OFFLINE,NaN,NaN,NaN
3197.0,393.02004273884734,0.0,0.08966892259321184,NaN,-0.22960278713840476,NaN,NaN,NaN,NaN,NaN,OFFLINE,NaN,NaN,NaN
3198.0,392.98177599465424,0.0,0.08556285931476124,NaN,-0.22966950585281223,NaN,NaN,NaN,NaN,NaN,OFFLINE,NaN,NaN,NaN
3199.0,392.9431046973944,0.0,0.08417396706820857,NaN,-0.22986263897346582,NaN,NaN,NaN,NaN,NaN,OFFLINE,NaN,NaN,NaN
3200.0,392.9059623510829,0.0,0.0824425192522837,NaN,-0.229794164503416,NaN,NaN,NaN,NaN,NaN,OFFLINE,NaN,NaN,NaN
3201.0,392.8652997468307,0.0,0.0815066678714813,NaN,-0.22957996231505468,NaN,NaN,NaN,NaN,NaN,OFFLINE,NaN,NaN,NaN
3202.0,392.82207560719826,0.0,0.08053808010656688,NaN,-0.22943950186367035,NaN,NaN,NaN,NaN,NaN,OFFLINE,NaN,NaN,NaN
3203.0,392.77248077272577,0.0,0.07967276540340584,NaN,-0.2289952956861671,NaN,NaN,NaN,NaN,NaN,OFFLINE,NaN,NaN,NaN
3204.0,392.72491020343915,0.0,0.07948125755635052,NaN,-0.22897949388538638,NaN,NaN,NaN,NaN,NaN,OFFLINE,NaN,NaN,NaN
3205.0,392.67688537761404,0.0,0.07931343243717623,NaN,-0.22923056694223606,NaN,NaN,NaN,NaN,NaN,OFFLINE,NaN,NaN,NaN
3206.0,392.6320315969211,0.0,0.08036401461417124,NaN,-0.22939034070568584,NaN,NaN,NaN,NaN,NaN,OFFLINE,NaN,NaN,NaN
3207.0,392.5829882700265,0.0,0.08091956128267226,NaN,-0.22951324360064712,NaN,NaN,NaN,NaN,NaN,OFFLINE,NaN,NaN,NaN
3208.0,392.5376832673606,0.0,0.08173244662065389,NaN,-0.229420188551605,NaN,NaN,NaN,NaN,NaN,OFFLINE,NaN,NaN,NaN
3209.0,392.4873289855085,0.0,0.08094380666715523,NaN,-0.22963263498432396,NaN,NaN,NaN,NaN,NaN,OFFLINE,NaN,NaN,NaN
3210.0,392.43295950764906,0.0,0.08056109787664564,NaN,-0.23022783614706535,NaN,NaN,NaN,NaN,NaN,OFFLINE,NaN,NaN,NaN
3211.0,392.38161925912607,0.0,0.07865006030350623,NaN,-0.23055616245217642,NaN,NaN,NaN,NaN,NaN,OFFLINE,NaN,NaN,NaN
3212.0,392.33729450165265,0.0,0.07741032320706395,NaN,-0.23083708335494524,NaN,NaN,NaN,NaN,NaN,OFFLINE,NaN,NaN,NaN
3213.0,392.28967062694556,0.0,0.07558634395542245,NaN,-0.23138136760405975,NaN,NaN,NaN,NaN,NaN,OFFLINE,NaN,NaN,NaN
3214.0,392.2401119296449,0.0,0.07418077661321272,NaN,-0.23173427448816308,NaN,NaN,NaN,NaN,NaN,OFFLINE,NaN,NaN,NaN
3215.0,392.1926411739768,0.0,0.07278595089703974,NaN,-0.2318817579621167,NaN,NaN,NaN,NaN,NaN,OFFLINE,NaN,NaN,NaN
3216.0,392.14469817560087,0.0,0.07081235613988626,NaN,-0.23227855873727765,NaN,NaN,NaN,NaN,NaN,OFFLINE,NaN,NaN,NaN
3217.0,392.1049891904448,0.0,0.06837697376435259,NaN,-0.232550700861835,NaN,NaN,NaN,NaN,NaN,OFFLINE,NaN,NaN,NaN
3218.0,392.06107011484823,0.0,0.066215144798555,NaN,-0.23323193405104944,NaN,NaN,NaN,NaN,NaN,OFFLINE,NaN,NaN,NaN
3219.0,392.01926097561415,0.0,0.0645232875471656,NaN,-0.23370247656318727,NaN,NaN,NaN,NaN,NaN,OFFLINE,NaN,NaN,NaN
3220.0,391.9838126851165,0.0,0.06251071603267876,NaN,-0.2339851532215984,NaN,NaN,NaN,NaN,NaN,OFFLINE,NaN,NaN,NaN
3221.0,391.9485120461016,0.0,0.06063671149406606,NaN,-0.23438019824111708,NaN,NaN,NaN,NaN,NaN,OFFLINE,NaN,NaN,NaN
3222.0,391.90517129740675,0.0,0.057531205105639284,NaN,-0.23491921522330475,NaN,NaN,NaN,NaN,NaN,OFFLINE,NaN,NaN,NaN
3223.0,391.87100268118616,0.0,0.055463390942963396,NaN,-0.2347401281477896,NaN,NaN,NaN,NaN,NaN,OFFLINE,NaN,NaN,NaN
3224.0,391.8372557574861,0.0,0.05316749625410704,NaN,-0.2347910450614164,NaN,NaN,NaN,NaN,NaN,OFFLINE,NaN,NaN,NaN
3225.0,391.80933836899277,0.0,0.052443919864031026,NaN,-0.23498066667078535,NaN,NaN,NaN,NaN,NaN,OFFLINE,NaN,NaN,NaN
3226.0,391.7877992037574,0.0,0.05222658096388731,NaN,-0.23534586384438483,NaN,NaN,NaN,NaN,NaN,OFFLINE,NaN,NaN,NaN
3227.0,391.76246423518273,0.0,0.052762741554922006,NaN,-0.23556006603274607,NaN,NaN,NaN,NaN,NaN,OFFLINE,NaN,NaN,NaN
3228.0,391.7386512535652,0.0,0.05321629392667402,NaN,-0.23544945342728088,NaN,NaN,NaN,NaN,NaN,OFFLINE,NaN,NaN,NaN
3229.0,391.72305858978507,0.0,0.05362718669788007,NaN,-0.23540907104750777,NaN,NaN,NaN,NaN,NaN,OFFLINE,NaN,NaN,NaN
3230.0,391.7129928869894,0.0,0.054996846318766925,NaN,-0.23541082680315,NaN,NaN,NaN,NaN,NaN,OFFLINE,NaN,NaN,NaN
3231.0,391.70665358583256,0.0,0.056880467170212515,NaN,-0.23531952750975016,NaN,NaN,NaN,NaN,NaN,OFFLINE,NaN,NaN,NaN
3232.0,391.70814454999504,0.0,0.058382555694952536,NaN,-0.23505440840776218,NaN,NaN,NaN,NaN,NaN,OFFLINE,NaN,NaN,NaN
3233.0,391.7072607779791,0.0,0.05991395351359285,NaN,-0.2349876896933546,NaN,NaN,NaN,NaN,NaN,OFFLINE,NaN,NaN,NaN
3234.0,391.7146452658647,0.0,0.06167225539460961,NaN,-0.2350350950956968,NaN,NaN,NaN,NaN,NaN,OFFLINE,NaN,NaN,NaN
3235.0,391.7235089272793,0.0,0.0624718927271459,NaN,-0.23476119721549735,NaN,NaN,NaN,NaN,NaN,OFFLINE,NaN,NaN,NaN
3236.0,391.73187188997366,0.0,0.06380344515090236,NaN,-0.23414668274069056,NaN,NaN,NaN,NaN,NaN,OFFLINE,NaN,NaN,NaN
3237.0,391.74475126131546,0.0,0.06326774491526924,NaN,-0.23394828235310994,NaN,NaN,NaN,NaN,NaN,OFFLINE,NaN,NaN,NaN
3238.0,391.76884589085336,0.0,0.06385858549789104,NaN,-0.23385171579278316,NaN,NaN,NaN,NaN,NaN,OFFLINE,NaN,NaN,NaN
3239.0,391.79349793434693,0.0,0.06338748847027899,NaN,-0.23349178588611058,NaN,NaN,NaN,NaN,NaN,OFFLINE,NaN,NaN,NaN
3240.0,391.8205716497475,0.0,0.06248263435318266,NaN,-0.2335356797771682,NaN,NaN,NaN,NaN,NaN,OFFLINE,NaN,NaN,NaN
3241.0,391.8474800778631,0.0,0.061052617024089255,NaN,-0.23365331540520268,NaN,NaN,NaN,NaN,NaN,OFFLINE,NaN,NaN,NaN
3242.0,391.8741844965023,0.0,0.05976807200189365,NaN,-0.2337446146986025,NaN,NaN,NaN,NaN,NaN,OFFLINE,NaN,NaN,NaN
3243.0,391.9075889453956,0.0,0.05866552081512082,NaN,-0.23410103309399052,NaN,NaN,NaN,NaN,NaN,OFFLINE,NaN,NaN,NaN
3244.0,391.9501687188152,0.0,0.0562363788128085,NaN,-0.23394828235310994,NaN,NaN,NaN,NaN,NaN,OFFLINE,NaN,NaN,NaN
3245.0,391.99625982391507,0.0,0.05464247496075429,NaN,-0.23398690897724064,NaN,NaN,NaN,NaN,NaN,OFFLINE,NaN,NaN,NaN
3246.0,392.04434762384057,0.0,0.052262539835810355,NaN,-0.2341659960527558,NaN,NaN,NaN,NaN,NaN,OFFLINE,NaN,NaN,NaN
3247.0,392.09336490059894,0.0,0.051711136365923505,NaN,-0.23409576582706368,NaN,NaN,NaN,NaN,NaN,OFFLINE,NaN,NaN,NaN
3248.0,392.141381438836,0.0,0.05067850804958993,NaN,-0.23408698704885209,NaN,NaN,NaN,NaN,NaN,OFFLINE,NaN,NaN,NaN
3249.0,392.1932061569806,0.0,0.04952091881702876,NaN,-0.23425905110179804,NaN,NaN,NaN,NaN,NaN,OFFLINE,NaN,NaN,NaN
3250.0,392.2455793260849,0.0,0.04917933510905989,NaN,-0.23394652659746776,NaN,NaN,NaN,NaN,NaN,OFFLINE,NaN,NaN,NaN
3251.0,392.30420487279076,0.0,0.04947191654206108,NaN,-0.2336708729616258,NaN,NaN,NaN,NaN,NaN,OFFLINE,NaN,NaN,NaN
3252.0,392.36612570236946,0.0,0.050880808673282193,NaN,-0.23340399810399542,NaN,NaN,NaN,NaN,NaN,OFFLINE,NaN,NaN,NaN
3253.0,392.4296230652761,0.0,0.05172218489556131,NaN,-0.23325300311875713,NaN,NaN,NaN,NaN,NaN,OFFLINE,NaN,NaN,NaN
3254.0,392.48890560737743,0.0,0.05280171831225538,NaN,-0.23325827038568409,NaN,NaN,NaN,NaN,NaN,OFFLINE,NaN,NaN,NaN
3255.0,392.54925776598037,0.0,0.052917523271051654,NaN,-0.23297910523855764,NaN,NaN,NaN,NaN,NaN,OFFLINE,NaN,NaN,NaN
3256.0,392.6129304294053,0.0,0.05314151174921813,NaN,-0.23273329944863494,NaN,NaN,NaN,NaN,NaN,OFFLINE,NaN,NaN,NaN
3257.0,392.677502563076,0.0,0.053857313248067536,NaN,-0.23242077494430455,NaN,NaN,NaN,NaN,NaN,OFFLINE,NaN,NaN,NaN
3258.0,392.74492183907716,0.0,0.05512743380101378,NaN,-0.2325893274859658,NaN,NaN,NaN,NaN,NaN,OFFLINE,NaN,NaN,NaN
3259.0,392.8143018624505,0.0,0.05692604235496847,NaN,-0.2322961162937008,NaN,NaN,NaN,NaN,NaN,OFFLINE,NaN,NaN,NaN
3260.0,392.88240670764725,0.0,0.0579861896941962,NaN,-0.23234878896297,NaN,NaN,NaN,NaN,NaN,OFFLINE,NaN,NaN,NaN
3261.0,392.9483051707976,0.0,0.059304954467908906,NaN,-0.23242955372251597,NaN,NaN,NaN,NaN,NaN,OFFLINE,NaN,NaN,NaN
3262.0,393.0130839699622,0.0,0.06001032124432261,NaN,-0.23267009224551188,NaN,NaN,NaN,NaN,NaN,OFFLINE,NaN,NaN,NaN
3263.0,393.0772826791935,0.0,0.06106965017394755,NaN,-0.23249100516999677,NaN,NaN,NaN,NaN,NaN,OFFLINE,NaN,NaN,NaN
3264.0,393.1407970071099,0.0,0.06277761986439208,NaN,-0.23246642459100456,NaN,NaN,NaN,NaN,NaN,OFFLINE,NaN,NaN,NaN
3265.0,393.2025734102219,0.0,0.0645790417013564,NaN,-0.23265604620037358,NaN,NaN,NaN,NaN,NaN,OFFLINE,NaN,NaN,NaN
3266.0,393.26155700064936,0.0,0.06558752693440735,NaN,-0.23257528144082754,NaN,NaN,NaN,NaN,NaN,OFFLINE,NaN,NaN,NaN
3267.0,393.32084695453057,0.0,0.0666056284802912,NaN,-0.23249978394820833,NaN,NaN,NaN,NaN,NaN,OFFLINE,NaN,NaN,NaN
3268.0,393.3773017571123,0.0,0.06641601320544235,NaN,-0.23211000619561659,NaN,NaN,NaN,NaN,NaN,OFFLINE,NaN,NaN,NaN
3269.0,393.43032911875184,0.0,0.06659468225185375,NaN,-0.23197656876680142,NaN,NaN,NaN,NaN,NaN,OFFLINE,NaN,NaN,NaN
3270.0,393.47765704447784,0.0,0.0674867998695065,NaN,-0.23152533956672897,NaN,NaN,NaN,NaN,NaN,OFFLINE,NaN,NaN,NaN
3271.0,393.52479769815426,0.0,0.06727728701118955,NaN,-0.23125846470909855,NaN,NaN,NaN,NaN,NaN,OFFLINE,NaN,NaN,NaN
3272.0,393.57091019697043,0.0,0.06699846508963546,NaN,-0.23132693917914846,NaN,NaN,NaN,NaN,NaN,OFFLINE,NaN,NaN,NaN
3273.0,393.6117652686254,0.0,0.06682061445282686,NaN,-0.23140594818305218,NaN,NaN,NaN,NaN,NaN,OFFLINE,NaN,NaN,NaN
3274.0,393.6526628513033,0.0,0.06761968912876123,NaN,-0.23123212837446397,NaN,NaN,NaN,NaN,NaN,OFFLINE,NaN,NaN,NaN
3275.0,393.68909887682827,0.0,0.06854341781732215,NaN,-0.23120403628418704,NaN,NaN,NaN,NaN,NaN,OFFLINE,NaN,NaN,NaN
3276.0,393.7213866575942,0.0,0.07049798455121051,NaN,-0.23152007229980198,NaN,NaN,NaN,NaN,NaN,OFFLINE,NaN,NaN,NaN
3277.0,393.74790964883425,0.0,0.07148513998398848,NaN,-0.23158152374728258,NaN,NaN,NaN,NaN,NaN,OFFLINE,NaN,NaN,NaN
3278.0,393.77204064375934,0.0,0.07248267898860197,NaN,-0.2315200722998019,NaN,NaN,NaN,NaN,NaN,OFFLINE,NaN,NaN,NaN
3279.0,393.7933636629397,0.0,0.07317996397018801,NaN,-0.2316429751947633,NaN,NaN,NaN,NaN,NaN,OFFLINE,NaN,NaN,NaN
3280.0,393.81283321348604,0.0,0.07340906750837199,NaN,-0.23184313133798615,NaN,NaN,NaN,NaN,NaN,OFFLINE,NaN,NaN,NaN
3281.0,393.8233863316023,0.0,0.07442952198186391,NaN,-0.2316833575745363,NaN,NaN,NaN,NaN,NaN,OFFLINE,NaN,NaN,NaN
3282.0,393.83173769586745,0.0,0.07578588244670525,NaN,-0.2315218280554441,NaN,NaN,NaN,NaN,NaN,OFFLINE,NaN,NaN,NaN
3283.0,393.8346889350598,0.0,0.0772563599005371,NaN,-0.23118121146083698,NaN,NaN,NaN,NaN,NaN,OFFLINE,NaN,NaN,NaN
3284.0,393.830498418102,0.0,0.07774853097542127,NaN,-0.23117067692698318,NaN,NaN,NaN,NaN,NaN,OFFLINE,NaN,NaN,NaN
3285.0,393.825057962857,0.0,0.07837389821316122,NaN,-0.23124090715267545,NaN,NaN,NaN,NaN,NaN,OFFLINE,NaN,NaN,NaN
3286.0,393.81424435056533,0.0,0.0785331300315061,NaN,-0.2309529632273374,NaN,NaN,NaN,NaN,NaN,OFFLINE,NaN,NaN,NaN
3287.0,393.80048503640484,0.0,0.07933220470744047,NaN,-0.23102143769738728,NaN,NaN,NaN,NaN,NaN,OFFLINE,NaN,NaN,NaN
3288.0,393.77860574884727,0.0,0.08055567591302708,NaN,-0.23136381004763676,NaN,NaN,NaN,NaN,NaN,OFFLINE,NaN,NaN,NaN
3289.0,393.7531764398731,0.0,0.08213505299463157,NaN,-0.2313128931340099,NaN,NaN,NaN,NaN,NaN,OFFLINE,NaN,NaN,NaN
3290.0,393.7293704611152,0.0,0.08343888179309317,NaN,-0.23143404027332898,NaN,NaN,NaN,NaN,NaN,OFFLINE,NaN,NaN,NaN
3291.0,393.7050122311163,0.0,0.08538618514175668,NaN,-0.2317009151309593,NaN,NaN,NaN,NaN,NaN,OFFLINE,NaN,NaN,NaN
3292.0,393.67505664425335,0.0,0.08639702330241568,NaN,-0.23143228451768663,NaN,NaN,NaN,NaN,NaN,OFFLINE,NaN,NaN,NaN
3293.0,393.6404808798542,0.0,0.08752228535566624,NaN,-0.23176763384536686,NaN,NaN,NaN,NaN,NaN,OFFLINE,NaN,NaN,NaN
3294.0,393.6000316945892,0.0,0.08896345351559778,NaN,-0.23179923744692846,NaN,NaN,NaN,NaN,NaN,OFFLINE,NaN,NaN,NaN
3295.0,393.55673981410575,0.0,0.09090410728623854,NaN,-0.23180801622514002,NaN,NaN,NaN,NaN,NaN,OFFLINE,NaN,NaN,NaN
3296.0,393.5170863307216,0.0,0.093060053933016,NaN,-0.23198359178937056,NaN,NaN,NaN,NaN,NaN,OFFLINE,NaN,NaN,NaN
3297.0,393.4749004781388,0.0,0.09508786832635502,NaN,-0.23231016233883925,NaN,NaN,NaN,NaN,NaN,OFFLINE,NaN,NaN,NaN
3298.0,393.43389560248966,0.0,0.09626105849196957,NaN,-0.23212756375203944,NaN,NaN,NaN,NaN,NaN,OFFLINE,NaN,NaN,NaN
3299.0,393.38670226318374,0.0,0.09731215217496633,NaN,-0.23235230047425445,NaN,NaN,NaN,NaN,NaN,OFFLINE,NaN,NaN,NaN
3300.0,393.33389426041515,0.0,0.09911086303012137,NaN,-0.2324277979668736,NaN,NaN,NaN,NaN,NaN,OFFLINE,NaN,NaN,NaN
3301.0,393.2804563666968,0.0,0.10014221258145055,NaN,-0.23266131346730018,NaN,NaN,NaN,NaN,NaN,OFFLINE,NaN,NaN,NaN
3302.0,393.2273007829857,0.0,0.10036558725241493,NaN,-0.2330212433739727,NaN,NaN,NaN,NaN,NaN,OFFLINE,NaN,NaN,NaN
3303.0,393.1765185670001,0.0,0.10132041550588226,NaN,-0.2331230772012264,NaN,NaN,NaN,NaN,NaN,OFFLINE,NaN,NaN,NaN
3304.0,393.123662045811,0.0,0.1016632779788555,NaN,-0.2331880401599918,NaN,NaN,NaN,NaN,NaN,OFFLINE,NaN,NaN,NaN
3305.0,393.0715727203309,0.0,0.10177749726904636,NaN,-0.2332389570736187,NaN,NaN,NaN,NaN,NaN,OFFLINE,NaN,NaN,NaN
3306.0,393.0171378540145,0.0,0.10132614437310188,NaN,-0.2333969750814262,NaN,NaN,NaN,NaN,NaN,OFFLINE,NaN,NaN,NaN
3307.0,392.9641226493204,0.0,0.10128604230256465,NaN,-0.23302651064089983,NaN,NaN,NaN,NaN,NaN,OFFLINE,NaN,NaN,NaN
3308.0,392.9095466356082,0.0,0.10124363845501955,NaN,-0.23285093507666937,NaN,NaN,NaN,NaN,NaN,OFFLINE,NaN,NaN,NaN
3309.0,392.85637657974286,0.0,0.10084236199664641,NaN,-0.23241024041045077,NaN,NaN,NaN,NaN,NaN,OFFLINE,NaN,NaN,NaN
3310.0,392.80826218426716,0.0,0.10005136911553969,NaN,-0.23229962780498556,NaN,NaN,NaN,NaN,NaN,OFFLINE,NaN,NaN,NaN
3311.0,392.7634228085434,0.0,0.09870298814432565,NaN,-0.23215916735360104,NaN,NaN,NaN,NaN,NaN,OFFLINE,NaN,NaN,NaN
3312.0,392.72097325539755,0.0,0.09978333997062253,NaN,-0.23235405622989694,NaN,NaN,NaN,NaN,NaN,OFFLINE,NaN,NaN,NaN
3313.0,392.6828073030336,0.0,0.10039131600430297,NaN,-0.23238741558710077,NaN,NaN,NaN,NaN,NaN,OFFLINE,NaN,NaN,NaN
3314.0,392.64788079272023,0.0,0.10109177232309986,NaN,-0.23248047063614288,NaN,NaN,NaN,NaN,NaN,OFFLINE,NaN,NaN,NaN
3315.0,392.61220863362064,0.0,0.10182583458621176,NaN,-0.23249802819256593,NaN,NaN,NaN,NaN,NaN,OFFLINE,NaN,NaN,NaN
3316.0,392.5780913132151,0.0,0.1028919153950598,NaN,-0.2321942824664472,NaN,NaN,NaN,NaN,NaN,OFFLINE,NaN,NaN,NaN
3317.0,392.5478197276216,0.0,0.10264490914681457,NaN,-0.23228733751548927,NaN,NaN,NaN,NaN,NaN,OFFLINE,NaN,NaN,NaN
3318.0,392.52087616323894,0.0,0.10326817920994735,NaN,-0.23251031848206205,NaN,NaN,NaN,NaN,NaN,OFFLINE,NaN,NaN,NaN
3319.0,392.4992975904424,0.0,0.10361298540572725,NaN,-0.23281581996382322,NaN,NaN,NaN,NaN,NaN,OFFLINE,NaN,NaN,NaN
3320.0,392.47666583574437,0.0,0.10387334196061816,NaN,-0.23314239051329205,NaN,NaN,NaN,NaN,NaN,OFFLINE,NaN,NaN,NaN
3321.0,392.456427685795,0.0,0.10463978255364086,NaN,-0.23298963977241144,NaN,NaN,NaN,NaN,NaN,OFFLINE,NaN,NaN,NaN
3322.0,392.44079774839,0.0,0.1041713453572379,NaN,-0.23265955771165797,NaN,NaN,NaN,NaN,NaN,OFFLINE,NaN,NaN,NaN
3323.0,392.42678919187574,0.0,0.10420295642814607,NaN,-0.23280352967432702,NaN,NaN,NaN,NaN,NaN,OFFLINE,NaN,NaN,NaN
3324.0,392.41785874521844,0.0,0.10342572305848645,NaN,-0.23266131346730018,NaN,NaN,NaN,NaN,NaN,OFFLINE,NaN,NaN,NaN
3325.0,392.4132438862567,0.0,0.10294874371185427,NaN,-0.2327596357832694,NaN,NaN,NaN,NaN,NaN,OFFLINE,NaN,NaN,NaN
3326.0,392.41284255428127,0.0,0.10287252931759347,NaN,-0.23291940954671922,NaN,NaN,NaN,NaN,NaN,OFFLINE,NaN,NaN,NaN
3327.0,392.4158253676514,0.0,0.10273626411872717,NaN,-0.2327438339824887,NaN,NaN,NaN,NaN,NaN,OFFLINE,NaN,NaN,NaN
3328.0,392.4193876565268,0.0,0.10195161391204217,NaN,-0.23297910523855755,NaN,NaN,NaN,NaN,NaN,OFFLINE,NaN,NaN,NaN
3329.0,392.42335820068763,0.0,0.10179775290671568,NaN,-0.23285269083231167,NaN,NaN,NaN,NaN,NaN,OFFLINE,NaN,NaN,NaN
3330.0,392.4357414741951,0.0,0.1020994902971482,NaN,-0.23286146961052304,NaN,NaN,NaN,NaN,NaN,OFFLINE,NaN,NaN,NaN
3331.0,392.4511281019547,0.0,0.10217672770341249,NaN,-0.23290009623465374,NaN,NaN,NaN,NaN,NaN,OFFLINE,NaN,NaN,NaN
3332.0,392.4641100919577,0.0,0.10290414038850164,NaN,-0.23297910523855742,NaN,NaN,NaN,NaN,NaN,OFFLINE,NaN,NaN,NaN
3333.0,392.4814307620148,0.0,0.10227089595833473,NaN,-0.2329071192572229,NaN,NaN,NaN,NaN,NaN,OFFLINE,NaN,NaN,NaN
3334.0,392.50197563469334,0.0,0.10278833542970536,NaN,-0.23313361173508035,NaN,NaN,NaN,NaN,NaN,OFFLINE,NaN,NaN,NaN
3335.0,392.5246262260244,0.0,0.10208220139428903,NaN,-0.23303353366346893,NaN,NaN,NaN,NaN,NaN,OFFLINE,NaN,NaN,NaN
3336.0,392.5480367734014,0.0,0.10159816326483269,NaN,-0.23278421636226154,NaN,NaN,NaN,NaN,NaN,OFFLINE,NaN,NaN,NaN
3337.0,392.5753042916104,0.0,0.10129673277800122,NaN,-0.23337766176936067,NaN,NaN,NaN,NaN,NaN,OFFLINE,NaN,NaN,NaN
3338.0,392.607470777275,0.0,0.10214419592170117,NaN,-0.2333811732806453,NaN,NaN,NaN,NaN,NaN,OFFLINE,NaN,NaN,NaN
3339.0,392.6436724840464,0.0,0.10234608734059203,NaN,-0.23351812222074522,NaN,NaN,NaN,NaN,NaN,OFFLINE,NaN,NaN,NaN
3340.0,392.67581980260064,0.0,0.10219790405188496,NaN,-0.23305109121989195,NaN,NaN,NaN,NaN,NaN,OFFLINE,NaN,NaN,NaN
3341.0,392.71262454673257,0.0,0.10188967053523021,NaN,-0.23296505919341898,NaN,NaN,NaN,NaN,NaN,OFFLINE,NaN,NaN,NaN
3342.0,392.753292746697,0.0,0.10146870109578969,NaN,-0.2330107088401189,NaN,NaN,NaN,NaN,NaN,OFFLINE,NaN,NaN,NaN
3343.0,392.7950229465726,0.0,0.10113540378504918,NaN,-0.23282108723074993,NaN,NaN,NaN,NaN,NaN,OFFLINE,NaN,NaN,NaN
3344.0,392.83626375792056,0.0,0.1009163257644995,NaN,-0.2328597138548807,NaN,NaN,NaN,NaN,NaN,OFFLINE,NaN,NaN,NaN
3345.0,392.8774910493567,0.0,0.10171417282602967,NaN,-0.23279650665175783,NaN,NaN,NaN,NaN,NaN,OFFLINE,NaN,NaN,NaN
3346.0,392.9203972700498,0.0,0.10105739911978225,NaN,-0.2329229210580038,NaN,NaN,NaN,NaN,NaN,OFFLINE,NaN,NaN,NaN
3347.0,392.9616180830258,0.0,0.10181064285795978,NaN,-0.23245589005715064,NaN,NaN,NaN,NaN,NaN,OFFLINE,NaN,NaN,NaN
3348.0,393.0040448348247,0.0,0.10003413136328071,NaN,-0.23221359577851258,NaN,NaN,NaN,NaN,NaN,OFFLINE,NaN,NaN,NaN
3349.0,393.0459358999858,0.0,0.0994467690214708,NaN,-0.23221535153415493,NaN,NaN,NaN,NaN,NaN,OFFLINE,NaN,NaN,NaN
3350.0,393.0903499635293,0.0,0.0996217552246696,NaN,-0.23241726343302016,NaN,NaN,NaN,NaN,NaN,OFFLINE,NaN,NaN,NaN
3351.0,393.13013957252673,0.0,0.09952866113235104,NaN,-0.2326420001552352,NaN,NaN,NaN,NaN,NaN,OFFLINE,NaN,NaN,NaN
3352.0,393.1681586546276,0.0,0.09882360125953837,NaN,-0.2324471112789393,NaN,NaN,NaN,NaN,NaN,OFFLINE,NaN,NaN,NaN
3353.0,393.20298039243835,0.0,0.09864917771294152,NaN,-0.23240497314352387,NaN,NaN,NaN,NaN,NaN,OFFLINE,NaN,NaN,NaN
3354.0,393.2350402627374,0.0,0.09823403944192095,NaN,-0.23218199217695107,NaN,NaN,NaN,NaN,NaN,OFFLINE,NaN,NaN,NaN
3355.0,393.26878050740044,0.0,0.09722857209428032,NaN,-0.23207313532712817,NaN,NaN,NaN,NaN,NaN,OFFLINE,NaN,NaN,NaN
3356.0,393.3023205001168,0.0,0.09682432890109703,NaN,-0.23195549969909374,NaN,NaN,NaN,NaN,NaN,OFFLINE,NaN,NaN,NaN
3357.0,393.33228163466504,0.0,0.09618648091691438,NaN,-0.23183259680413237,NaN,NaN,NaN,NaN,NaN,OFFLINE,NaN,NaN,NaN
3358.0,393.3587263838163,0.0,0.09661471374157975,NaN,-0.23184137558234388,NaN,NaN,NaN,NaN,NaN,OFFLINE,NaN,NaN,NaN
3359.0,393.3821042623492,0.0,0.0957260743647389,NaN,-0.2317676338453671,NaN,NaN,NaN,NaN,NaN,OFFLINE,NaN,NaN,NaN
3360.0,393.4029912747475,0.0,0.09544755934678585,NaN,-0.23176236657844018,NaN,NaN,NaN,NaN,NaN,OFFLINE,NaN,NaN,NaN
3361.0,393.4205788630531,0.0,0.09556193208877722,NaN,-0.2312145708180409,NaN,NaN,NaN,NaN,NaN,OFFLINE,NaN,NaN,NaN
3362.0,393.4367937370444,0.0,0.09543472054614191,NaN,-0.23163419641655178,NaN,NaN,NaN,NaN,NaN,OFFLINE,NaN,NaN,NaN
3363.0,393.4477170354321,0.0,0.09565753256050435,NaN,-0.23163595217219407,NaN,NaN,NaN,NaN,NaN,OFFLINE,NaN,NaN,NaN
3364.0,393.4604209047402,0.0,0.09544264888916905,NaN,-0.23173954175509,NaN,NaN,NaN,NaN,NaN,OFFLINE,NaN,NaN,NaN
3365.0,393.4657801498532,0.0,0.09484965998133989,NaN,-0.23144633056282513,NaN,NaN,NaN,NaN,NaN,OFFLINE,NaN,NaN,NaN
3366.0,393.468724498779,0.0,0.0952815244986177,NaN,-0.2312883125550176,NaN,NaN,NaN,NaN,NaN,OFFLINE,NaN,NaN,NaN
3367.0,393.46948918618176,0.0,0.09423334639983091,NaN,-0.23097403229504504,NaN,NaN,NaN,NaN,NaN,OFFLINE,NaN,NaN,NaN
3368.0,393.46685900736554,0.0,0.09424679900767695,NaN,-0.2305807430311686,NaN,NaN,NaN,NaN,NaN,OFFLINE,NaN,NaN,NaN
3369.0,393.4611644177083,0.0,0.09483083656047547,NaN,-0.22993638071044248,NaN,NaN,NaN,NaN,NaN,OFFLINE,NaN,NaN,NaN
3370.0,393.4500722248323,0.0,0.09435477792464644,NaN,-0.22950973208936232,NaN,NaN,NaN,NaN,NaN,OFFLINE,NaN,NaN,NaN
3371.0,393.43591360844516,0.0,0.09454331903689162,NaN,-0.22965194829638902,NaN,NaN,NaN,NaN,NaN,OFFLINE,NaN,NaN,NaN
3372.0,393.42075170872107,0.0,0.0948990203105088,NaN,-0.22903918957722463,NaN,NaN,NaN,NaN,NaN,OFFLINE,NaN,NaN,NaN
3373.0,393.39988489020016,0.0,0.09457723188480766,NaN,-0.22877933774216352,NaN,NaN,NaN,NaN,NaN,OFFLINE,NaN,NaN,NaN
3374.0,393.3758171655294,0.0,0.0946031652390964,NaN,-0.2287442226293174,NaN,NaN,NaN,NaN,NaN,OFFLINE,NaN,NaN,NaN
3375.0,393.3488798860909,0.0,0.09492300994199089,NaN,-0.22917613851732452,NaN,NaN,NaN,NaN,NaN,OFFLINE,NaN,NaN,NaN
3376.0,393.31502723915224,0.0,0.09438741200755811,NaN,-0.22942545581853188,NaN,NaN,NaN,NaN,NaN,OFFLINE,NaN,NaN,NaN
3377.0,393.2797026103241,0.0,0.09454633692230194,NaN,-0.23012951383109626,NaN,NaN,NaN,NaN,NaN,OFFLINE,NaN,NaN,NaN
3378.0,393.24134115090584,0.0,0.09392741466018405,NaN,-0.23055791820781876,NaN,NaN,NaN,NaN,NaN,OFFLINE,NaN,NaN,NaN
3379.0,393.19840873919367,0.0,0.09393805398502045,NaN,-0.23120754779547167,NaN,NaN,NaN,NaN,NaN,OFFLINE,NaN,NaN,NaN
3380.0,393.1558997982432,0.0,0.09316956736799076,NaN,-0.23171320542045565,NaN,NaN,NaN,NaN,NaN,OFFLINE,NaN,NaN,NaN
3381.0,393.1114742338898,0.0,0.09091213793046601,NaN,-0.2321539000866741,NaN,NaN,NaN,NaN,NaN,OFFLINE,NaN,NaN,NaN
3382.0,393.06515867767195,0.0,0.08897941250285239,NaN,-0.23246993610228897,NaN,NaN,NaN,NaN,NaN,OFFLINE,NaN,NaN,NaN
3383.0,393.0220169732003,0.0,0.08726295181277881,NaN,-0.2325717699295427,NaN,NaN,NaN,NaN,NaN,OFFLINE,NaN,NaN,NaN
3384.0,392.9734326567593,0.0,0.08549580087793178,NaN,-0.23258932748596567,NaN,NaN,NaN,NaN,NaN,OFFLINE,NaN,NaN,NaN
3385.0,392.92226961515144,0.0,0.08423243220420863,NaN,-0.23262268684316947,NaN,NaN,NaN,NaN,NaN,OFFLINE,NaN,NaN,NaN
3386.0,392.87493222603547,0.0,0.08253975654321644,NaN,-0.23258932748596564,NaN,NaN,NaN,NaN,NaN,OFFLINE,NaN,NaN,NaN
3387.0,392.8261594809538,0.0,0.08139137441868677,NaN,-0.2324400882563697,NaN,NaN,NaN,NaN,NaN,OFFLINE,NaN,NaN,NaN
3388.0,392.77627648818134,0.0,0.07917384244929856,NaN,-0.23240497314352354,NaN,NaN,NaN,NaN,NaN,OFFLINE,NaN,NaN,NaN
3389.0,392.7282680373681,0.0,0.0774731361440789,NaN,-0.23239970587659664,NaN,NaN,NaN,NaN,NaN,OFFLINE,NaN,NaN,NaN
3390.0,392.67745234389406,0.0,0.07592173844077015,NaN,-0.23223993211314686,NaN,NaN,NaN,NaN,NaN,OFFLINE,NaN,NaN,NaN
3391.0,392.626738129687,0.0,0.07507688397767912,NaN,-0.23211878497382796,NaN,NaN,NaN,NaN,NaN,OFFLINE,NaN,NaN,NaN
3392.0,392.57591319926865,0.0,0.07551156177796656,NaN,-0.23196778998858977,NaN,NaN,NaN,NaN,NaN,OFFLINE,NaN,NaN,NaN
3393.0,392.523741878633,0.0,0.0743102899328559,NaN,-0.23164297519476343,NaN,NaN,NaN,NaN,NaN,OFFLINE,NaN,NaN,NaN
3394.0,392.4728628537577,0.0,0.07326262334007087,NaN,-0.23157450072471344,NaN,NaN,NaN,NaN,NaN,OFFLINE,NaN,NaN,NaN
3395.0,392.42822308391897,0.0,0.07179598218125215,NaN,-0.23116540966005622,NaN,NaN,NaN,NaN,NaN,OFFLINE,NaN,NaN,NaN
3396.0,392.3809882291728,0.0,0.0702853515062829,NaN,-0.23120579203982922,NaN,NaN,NaN,NaN,NaN,OFFLINE,NaN,NaN,NaN
3397.0,392.3371869671793,0.0,0.0683353883264103,NaN,-0.23106006432151804,NaN,NaN,NaN,NaN,NaN,OFFLINE,NaN,NaN,NaN
3398.0,392.2923158287395,0.0,0.06799426497384299,NaN,-0.23108288914486802,NaN,NaN,NaN,NaN,NaN,OFFLINE,NaN,NaN,NaN
3399.0,392.2517897536989,0.0,0.06685580606574729,NaN,-0.23098983409582582,NaN,NaN,NaN,NaN,NaN,OFFLINE,NaN,NaN,NaN
3400.0,392.2119862011803,0.0,0.06568742405654918,NaN,-0.23094067293784132,NaN,NaN,NaN,NaN,NaN,OFFLINE,NaN,NaN,NaN
3401.0,392.1743152339211,0.0,0.06568118368332783,NaN,-0.23068082110278004,NaN,NaN,NaN,NaN,NaN,OFFLINE,NaN,NaN,NaN
3402.0,392.1377257021303,0.0,0.06434768753676472,NaN,-0.23070013441484544,NaN,NaN,NaN,NaN,NaN,OFFLINE,NaN,NaN,NaN
3403.0,392.10567122684307,0.0,0.06508512573948817,NaN,-0.23167457879632472,NaN,NaN,NaN,NaN,NaN,OFFLINE,NaN,NaN,NaN
3404.0,392.07635834796514,0.0,0.06492865605355275,NaN,-0.2317290072212362,NaN,NaN,NaN,NaN,NaN,OFFLINE,NaN,NaN,NaN
3405.0,392.0480069774394,0.0,0.06622133402117618,NaN,-0.23202221841350124,NaN,NaN,NaN,NaN,NaN,OFFLINE,NaN,NaN,NaN
3406.0,392.0237503552627,0.0,0.06728286242660864,NaN,-0.2320327529473551,NaN,NaN,NaN,NaN,NaN,OFFLINE,NaN,NaN,NaN
3407.0,391.9975309992525,0.0,0.06818884185690882,NaN,-0.23189404825161297,NaN,NaN,NaN,NaN,NaN,OFFLINE,NaN,NaN,NaN
3408.0,391.97769618851544,0.0,0.06861390334436335,NaN,-0.2319642784773052,NaN,NaN,NaN,NaN,NaN,OFFLINE,NaN,NaN,NaN
3409.0,391.9614766250694,0.0,0.06932121384358371,NaN,-0.23189229249597068,NaN,NaN,NaN,NaN,NaN,OFFLINE,NaN,NaN,NaN
3410.0,391.94971499969625,0.0,0.07015138808442449,NaN,-0.23189229249597068,NaN,NaN,NaN,NaN,NaN,OFFLINE,NaN,NaN,NaN
3411.0,391.9409634767564,0.0,0.06926494818339117,NaN,-0.2320994716617627,NaN,NaN,NaN,NaN,NaN,OFFLINE,NaN,NaN,NaN
3412.0,391.9337437913342,0.0,0.06943855332038523,NaN,-0.2323909270983855,NaN,NaN,NaN,NaN,NaN,OFFLINE,NaN,NaN,NaN
3413.0,391.92917217636506,0.0,0.06895338987772504,NaN,-0.23186771191697853,NaN,NaN,NaN,NaN,NaN,OFFLINE,NaN,NaN,NaN
3414.0,391.92734228063324,0.0,0.06925906586437104,NaN,-0.23195901121037837,NaN,NaN,NaN,NaN,NaN,OFFLINE,NaN,NaN,NaN
3415.0,391.9294914271392,0.0,0.06818919991111005,NaN,-0.23195023243216678,NaN,NaN,NaN,NaN,NaN,OFFLINE,NaN,NaN,NaN
3416.0,391.93266620821277,0.0,0.0676859291559879,NaN,-0.231894048251613,NaN,NaN,NaN,NaN,NaN,OFFLINE,NaN,NaN,NaN
3417.0,391.9446329601282,0.0,0.06835804804228783,NaN,-0.23208893712790885,NaN,NaN,NaN,NaN,NaN,OFFLINE,NaN,NaN,NaN
3418.0,391.9588315531899,0.0,0.06947430758990758,NaN,-0.23236107925246627,NaN,NaN,NaN,NaN,NaN,OFFLINE,NaN,NaN,NaN
3419.0,391.9741392323797,0.0,0.07050601519543799,NaN,-0.2330458239529653,NaN,NaN,NaN,NaN,NaN,OFFLINE,NaN,NaN,NaN
3420.0,391.994281942568,0.0,0.07086805914347688,NaN,-0.23308796208838062,NaN,NaN,NaN,NaN,NaN,OFFLINE,NaN,NaN,NaN
3421.0,392.01572038540985,0.0,0.07301270150761566,NaN,-0.23290536350158092,NaN,NaN,NaN,NaN,NaN,OFFLINE,NaN,NaN,NaN
3422.0,392.0430558668578,0.0,0.07445663179995667,NaN,-0.23258757173032354,NaN,NaN,NaN,NaN,NaN,OFFLINE,NaN,NaN,NaN
3423.0,392.07361978870966,0.0,0.07587554944881209,NaN,-0.2326490231778042,NaN,NaN,NaN,NaN,NaN,OFFLINE,NaN,NaN,NaN
3424.0,392.1045051443901,0.0,0.07704485216881334,NaN,-0.23244184401201212,NaN,NaN,NaN,NaN,NaN,OFFLINE,NaN,NaN,NaN
3425.0,392.1378380288954,0.0,0.07827149471161081,NaN,-0.23252260877155811,NaN,NaN,NaN,NaN,NaN,OFFLINE,NaN,NaN,NaN
3426.0,392.17416028333605,0.0,0.07942770287796726,NaN,-0.23274207822684626,NaN,NaN,NaN,NaN,NaN,OFFLINE,NaN,NaN,NaN
3427.0,392.2091626972303,0.0,0.07941864922173628,NaN,-0.2330388009303958,NaN,NaN,NaN,NaN,NaN,OFFLINE,NaN,NaN,NaN
3428.0,392.2472678017403,0.0,0.08007982187959875,NaN,-0.23296505919341898,NaN,NaN,NaN,NaN,NaN,OFFLINE,NaN,NaN,NaN
3429.0,392.28654220028886,0.0,0.08006263527793994,NaN,-0.23271223038092698,NaN,NaN,NaN,NaN,NaN,OFFLINE,NaN,NaN,NaN
3430.0,392.32888023383924,0.0,0.0809617093772165,NaN,-0.23314590202457644,NaN,NaN,NaN,NaN,NaN,OFFLINE,NaN,NaN,NaN
3431.0,392.373787984605,0.0,0.08036068982515986,NaN,-0.2337674395219525,NaN,NaN,NaN,NaN,NaN,OFFLINE,NaN,NaN,NaN
3432.0,392.4172910615087,0.0,0.08004053821866433,NaN,-0.23410981187220206,NaN,NaN,NaN,NaN,NaN,OFFLINE,NaN,NaN,NaN
3433.0,392.4623347515939,0.0,0.07924601594614554,NaN,-0.23413965971812128,NaN,NaN,NaN,NaN,NaN,OFFLINE,NaN,NaN,NaN
3434.0,392.5109026501537,0.0,0.07823783761669564,NaN,-0.2342292032558789,NaN,NaN,NaN,NaN,NaN,OFFLINE,NaN,NaN,NaN
3435.0,392.56127245793346,0.0,0.07767993802058655,NaN,-0.23407118524807147,NaN,NaN,NaN,NaN,NaN,OFFLINE,NaN,NaN,NaN
3436.0,392.6122124329441,0.0,0.07702004412772845,NaN,-0.2339412593305409,NaN,NaN,NaN,NaN,NaN,OFFLINE,NaN,NaN,NaN
3437.0,392.66307140552505,0.0,0.07701221808590167,NaN,-0.23344789199505303,NaN,NaN,NaN,NaN,NaN,OFFLINE,NaN,NaN,NaN
3438.0,392.7128060685176,0.0,0.07626843720875652,NaN,-0.23286673687745005,NaN,NaN,NaN,NaN,NaN,OFFLINE,NaN,NaN,NaN
3439.0,392.7652598980629,0.0,0.0749294167973745,NaN,-0.23241901918866215,NaN,NaN,NaN,NaN,NaN,OFFLINE,NaN,NaN,NaN
3440.0,392.8150886823435,0.0,0.07453617098322884,NaN,-0.23187122342826294,NaN,NaN,NaN,NaN,NaN,OFFLINE,NaN,NaN,NaN
3441.0,392.8631160119711,0.0,0.0742320295145881,NaN,-0.23121983808496774,NaN,NaN,NaN,NaN,NaN,OFFLINE,NaN,NaN,NaN
3442.0,392.9121140553048,0.0,0.07258022318313576,NaN,-0.23095120747169504,NaN,NaN,NaN,NaN,NaN,OFFLINE,NaN,NaN,NaN
3443.0,392.96073767012035,0.0,0.07241715506977775,NaN,-0.23084586213315664,NaN,NaN,NaN,NaN,NaN,OFFLINE,NaN,NaN,NaN
3444.0,393.0081009729652,0.0,0.07193587907273087,NaN,-0.23082303730980672,NaN,NaN,NaN,NaN,NaN,OFFLINE,NaN,NaN,NaN
3445.0,393.0522806712252,0.0,0.07138381064504173,NaN,-0.23077738766310685,NaN,NaN,NaN,NaN,NaN,OFFLINE,NaN,NaN,NaN
3446.0,393.0989786749352,0.0,0.07108616530262322,NaN,-0.23101968194174502,NaN,NaN,NaN,NaN,NaN,OFFLINE,NaN,NaN,NaN
3447.0,393.143341996955,0.0,0.06985977851282663,NaN,-0.23122861686317933,NaN,NaN,NaN,NaN,NaN,OFFLINE,NaN,NaN,NaN
3448.0,393.18676279016546,0.0,0.06939512646083662,NaN,-0.23190458278546677,NaN,NaN,NaN,NaN,NaN,OFFLINE,NaN,NaN,NaN
3449.0,393.22694194004856,0.0,0.06968463885782732,NaN,-0.23246818034664668,NaN,NaN,NaN,NaN,NaN,OFFLINE,NaN,NaN,NaN
3450.0,393.2636778210008,0.0,0.06849206261474641,NaN,-0.23279475089611543,NaN,NaN,NaN,NaN,NaN,OFFLINE,NaN,NaN,NaN
3451.0,393.2981728116033,0.0,0.06812858644990263,NaN,-0.23268238253500784,NaN,NaN,NaN,NaN,NaN,OFFLINE,NaN,NaN,NaN
3452.0,393.3310898830121,0.0,0.06885564108079055,NaN,-0.23263673288830802,NaN,NaN,NaN,NaN,NaN,OFFLINE,NaN,NaN,NaN
3453.0,393.3602070324294,0.0,0.0682659258113726,NaN,-0.2326806267793658,NaN,NaN,NaN,NaN,NaN,OFFLINE,NaN,NaN,NaN
3454.0,393.38674296410056,0.0,0.06802265355694014,NaN,-0.23258581597468125,NaN,NaN,NaN,NaN,NaN,OFFLINE,NaN,NaN,NaN
3455.0,393.4108947092244,0.0,0.06739401268078898,NaN,-0.2327174976478541,NaN,NaN,NaN,NaN,NaN,OFFLINE,NaN,NaN,NaN
3456.0,393.4282943569468,0.0,0.06612844453125832,NaN,-0.23258757173032357,NaN,NaN,NaN,NaN,NaN,OFFLINE,NaN,NaN,NaN
3457.0,393.4424739764234,0.0,0.06591693679953456,NaN,-0.232469936102289,NaN,NaN,NaN,NaN,NaN,OFFLINE,NaN,NaN,NaN
3458.0,393.45271179823243,0.0,0.06492123921652736,NaN,-0.23205557777070498,NaN,NaN,NaN,NaN,NaN,OFFLINE,NaN,NaN,NaN
3459.0,393.4596648516166,0.0,0.06459382422480697,NaN,-0.23186771191697841,NaN,NaN,NaN,NaN,NaN,OFFLINE,NaN,NaN,NaN
3460.0,393.4648368583374,0.0,0.06450318536129682,NaN,-0.231813283492067,NaN,NaN,NaN,NaN,NaN,OFFLINE,NaN,NaN,NaN
3461.0,393.46677120749723,0.0,0.06320585268905744,NaN,-0.2320748910827705,NaN,NaN,NaN,NaN,NaN,OFFLINE,NaN,NaN,NaN
3462.0,393.46545016436943,0.0,0.06275337447990911,NaN,-0.23214687706410495,NaN,NaN,NaN,NaN,NaN,OFFLINE,NaN,NaN,NaN
3463.0,393.4601290562451,0.0,0.06218488670956379,NaN,-0.23235932349682376,NaN,NaN,NaN,NaN,NaN,OFFLINE,NaN,NaN,NaN
3464.0,393.45409371371346,0.0,0.06134023684887347,NaN,-0.2325717699295427,NaN,NaN,NaN,NaN,NaN,OFFLINE,NaN,NaN,NaN
3465.0,393.4424820490005,0.0,0.06082924235312489,NaN,-0.23262795411009643,NaN,NaN,NaN,NaN,NaN,OFFLINE,NaN,NaN,NaN
3466.0,393.42741454357713,0.0,0.0613508250231097,NaN,-0.23261741957624257,NaN,NaN,NaN,NaN,NaN,OFFLINE,NaN,NaN,NaN
3467.0,393.41188524162084,0.0,0.06103681148863517,NaN,-0.23259810626417726,NaN,NaN,NaN,NaN,NaN,OFFLINE,NaN,NaN,NaN
3468.0,393.3929595579264,0.0,0.0611533325558339,NaN,-0.23263673288830802,NaN,NaN,NaN,NaN,NaN,OFFLINE,NaN,NaN,NaN
3469.0,393.37236038418604,0.0,0.060300140544914345,NaN,-0.23231367385012383,NaN,NaN,NaN,NaN,NaN,OFFLINE,NaN,NaN,NaN
3470.0,393.3472430177147,0.0,0.059338969617025304,NaN,-0.23210122741740485,NaN,NaN,NaN,NaN,NaN,OFFLINE,NaN,NaN,NaN
3471.0,393.32015790957223,0.0,0.05887851191424966,NaN,-0.2323733695419621,NaN,NaN,NaN,NaN,NaN,OFFLINE,NaN,NaN,NaN
3472.0,393.29020374618455,0.0,0.057985933941195326,NaN,-0.23244184401201204,NaN,NaN,NaN,NaN,NaN,OFFLINE,NaN,NaN,NaN
3473.0,393.2577529757991,0.0,0.05761335296952039,NaN,-0.23208015834969714,NaN,NaN,NaN,NaN,NaN,OFFLINE,NaN,NaN,NaN
3474.0,393.2233443536982,0.0,0.05801289030748757,NaN,-0.2319713014998742,NaN,NaN,NaN,NaN,NaN,OFFLINE,NaN,NaN,NaN
3475.0,393.1889518036799,0.0,0.05839892388700854,NaN,-0.23176412233408222,NaN,NaN,NaN,NaN,NaN,OFFLINE,NaN,NaN,NaN
3476.0,393.1529322892706,0.0,0.057702866519826694,NaN,-0.23145686509667876,NaN,NaN,NaN,NaN,NaN,OFFLINE,NaN,NaN,NaN
3477.0,393.1159588236261,0.0,0.05827575324178706,NaN,-0.23145686509667887,NaN,NaN,NaN,NaN,NaN,OFFLINE,NaN,NaN,NaN
3478.0,393.0793421448611,0.0,0.058240766231267345,NaN,-0.23143930754025585,NaN,NaN,NaN,NaN,NaN,OFFLINE,NaN,NaN,NaN
3479.0,393.0401965102993,0.0,0.059078152706732806,NaN,-0.23156396619085956,NaN,NaN,NaN,NaN,NaN,OFFLINE,NaN,NaN,NaN
3480.0,393.00166354930207,0.0,0.059647612338481454,NaN,-0.23176587808972468,NaN,NaN,NaN,NaN,NaN,OFFLINE,NaN,NaN,NaN
3481.0,392.96368142116904,0.0,0.060523822119479764,NaN,-0.23181328349206695,NaN,NaN,NaN,NaN,NaN,OFFLINE,NaN,NaN,NaN
3482.0,392.92711702518244,0.0,0.06098637699686259,NaN,-0.23198008027808598,NaN,NaN,NaN,NaN,NaN,OFFLINE,NaN,NaN,NaN
3483.0,392.8894103141742,0.0,0.06116540409747521,NaN,-0.23218023642130878,NaN,NaN,NaN,NaN,NaN,OFFLINE,NaN,NaN,NaN
3484.0,392.8525223019986,0.0,0.061939210376923105,NaN,-0.23204679899249364,NaN,NaN,NaN,NaN,NaN,OFFLINE,NaN,NaN,NaN
3485.0,392.81750737307686,0.0,0.06251890012870676,NaN,-0.23224871089135865,NaN,NaN,NaN,NaN,NaN,OFFLINE,NaN,NaN,NaN
3486.0,392.7826789489921,0.0,0.06425372388424318,NaN,-0.23229084902677397,NaN,NaN,NaN,NaN,NaN,OFFLINE,NaN,NaN,NaN
3487.0,392.74928152668497,0.0,0.06480737798053773,NaN,-0.23230665082755475,NaN,NaN,NaN,NaN,NaN,OFFLINE,NaN,NaN,NaN
3488.0,392.71561028284214,0.0,0.06580829292476278,NaN,-0.23239443860967002,NaN,NaN,NaN,NaN,NaN,OFFLINE,NaN,NaN,NaN
3489.0,392.6849571534075,0.0,0.06625248473668277,NaN,-0.23243130947815838,NaN,NaN,NaN,NaN,NaN,OFFLINE,NaN,NaN,NaN
3490.0,392.655950396208,0.0,0.06875277722383856,NaN,-0.23230489507191232,NaN,NaN,NaN,NaN,NaN,OFFLINE,NaN,NaN,NaN
3491.0,392.63092947368796,0.0,0.0709497466519564,NaN,-0.2318062604694976,NaN,NaN,NaN,NaN,NaN,OFFLINE,NaN,NaN,NaN
3492.0,392.6025505081018,0.0,0.07269669309973431,NaN,-0.23145159782975194,NaN,NaN,NaN,NaN,NaN,OFFLINE,NaN,NaN,NaN
3493.0,392.57994936215385,0.0,0.07471724410784847,NaN,-0.2313006028445138,NaN,NaN,NaN,NaN,NaN,OFFLINE,NaN,NaN,NaN
3494.0,392.5594690310957,0.0,0.07613703131690686,NaN,-0.23127953377680605,NaN,NaN,NaN,NaN,NaN,OFFLINE,NaN,NaN,NaN
3495.0,392.5393993881961,0.0,0.07910632365706752,NaN,-0.23130762586708298,NaN,NaN,NaN,NaN,NaN,OFFLINE,NaN,NaN,NaN
3496.0,392.5229304121301,0.0,0.0815605294534656,NaN,-0.23143404027332903,NaN,NaN,NaN,NaN,NaN,OFFLINE,NaN,NaN,NaN
3497.0,392.50799420378013,0.0,0.08303648002151619,NaN,-0.23163946368347876,NaN,NaN,NaN,NaN,NaN,OFFLINE,NaN,NaN,NaN
3498.0,392.49806481010535,0.0,0.08374123299072779,NaN,-0.2318238180259208,NaN,NaN,NaN,NaN,NaN,OFFLINE,NaN,NaN,NaN
3499.0,392.4919122092103,0.0,0.08536209320907423,NaN,-0.23184137558234394,NaN,NaN,NaN,NaN,NaN,OFFLINE,NaN,NaN,NaN
3500.0,392.4871978583173,0.0,0.08477708379487238,NaN,-0.2318800022064745,NaN,NaN,NaN,NaN,NaN,OFFLINE,NaN,NaN,NaN
3501.0,392.4877974216466,0.0,0.08456061445493164,NaN,-0.23178694715743225,NaN,NaN,NaN,NaN,NaN,OFFLINE,NaN,NaN,NaN
3502.0,392.49344098156405,0.0,0.08533631330658602,NaN,-0.2321591673536009,NaN,NaN,NaN,NaN,NaN,OFFLINE,NaN,NaN,NaN
3503.0,392.4992162580018,0.0,0.08587400841562597,NaN,-0.23220832851158543,NaN,NaN,NaN,NaN,NaN,OFFLINE,NaN,NaN,NaN
3504.0,392.50675039626327,0.0,0.08676689329228135,NaN,-0.2325226087715581,NaN,NaN,NaN,NaN,NaN,OFFLINE,NaN,NaN,NaN
3505.0,392.5196799108957,0.0,0.08716816975065447,NaN,-0.23249627243692347,NaN,NaN,NaN,NaN,NaN,OFFLINE,NaN,NaN,NaN
3506.0,392.5345182904229,0.0,0.0865545160003546,NaN,-0.2328965847233691,NaN,NaN,NaN,NaN,NaN,OFFLINE,NaN,NaN,NaN
3507.0,392.5531532819249,0.0,0.08751133912722878,NaN,-0.23274383398248863,NaN,NaN,NaN,NaN,NaN,OFFLINE,NaN,NaN,NaN
3508.0,392.57312855383816,0.0,0.08863629427687827,NaN,-0.23250505121513518,NaN,NaN,NaN,NaN,NaN,OFFLINE,NaN,NaN,NaN
3509.0,392.5928624726597,0.0,0.08920329867981852,NaN,-0.2324523785458661,NaN,NaN,NaN,NaN,NaN,OFFLINE,NaN,NaN,NaN
3510.0,392.6148831674342,0.0,0.09035935339437444,NaN,-0.2325507008618351,NaN,NaN,NaN,NaN,NaN,OFFLINE,NaN,NaN,NaN
3511.0,392.63814310241696,0.0,0.09164548408517546,NaN,-0.2330265106408998,NaN,NaN,NaN,NaN,NaN,OFFLINE,NaN,NaN,NaN
3512.0,392.66471044997604,0.0,0.09283064349123099,NaN,-0.2328509350766692,NaN,NaN,NaN,NaN,NaN,OFFLINE,NaN,NaN,NaN
3513.0,392.6962217403537,0.0,0.09325754640029181,NaN,-0.23305635848681897,NaN,NaN,NaN,NaN,NaN,OFFLINE,NaN,NaN,NaN
3514.0,392.72979183985836,0.0,0.09362557496855117,NaN,-0.23355148157794903,NaN,NaN,NaN,NaN,NaN,OFFLINE,NaN,NaN,NaN
3515.0,392.76441580325934,0.0,0.09219985428987247,NaN,-0.23383064672507559,NaN,NaN,NaN,NaN,NaN,OFFLINE,NaN,NaN,NaN
3516.0,392.8016929597362,0.0,0.09271693570704188,NaN,-0.23374812620988716,NaN,NaN,NaN,NaN,NaN,OFFLINE,NaN,NaN,NaN
3517.0,392.8397042119344,0.0,0.09356731443495181,NaN,-0.2340185125788021,NaN,NaN,NaN,NaN,NaN,OFFLINE,NaN,NaN,NaN
3518.0,392.87789036042324,0.0,0.09433815397958956,NaN,-0.23409401007142128,NaN,NaN,NaN,NaN,NaN,OFFLINE,NaN,NaN,NaN
3519.0,392.9207728713263,0.0,0.09618673666991526,NaN,-0.23390789997333697,NaN,NaN,NaN,NaN,NaN,OFFLINE,NaN,NaN,NaN
3520.0,392.96748644390146,0.0,0.0963630527887186,NaN,-0.23376041649938328,NaN,NaN,NaN,NaN,NaN,OFFLINE,NaN,NaN,NaN
3521.0,393.01184965635264,0.0,0.09576367005586756,NaN,-0.2336656056946988,NaN,NaN,NaN,NaN,NaN,OFFLINE,NaN,NaN,NaN
3522.0,393.0564566652982,0.0,0.09496116828972145,NaN,-0.23364804813827572,NaN,NaN,NaN,NaN,NaN,OFFLINE,NaN,NaN,NaN
3523.0,393.0988585426823,0.0,0.09439078794716967,NaN,-0.23336185996858008,NaN,NaN,NaN,NaN,NaN,OFFLINE,NaN,NaN,NaN
3524.0,393.1421610930084,0.0,0.09479052988753756,NaN,-0.23316345958099946,NaN,NaN,NaN,NaN,NaN,OFFLINE,NaN,NaN,NaN
3525.0,393.1843563665142,0.0,0.09564361959725676,NaN,-0.2329387228587845,NaN,NaN,NaN,NaN,NaN,OFFLINE,NaN,NaN,NaN
3526.0,393.22583370015514,0.0,0.09522362201921955,NaN,-0.2327649030501963,NaN,NaN,NaN,NaN,NaN,OFFLINE,NaN,NaN,NaN
3527.0,393.26845411632485,0.0,0.09361595865571827,NaN,-0.23263497713266573,NaN,NaN,NaN,NaN,NaN,OFFLINE,NaN,NaN,NaN
3528.0,393.3126392425753,0.0,0.09335831308263662,NaN,-0.23265780195601563,NaN,NaN,NaN,NaN,NaN,OFFLINE,NaN,NaN,NaN
3529.0,393.3534560871106,0.0,0.0912311642237577,NaN,-0.23284215629845767,NaN,NaN,NaN,NaN,NaN,OFFLINE,NaN,NaN,NaN
3530.0,393.39057691710707,0.0,0.09008007111741875,NaN,-0.23302475488525734,NaN,NaN,NaN,NaN,NaN,OFFLINE,NaN,NaN,NaN
3531.0,393.4271020304586,0.0,0.0897939858106398,NaN,-0.23310727540044568,NaN,NaN,NaN,NaN,NaN,OFFLINE,NaN,NaN,NaN
3532.0,393.46232376031696,0.0,0.08992073699787353,NaN,-0.23315292504714558,NaN,NaN,NaN,NaN,NaN,OFFLINE,NaN,NaN,NaN
3533.0,393.49551402166173,0.0,0.0911512669862843,NaN,-0.23342155566041828,NaN,NaN,NaN,NaN,NaN,OFFLINE,NaN,NaN,NaN
3534.0,393.5255204945579,0.0,0.0915159196149321,NaN,-0.23342857868298747,NaN,NaN,NaN,NaN,NaN,OFFLINE,NaN,NaN,NaN
3535.0,393.5541557471358,0.0,0.09165903899422186,NaN,-0.23341628839349135,NaN,NaN,NaN,NaN,NaN,OFFLINE,NaN,NaN,NaN
3536.0,393.5804103870619,0.0,0.09159996005101968,NaN,-0.23353743553281045,NaN,NaN,NaN,NaN,NaN,OFFLINE,NaN,NaN,NaN
3537.0,393.60346515262967,0.0,0.09346373446959737,NaN,-0.23340048659271076,NaN,NaN,NaN,NaN,NaN,OFFLINE,NaN,NaN,NaN
3538.0,393.62405504939187,0.0,0.09372322146428531,NaN,-0.2332881182316033,NaN,NaN,NaN,NaN,NaN,OFFLINE,NaN,NaN,NaN
3539.0,393.6413673254605,0.0,0.09449232188851711,NaN,-0.23351109919817611,NaN,NaN,NaN,NaN,NaN,OFFLINE,NaN,NaN,NaN
3540.0,393.65707567650077,0.0,0.09569543515523406,NaN,-0.23352865675459916,NaN,NaN,NaN,NaN,NaN,OFFLINE,NaN,NaN,NaN
3541.0,393.66867593290306,0.0,0.09688898325971829,NaN,-0.2334408689724838,NaN,NaN,NaN,NaN,NaN,OFFLINE,NaN,NaN,NaN
3542.0,393.6772587966434,0.0,0.0983824784836289,NaN,-0.23357079489001442,NaN,NaN,NaN,NaN,NaN,OFFLINE,NaN,NaN,NaN
3543.0,393.68076662108075,0.0,0.09913587567360696,NaN,-0.23342331141606076,NaN,NaN,NaN,NaN,NaN,OFFLINE,NaN,NaN,NaN
3544.0,393.6807990280827,0.0,0.0995572031672487,NaN,-0.23317399411485337,NaN,NaN,NaN,NaN,NaN,OFFLINE,NaN,NaN,NaN
3545.0,393.6795922669059,0.0,0.10047320811518319,NaN,-0.23354445855537978,NaN,NaN,NaN,NaN,NaN,OFFLINE,NaN,NaN,NaN
3546.0,393.6740421147533,0.0,0.10146997986079406,NaN,-0.2334461362394107,NaN,NaN,NaN,NaN,NaN,OFFLINE,NaN,NaN,NaN
3547.0,393.66634926938696,0.0,0.10084834661686688,NaN,-0.2336814074954796,NaN,NaN,NaN,NaN,NaN,OFFLINE,NaN,NaN,NaN
3548.0,393.6523989021618,0.0,0.10056957584591296,NaN,-0.23363400209313734,NaN,NaN,NaN,NaN,NaN,OFFLINE,NaN,NaN,NaN
3549.0,393.6350905639003,0.0,0.10066461366103817,NaN,-0.2338060661460833,NaN,NaN,NaN,NaN,NaN,OFFLINE,NaN,NaN,NaN
3550.0,393.6142041468958,0.0,0.10089867880743912,NaN,-0.2338060661460833,NaN,NaN,NaN,NaN,NaN,OFFLINE,NaN,NaN,NaN
3551.0,393.5897207298675,0.0,0.10070185129796559,NaN,-0.2337604164993834,NaN,NaN,NaN,NaN,NaN,OFFLINE,NaN,NaN,NaN
3552.0,393.56139169390934,0.0,0.09989428562240217,NaN,-0.23359010820207987,NaN,NaN,NaN,NaN,NaN,OFFLINE,NaN,NaN,NaN
3553.0,393.53305115568446,0.0,0.09941633441436666,NaN,-0.23385698305971028,NaN,NaN,NaN,NaN,NaN,OFFLINE,NaN,NaN,NaN
3554.0,393.50028346881163,0.0,0.09894677190475985,NaN,-0.2336849190067643,NaN,NaN,NaN,NaN,NaN,OFFLINE,NaN,NaN,NaN
3555.0,393.4643229955466,0.0,0.09883245031336865,NaN,-0.2334408689724839,NaN,NaN,NaN,NaN,NaN,OFFLINE,NaN,NaN,NaN
3556.0,393.42687977676394,0.0,0.09924758858438923,NaN,-0.23377270678887954,NaN,NaN,NaN,NaN,NaN,OFFLINE,NaN,NaN,NaN
3557.0,393.38507446563256,0.0,0.1002843089487368,NaN,-0.23381660067993712,NaN,NaN,NaN,NaN,NaN,OFFLINE,NaN,NaN,NaN
3558.0,393.3417623879333,0.0,0.10103806419291608,NaN,-0.23401148955623305,NaN,NaN,NaN,NaN,NaN,OFFLINE,NaN,NaN,NaN
3559.0,393.29593667521016,0.0,0.10128026228474486,NaN,-0.2338359139920025,NaN,NaN,NaN,NaN,NaN,OFFLINE,NaN,NaN,NaN
3560.0,393.24761060565595,0.0,0.10230895200486495,NaN,-0.2338078219017256,NaN,NaN,NaN,NaN,NaN,OFFLINE,NaN,NaN,NaN
3561.0,393.19939022121605,0.0,0.10320628698373556,NaN,-0.23377095103323717,NaN,NaN,NaN,NaN,NaN,OFFLINE,NaN,NaN,NaN
3562.0,393.1498448492517,0.0,0.10361871427294685,NaN,-0.23387454061613316,NaN,NaN,NaN,NaN,NaN,OFFLINE,NaN,NaN,NaN
3563.0,393.0950644389664,0.0,0.10404403151340225,NaN,-0.23373056865346414,NaN,NaN,NaN,NaN,NaN,OFFLINE,NaN,NaN,NaN
3564.0,393.043346464458,0.0,0.10383549051648865,NaN,-0.23364804813827583,NaN,NaN,NaN,NaN,NaN,OFFLINE,NaN,NaN,NaN
3565.0,392.98822171786554,0.0,0.1037691993386618,NaN,-0.23366560569469888,NaN,NaN,NaN,NaN,NaN,OFFLINE,NaN,NaN,NaN
3566.0,392.93348351196727,0.0,0.10342572305848645,NaN,-0.233303920032384,NaN,NaN,NaN,NaN,NaN,OFFLINE,NaN,NaN,NaN
3567.0,392.87872589440605,0.0,0.10234429706958591,NaN,-0.23328109520903403,NaN,NaN,NaN,NaN,NaN,OFFLINE,NaN,NaN,NaN
3568.0,392.82421749009706,0.0,0.10230485995685096,NaN,-0.2331511692915035,NaN,NaN,NaN,NaN,NaN,OFFLINE,NaN,NaN,NaN
3569.0,392.7694171272011,0.0,0.10308746413952896,NaN,-0.2330247548852576,NaN,NaN,NaN,NaN,NaN,OFFLINE,NaN,NaN,NaN
3570.0,392.71638831963645,0.0,0.10250189206872518,NaN,-0.23318277289306497,NaN,NaN,NaN,NaN,NaN,OFFLINE,NaN,NaN,NaN
3571.0,392.6639277325871,0.0,0.1027349853537228,NaN,-0.23322842253976492,NaN,NaN,NaN,NaN,NaN,OFFLINE,NaN,NaN,NaN
3572.0,392.61238578144645,0.0,0.10331534006330872,NaN,-0.23318628440434958,NaN,NaN,NaN,NaN,NaN,OFFLINE,NaN,NaN,NaN
3573.0,392.564699855318,0.0,0.10297529087334512,NaN,-0.23340750961527998,NaN,NaN,NaN,NaN,NaN,OFFLINE,NaN,NaN,NaN
3574.0,392.5149495041658,0.0,0.10344296081074544,NaN,-0.2334952973973953,NaN,NaN,NaN,NaN,NaN,OFFLINE,NaN,NaN,NaN
3575.0,392.4673109151141,0.0,0.10397707537777313,NaN,-0.23329514125417247,NaN,NaN,NaN,NaN,NaN,OFFLINE,NaN,NaN,NaN
3576.0,392.41892988431135,0.0,0.10459098488107388,NaN,-0.233367127235507,NaN,NaN,NaN,NaN,NaN,OFFLINE,NaN,NaN,NaN
3577.0,392.37438046058224,0.0,0.10566197614753872,NaN,-0.233354836946011,NaN,NaN,NaN,NaN,NaN,OFFLINE,NaN,NaN,NaN
3578.0,392.33178995374243,0.0,0.10566172039453785,NaN,-0.23340575385963777,NaN,NaN,NaN,NaN,NaN,OFFLINE,NaN,NaN,NaN
3579.0,392.2927211638952,0.0,0.10542438160972568,NaN,-0.2338341582363603,NaN,NaN,NaN,NaN,NaN,OFFLINE,NaN,NaN,NaN
3580.0,392.25617836424084,0.0,0.10568627268262186,NaN,-0.23375514923245658,NaN,NaN,NaN,NaN,NaN,OFFLINE,NaN,NaN,NaN
3581.0,392.21819699354506,0.0,0.1051607002658234,NaN,-0.23396408415389075,NaN,NaN,NaN,NaN,NaN,OFFLINE,NaN,NaN,NaN
3582.0,392.18275184359214,0.0,0.1044651544046433,NaN,-0.23402904711265599,NaN,NaN,NaN,NaN,NaN,OFFLINE,NaN,NaN,NaN
3583.0,392.14993768012005,0.0,0.10534218259524442,NaN,-0.23378499707837558,NaN,NaN,NaN,NaN,NaN,OFFLINE,NaN,NaN,NaN
3584.0,392.1231058923175,0.0,0.1057812593471469,NaN,-0.23378324132273332,NaN,NaN,NaN,NaN,NaN,OFFLINE,NaN,NaN,NaN
3585.0,392.0976286040201,0.0,0.10551394631063217,NaN,-0.23380606614608332,NaN,NaN,NaN,NaN,NaN,OFFLINE,NaN,NaN,NaN
3586.0,392.0763614057542,0.0,0.10539906206263905,NaN,-0.2340413374021522,NaN,NaN,NaN,NaN,NaN,OFFLINE,NaN,NaN,NaN
3587.0,392.05484959372956,0.0,0.10556535266380808,NaN,-0.23400797804494833,NaN,NaN,NaN,NaN,NaN,OFFLINE,NaN,NaN,NaN
3588.0,392.0399728657545,0.0,0.10615997839084285,NaN,-0.23411332338348667,NaN,NaN,NaN,NaN,NaN,OFFLINE,NaN,NaN,NaN
3589.0,392.0248876118332,0.0,0.10672933572139114,NaN,-0.23368491900676416,NaN,NaN,NaN,NaN,NaN,OFFLINE,NaN,NaN,NaN
3590.0,392.01133362515105,0.0,0.10743685082301219,NaN,-0.23362346755928348,NaN,NaN,NaN,NaN,NaN,OFFLINE,NaN,NaN,NaN
3591.0,392.00395534462535,0.0,0.10820150114502876,NaN,-0.23343735746119926,NaN,NaN,NaN,NaN,NaN,OFFLINE,NaN,NaN,NaN
3592.0,391.99923374769963,0.0,0.10917914256617417,NaN,-0.23334079090087248,NaN,NaN,NaN,NaN,NaN,OFFLINE,NaN,NaN,NaN
3593.0,391.9986211166544,0.0,0.10907571605262024,NaN,-0.23352690099895693,NaN,NaN,NaN,NaN,NaN,OFFLINE,NaN,NaN,NaN
3594.0,391.998234833587,0.0,0.10967126249045815,NaN,-0.2338130891686527,NaN,NaN,NaN,NaN,NaN,OFFLINE,NaN,NaN,NaN
3595.0,392.00402011955987,0.0,0.10978420301564464,NaN,-0.2336111772697875,NaN,NaN,NaN,NaN,NaN,OFFLINE,NaN,NaN,NaN
3596.0,392.0116429536668,0.0,0.1100620530757954,NaN,-0.23346018228454907,NaN,NaN,NaN,NaN,NaN,OFFLINE,NaN,NaN,NaN
3597.0,392.02264534947614,0.0,0.11015422645731082,NaN,-0.2332863624759609,NaN,NaN,NaN,NaN,NaN,OFFLINE,NaN,NaN,NaN
3598.0,392.03451683306207,0.0,0.10998133742871921,NaN,-0.2332020862051303,NaN,NaN,NaN,NaN,NaN,OFFLINE,NaN,NaN,NaN
3599.0,392.05155155887553,0.0,0.10941643020038615,NaN,-0.23343033443862998,NaN,NaN,NaN,NaN,NaN,OFFLINE,NaN,NaN,NaN
